{"type":"FeatureCollection","features":[{"type":"Feature","properties":{"sub":"Roads","name":null,"area":163.92894193,"main":"Transport","domain":"Built-up"},"geometry":{"type":"MultiPolygon","coordinates":[[[[79.872044,6.844484],[79.871953,6.844582],[79.87191,6.844599],[79.871828,6.844565],[79.871776,6.844556],[79.87175,6.844569],[79.871655,6.84469],[79.871698,6.844716],[79.871759,6.844629],[79.871785,6.844608],[79.871824,6.844595],[79.871858,6.844608],[79.871914,6.844647],[79.871936,6.844656],[79.871957,6.844656],[79.87197,6.844651],[79.871983,6.844626],[79.872066,6.844515],[79.872044,6.844484]]],[[[79.87161,6.84388],[79.871562,6.843947],[79.871445,6.844154],[79.871475,6.844176],[79.87163,6.843907],[79.87161,6.84388]]],[[[79.871298,6.843438],[79.871205,6.843331],[79.87046,6.84278],[79.870423,6.842757],[79.870419,6.84275],[79.870257,6.84263],[79.869872,6.842421],[79.869842,6.842426],[79.869791,6.842424],[79.869884,6.842449],[79.869984,6.842507],[79.870024,6.842539],[79.870083,6.842582],[79.870238,6.842663],[79.870315,6.842716],[79.87037,6.842792],[79.870476,6.842853],[79.870566,6.842898],[79.870609,6.842944],[79.87069,6.842995],[79.870846,6.843106],[79.87101,6.843199],[79.871137,6.84329],[79.871063,6.843392],[79.87088,6.843592],[79.870658,6.84382],[79.870541,6.843952],[79.87034,6.844174],[79.870069,6.844486],[79.86988,6.844739],[79.869773,6.844596],[79.869602,6.84441],[79.869475,6.844312],[79.869335,6.844219],[79.869283,6.844173],[79.869226,6.844181],[79.869165,6.844176],[79.869133,6.844164],[79.869041,6.844145],[79.868809,6.844106],[79.868688,6.844072],[79.868534,6.84404],[79.8683,6.843988],[79.868203,6.843935],[79.867884,6.843888],[79.867701,6.843884],[79.867485,6.843854],[79.867452,6.843807],[79.867282,6.84384],[79.866985,6.843866],[79.866938,6.843877],[79.866832,6.843879],[79.866783,6.843884],[79.866736,6.843897],[79.866635,6.843914],[79.866553,6.843943],[79.866466,6.843965],[79.86641,6.843965],[79.866429,6.843806],[79.866504,6.84342],[79.866523,6.843348],[79.866658,6.843373],[79.866786,6.843405],[79.866844,6.843412],[79.866953,6.843422],[79.867111,6.843407],[79.867236,6.843406],[79.867334,6.843413],[79.867359,6.843437],[79.867378,6.843466],[79.867466,6.843465],[79.867455,6.843393],[79.867404,6.843379],[79.867325,6.843363],[79.867188,6.843363],[79.86697,6.843376],[79.866827,6.843371],[79.866728,6.843342],[79.866627,6.843325],[79.866535,6.843302],[79.866643,6.842896],[79.86668,6.842774],[79.86673,6.842746],[79.866946,6.842803],[79.867223,6.842865],[79.867336,6.842895],[79.867436,6.842898],[79.867556,6.842906],[79.867704,6.842928],[79.867782,6.842947],[79.867828,6.84298],[79.867882,6.843006],[79.867917,6.84305],[79.867947,6.843076],[79.867996,6.843103],[79.868029,6.843134],[79.868229,6.843176],[79.868298,6.843221],[79.868567,6.843233],[79.868806,6.843228],[79.869028,6.843177],[79.869118,6.843162],[79.86919,6.843146],[79.869265,6.843143],[79.869327,6.843165],[79.869362,6.843183],[79.869415,6.843183],[79.869637,6.843192],[79.869683,6.843188],[79.869657,6.843169],[79.869616,6.843159],[79.869498,6.843154],[79.869394,6.843144],[79.869314,6.843125],[79.869285,6.843113],[79.869208,6.843108],[79.869116,6.84311],[79.869072,6.84312],[79.869022,6.843146],[79.868942,6.843175],[79.868874,6.843187],[79.868761,6.843196],[79.868543,6.843205],[79.8684,6.843194],[79.868272,6.843142],[79.868113,6.843091],[79.868007,6.84305],[79.867932,6.842992],[79.867891,6.842938],[79.867836,6.842911],[79.867609,6.842876],[79.86745,6.842857],[79.867323,6.842854],[79.866792,6.842706],[79.866711,6.842671],[79.866797,6.842387],[79.866923,6.842014],[79.86695,6.842025],[79.867036,6.842046],[79.867224,6.842079],[79.867358,6.842122],[79.867524,6.842155],[79.867599,6.842155],[79.86777,6.842182],[79.867851,6.842187],[79.867937,6.842214],[79.868146,6.842295],[79.868218,6.842294],[79.868313,6.842322],[79.868618,6.842333],[79.868699,6.842371],[79.868789,6.842419],[79.86887,6.842423],[79.869189,6.842429],[79.869337,6.842434],[79.869509,6.842428],[79.869097,6.842409],[79.868833,6.842399],[79.86878,6.842387],[79.868721,6.842353],[79.86866,6.842316],[79.86859,6.842303],[79.868506,6.842297],[79.868398,6.842295],[79.868306,6.84229],[79.868237,6.842274],[79.868149,6.842243],[79.867914,6.842175],[79.867521,6.842125],[79.867439,6.842111],[79.866951,6.841998],[79.866882,6.841979],[79.866779,6.841963],[79.866725,6.842143],[79.866622,6.84245],[79.866531,6.842714],[79.866519,6.84271],[79.866306,6.842685],[79.866306,6.84268],[79.865803,6.842616],[79.865225,6.842552],[79.864852,6.842506],[79.86419,6.842434],[79.864214,6.8422],[79.86424,6.842],[79.864263,6.841958],[79.864289,6.841945],[79.864407,6.841955],[79.86443,6.841952],[79.864437,6.841945],[79.86445,6.841919],[79.864478,6.841619],[79.864429,6.841612],[79.864417,6.841779],[79.864407,6.841894],[79.864394,6.84191],[79.864375,6.841914],[79.864332,6.841914],[79.864299,6.84191],[79.86427,6.841917],[79.86423,6.841936],[79.864194,6.841969],[79.864175,6.842002],[79.864141,6.842375],[79.864132,6.842432],[79.863182,6.842321],[79.862922,6.842284],[79.862932,6.842169],[79.862987,6.841695],[79.863014,6.8414],[79.862962,6.841393],[79.862937,6.841598],[79.862907,6.841967],[79.862884,6.842174],[79.862865,6.842379],[79.862858,6.842659],[79.862857,6.842936],[79.862587,6.842931],[79.862235,6.842915],[79.862229,6.842963],[79.862209,6.843001],[79.862231,6.842962],[79.862642,6.842977],[79.862798,6.842985],[79.862798,6.842988],[79.862815,6.842987],[79.862815,6.842984],[79.862856,6.842984],[79.86286,6.84317],[79.862844,6.843485],[79.862828,6.84387],[79.862815,6.844045],[79.862797,6.845224],[79.862788,6.846403],[79.862773,6.846757],[79.862747,6.847171],[79.862719,6.847456],[79.86268,6.847752],[79.862555,6.848548],[79.862453,6.84916],[79.862226,6.850566],[79.862002,6.851702],[79.861807,6.852429],[79.861673,6.852871],[79.861522,6.853452],[79.861348,6.854091],[79.86121,6.854625],[79.861042,6.855248],[79.860986,6.855443],[79.860964,6.855537],[79.860889,6.855838],[79.860842,6.856054],[79.860755,6.856473],[79.860633,6.857077],[79.860609,6.857204],[79.860503,6.857708],[79.860391,6.858267],[79.860348,6.858512],[79.860292,6.858902],[79.86026,6.859182],[79.860215,6.859657],[79.860117,6.860573],[79.860072,6.86106],[79.859989,6.861909],[79.859914,6.862601],[79.860118,6.862602],[79.860126,6.862519],[79.860407,6.862462],[79.860922,6.862403],[79.861364,6.862335],[79.862031,6.862253],[79.862402,6.862269],[79.862629,6.862347],[79.862835,6.862473],[79.862923,6.862477],[79.863037,6.86245],[79.863105,6.862444],[79.863196,6.86243],[79.863263,6.86241],[79.863357,6.862394],[79.863435,6.862387],[79.863603,6.862377],[79.863711,6.862367],[79.863728,6.862374],[79.863556,6.863166],[79.863562,6.86317],[79.863546,6.863232],[79.863614,6.863277],[79.863678,6.863324],[79.863692,6.863266],[79.863689,6.863265],[79.863725,6.863069],[79.863771,6.863067],[79.863784,6.86308],[79.863807,6.863128],[79.863842,6.863189],[79.86386,6.863214],[79.863893,6.863247],[79.864001,6.863313],[79.864189,6.863397],[79.864242,6.863415],[79.864376,6.863502],[79.864592,6.863611],[79.864716,6.863664],[79.86497,6.863733],[79.865033,6.863754],[79.865107,6.863782],[79.865358,6.863848],[79.865378,6.863846],[79.865422,6.863823],[79.865442,6.863787],[79.865455,6.86375],[79.865501,6.863501],[79.865542,6.86318],[79.865569,6.862898],[79.865575,6.862877],[79.86558,6.862865],[79.865598,6.862846],[79.865679,6.862854],[79.865744,6.862865],[79.866101,6.862944],[79.86627,6.862974],[79.866406,6.863009],[79.866825,6.863091],[79.867167,6.863173],[79.867237,6.863231],[79.867256,6.863261],[79.867261,6.863285],[79.867245,6.863466],[79.867199,6.863879],[79.866687,6.86386],[79.866386,6.86386],[79.866381,6.863893],[79.867196,6.863912],[79.867182,6.864071],[79.867148,6.864374],[79.867034,6.864377],[79.866337,6.864417],[79.866208,6.864415],[79.866205,6.86446],[79.866254,6.864468],[79.866517,6.864457],[79.866613,6.864457],[79.866764,6.86445],[79.867155,6.864421],[79.867153,6.864455],[79.867196,6.864452],[79.867193,6.86442],[79.867311,6.864417],[79.867389,6.864402],[79.867466,6.864398],[79.867562,6.86438],[79.867746,6.864307],[79.867805,6.864278],[79.867878,6.864219],[79.86803,6.864043],[79.868159,6.863922],[79.868314,6.863767],[79.868373,6.863698],[79.868389,6.863711],[79.868453,6.863648],[79.868412,6.863613],[79.868413,6.863609],[79.86852,6.863492],[79.86869,6.863283],[79.868841,6.863088],[79.868944,6.862945],[79.86904,6.862787],[79.869218,6.862552],[79.869391,6.86234],[79.869435,6.862278],[79.869465,6.862249],[79.869531,6.862193],[79.869568,6.862175],[79.869597,6.862164],[79.869667,6.862157],[79.869778,6.862135],[79.870098,6.862088],[79.870474,6.862024],[79.870621,6.862013],[79.87079,6.861973],[79.870993,6.861937],[79.871346,6.861882],[79.871409,6.861868],[79.871571,6.861857],[79.871862,6.861819],[79.872819,6.861729],[79.873058,6.861715],[79.873382,6.861686],[79.873698,6.861664],[79.873698,6.86173],[79.87376,6.861733],[79.873771,6.861732],[79.873771,6.861667],[79.873809,6.861663],[79.874071,6.861656],[79.874196,6.861641],[79.874527,6.861626],[79.874671,6.861627],[79.874903,6.861593],[79.875013,6.86157],[79.875196,6.861525],[79.875348,6.861495],[79.875469,6.861457],[79.875606,6.861404],[79.87577,6.861321],[79.875874,6.861271],[79.875908,6.86132],[79.875968,6.861278],[79.875937,6.861232],[79.876,6.861191],[79.876072,6.861153],[79.876163,6.861096],[79.876239,6.861039],[79.876319,6.861005],[79.876411,6.860922],[79.876521,6.860728],[79.876609,6.860603],[79.876651,6.860535],[79.876681,6.860508],[79.876769,6.860402],[79.876858,6.86026],[79.876896,6.860207],[79.876954,6.860116],[79.876988,6.860017],[79.877045,6.859903],[79.877121,6.859767],[79.877207,6.859587],[79.877337,6.859249],[79.877448,6.85901],[79.877509,6.858816],[79.877585,6.858672],[79.877663,6.85845],[79.877686,6.858408],[79.877721,6.858355],[79.877747,6.858287],[79.877808,6.858185],[79.877831,6.858101],[79.877869,6.85801],[79.877957,6.857836],[79.877984,6.857775],[79.878039,6.857678],[79.878058,6.857572],[79.878062,6.8575],[79.878044,6.857287],[79.878017,6.857086],[79.878,6.857023],[79.877986,6.856769],[79.87796,6.856537],[79.877918,6.856237],[79.877896,6.856093],[79.87786,6.855954],[79.87786,6.855848],[79.877838,6.855734],[79.877834,6.855551],[79.877834,6.855403],[79.877838,6.855301],[79.877739,6.854816],[79.877712,6.854657],[79.87769,6.854604],[79.87769,6.854524],[79.877671,6.854418],[79.877671,6.854353],[79.877683,6.854323],[79.877683,6.854281],[79.877647,6.854154],[79.877628,6.854036],[79.877609,6.853986],[79.877602,6.853937],[79.877602,6.853888],[79.877583,6.85369],[79.877568,6.853626],[79.87757,6.853502],[79.877559,6.853453],[79.87754,6.853411],[79.877506,6.85321],[79.877495,6.853084],[79.877495,6.852963],[79.877488,6.852917],[79.877461,6.852856],[79.877446,6.852788],[79.877442,6.85275],[79.877448,6.852691],[79.877429,6.8526],[79.877422,6.852414],[79.877403,6.852376],[79.877403,6.852292],[79.8774,6.852251],[79.877365,6.85219],[79.877358,6.852152],[79.877354,6.852042],[79.87732,6.851886],[79.877311,6.851728],[79.877289,6.851645],[79.877289,6.851573],[79.877278,6.851428],[79.877251,6.851311],[79.877248,6.851216],[79.87724,6.851105],[79.877214,6.850973],[79.877179,6.850583],[79.877156,6.850397],[79.877141,6.850352],[79.877119,6.85015],[79.877115,6.850055],[79.877083,6.849704],[79.877133,6.849693],[79.877148,6.849791],[79.877132,6.849678],[79.877132,6.849654],[79.877139,6.849653],[79.877138,6.849626],[79.877095,6.849635],[79.877092,6.849235],[79.877128,6.848864],[79.877149,6.847908],[79.877188,6.8471],[79.877085,6.847101],[79.876602,6.847072],[79.876505,6.847076],[79.875849,6.847078],[79.875422,6.847084],[79.875386,6.847081],[79.875248,6.847102],[79.875129,6.847118],[79.875037,6.847127],[79.874949,6.847124],[79.874893,6.84712],[79.874802,6.847104],[79.874712,6.847096],[79.874608,6.847097],[79.874607,6.847094],[79.874569,6.847091],[79.874509,6.84709],[79.874104,6.847136],[79.873987,6.847154],[79.873902,6.847161],[79.873787,6.847164],[79.873737,6.847168],[79.873656,6.846914],[79.873659,6.846912],[79.873643,6.846872],[79.873304,6.846319],[79.873288,6.846285],[79.873149,6.846095],[79.873124,6.846067],[79.873049,6.84599],[79.872916,6.845865],[79.872838,6.845787],[79.872824,6.845776],[79.872832,6.845724],[79.872731,6.84558],[79.872688,6.845418],[79.872604,6.845272],[79.87255,6.845167],[79.872363,6.844899],[79.87247,6.845084],[79.872479,6.845127],[79.872472,6.845149],[79.872446,6.845159],[79.872244,6.845278],[79.87202,6.845434],[79.871836,6.84555],[79.871756,6.845618],[79.871667,6.845679],[79.871501,6.845807],[79.871443,6.845883],[79.8714,6.84592],[79.871366,6.84593],[79.871342,6.84592],[79.871266,6.845848],[79.871132,6.845771],[79.871036,6.845709],[79.870778,6.845555],[79.870735,6.845512],[79.870663,6.845411],[79.870577,6.84532],[79.870496,6.845253],[79.870424,6.845186],[79.870329,6.845138],[79.870223,6.84509],[79.870085,6.845003],[79.869999,6.844922],[79.869922,6.84484],[79.869903,6.844793],[79.870061,6.844626],[79.870433,6.844129],[79.871086,6.843437],[79.871132,6.843393],[79.871167,6.843352],[79.8714,6.843583],[79.871298,6.843438]],[[79.862916,6.842357],[79.863132,6.842376],[79.863515,6.842423],[79.864046,6.84247],[79.864423,6.842516],[79.86477,6.842549],[79.865163,6.842606],[79.865424,6.842632],[79.865692,6.842664],[79.866017,6.842706],[79.866437,6.842752],[79.866513,6.842765],[79.866455,6.842933],[79.866417,6.843111],[79.866384,6.843132],[79.866331,6.843132],[79.866271,6.843127],[79.866228,6.843127],[79.86604,6.843105],[79.865976,6.843094],[79.865524,6.843061],[79.865228,6.843044],[79.864749,6.843038],[79.864598,6.843043],[79.864367,6.843015],[79.864055,6.843009],[79.86363,6.842993],[79.863125,6.842943],[79.862931,6.842932],[79.862899,6.842932],[79.862899,6.842706],[79.862905,6.84248],[79.862916,6.842357]],[[79.862907,6.842989],[79.863226,6.843013],[79.863376,6.843035],[79.863743,6.84307],[79.864332,6.843093],[79.864617,6.843089],[79.865457,6.843123],[79.865938,6.843158],[79.866116,6.843173],[79.866354,6.843176],[79.866422,6.84318],[79.866391,6.843281],[79.866352,6.843482],[79.866286,6.843944],[79.865744,6.843935],[79.865472,6.843923],[79.865468,6.843963],[79.86628,6.843988],[79.866255,6.844196],[79.866235,6.84442],[79.866221,6.84443],[79.866096,6.844444],[79.86588,6.844448],[79.865394,6.844428],[79.86495,6.844415],[79.864718,6.844402],[79.864444,6.844395],[79.864403,6.844371],[79.864401,6.844291],[79.864408,6.843788],[79.864424,6.843738],[79.864464,6.843718],[79.864654,6.843697],[79.864805,6.843708],[79.865373,6.843723],[79.865379,6.843671],[79.865024,6.843663],[79.864715,6.843645],[79.863753,6.843604],[79.863549,6.843593],[79.863119,6.843565],[79.862888,6.843561],[79.862893,6.843487],[79.862906,6.843132],[79.862907,6.842989]],[[79.862877,6.843738],[79.86288,6.84364],[79.863137,6.843654],[79.863111,6.844284],[79.862862,6.844276],[79.862853,6.844185],[79.862877,6.843738]],[[79.863211,6.843655],[79.863248,6.843626],[79.864296,6.843681],[79.864348,6.843698],[79.864364,6.84375],[79.864364,6.84397],[79.864359,6.844327],[79.864343,6.844359],[79.86431,6.844367],[79.863831,6.844334],[79.86347,6.844293],[79.863222,6.844284],[79.863198,6.84428],[79.86319,6.844195],[79.863195,6.843695],[79.863211,6.843655]],[[79.863896,6.844955],[79.863937,6.844942],[79.863978,6.844944],[79.863996,6.844986],[79.864,6.845251],[79.86418,6.845254],[79.864492,6.845249],[79.864665,6.845245],[79.864819,6.845254],[79.864875,6.845251],[79.864887,6.845588],[79.864898,6.84568],[79.864893,6.845703],[79.864834,6.845706],[79.864306,6.84569],[79.863989,6.845676],[79.863646,6.845665],[79.863625,6.84565],[79.863623,6.845621],[79.863628,6.845346],[79.863625,6.845093],[79.86363,6.845049],[79.863674,6.84499],[79.863703,6.844962],[79.863741,6.844947],[79.863896,6.844955]],[[79.86287,6.844312],[79.863082,6.844321],[79.863575,6.844354],[79.863826,6.844389],[79.864001,6.8444],[79.864013,6.844405],[79.864021,6.84442],[79.863981,6.844825],[79.863966,6.844876],[79.863942,6.84491],[79.863904,6.84492],[79.863718,6.844917],[79.863687,6.84493],[79.863659,6.844953],[79.863628,6.845004],[79.863612,6.84502],[79.863592,6.84503],[79.863416,6.84503],[79.863119,6.845024],[79.863111,6.844972],[79.863109,6.844972],[79.863119,6.845048],[79.86324,6.845054],[79.863583,6.845054],[79.863595,6.845088],[79.863598,6.845165],[79.86359,6.845328],[79.863072,6.845337],[79.863072,6.845363],[79.863587,6.845364],[79.863597,6.845379],[79.863593,6.845531],[79.863588,6.845634],[79.863598,6.84567],[79.863611,6.845691],[79.863626,6.845704],[79.86365,6.845714],[79.864354,6.845749],[79.864715,6.84577],[79.864955,6.845771],[79.865275,6.845779],[79.865306,6.845784],[79.8653,6.845944],[79.865362,6.845939],[79.865362,6.845717],[79.865078,6.845711],[79.865011,6.845706],[79.864929,6.845708],[79.864935,6.845669],[79.864933,6.845647],[79.864935,6.845608],[79.864914,6.845503],[79.864928,6.845391],[79.864928,6.845338],[79.864915,6.845216],[79.864853,6.845219],[79.864466,6.84519],[79.86433,6.845198],[79.86425,6.845226],[79.864062,6.845218],[79.864038,6.845205],[79.864033,6.845171],[79.864019,6.844829],[79.864035,6.844584],[79.864049,6.84444],[79.86407,6.844427],[79.864119,6.844427],[79.86466,6.844459],[79.864932,6.844465],[79.865303,6.844483],[79.865646,6.844494],[79.865941,6.844508],[79.866054,6.84451],[79.866147,6.844516],[79.866198,6.844529],[79.866214,6.844544],[79.866159,6.845077],[79.866143,6.845296],[79.866101,6.845722],[79.86609,6.845855],[79.866064,6.846061],[79.866049,6.846164],[79.866049,6.846282],[79.866018,6.846455],[79.865998,6.846689],[79.865965,6.846937],[79.865963,6.846995],[79.865951,6.847003],[79.865525,6.846958],[79.864041,6.846786],[79.864064,6.846535],[79.864075,6.846454],[79.864036,6.84645],[79.864005,6.846782],[79.862817,6.846637],[79.862829,6.846035],[79.862841,6.845577],[79.862845,6.845028],[79.862845,6.844975],[79.862848,6.844975],[79.862855,6.844557],[79.862849,6.844343],[79.86287,6.844312]],[[79.86309,6.846736],[79.863141,6.846744],[79.863247,6.846769],[79.864004,6.846851],[79.864299,6.846873],[79.865002,6.846948],[79.864975,6.847392],[79.864964,6.84742],[79.864953,6.84743],[79.86482,6.847427],[79.864795,6.84743],[79.864777,6.847441],[79.864759,6.847553],[79.864795,6.84755],[79.864816,6.847469],[79.86483,6.847462],[79.864981,6.847459],[79.865024,6.847462],[79.86501,6.847416],[79.865048,6.846955],[79.865241,6.846984],[79.865579,6.847016],[79.865831,6.847045],[79.865912,6.847049],[79.865944,6.847052],[79.865959,6.847067],[79.865911,6.848042],[79.865907,6.848049],[79.865887,6.848065],[79.865117,6.848027],[79.864494,6.84801],[79.86401,6.848005],[79.863836,6.847996],[79.86378,6.847984],[79.863727,6.847976],[79.863577,6.84785],[79.863549,6.847822],[79.863375,6.847736],[79.863193,6.847704],[79.863112,6.847683],[79.863051,6.847663],[79.8629,6.847602],[79.862855,6.847574],[79.862823,6.847549],[79.862782,6.847517],[79.86277,6.847503],[79.862816,6.846726],[79.862848,6.846708],[79.86309,6.846736]],[[79.863438,6.847813],[79.863523,6.847874],[79.863603,6.847939],[79.863672,6.847988],[79.863709,6.848008],[79.863745,6.848024],[79.863866,6.848025],[79.864,6.848033],[79.864024,6.848045],[79.864036,6.848073],[79.864032,6.848118],[79.863973,6.84853],[79.863487,6.848496],[79.863518,6.84817],[79.863484,6.84817],[79.863453,6.848493],[79.863242,6.848478],[79.863108,6.848472],[79.86306,6.848456],[79.862996,6.848442],[79.862696,6.8484],[79.862666,6.848384],[79.862675,6.84832],[79.862686,6.848192],[79.862709,6.848055],[79.862737,6.847855],[79.862763,6.847563],[79.862875,6.847634],[79.862952,6.847675],[79.863086,6.847716],[79.863183,6.847732],[79.863244,6.847748],[79.863365,6.847785],[79.863438,6.847813]],[[79.865901,6.848728],[79.865889,6.848742],[79.86587,6.848746],[79.865731,6.84876],[79.865589,6.848764],[79.865248,6.848606],[79.865147,6.848572],[79.865083,6.848575],[79.864948,6.848601],[79.864483,6.848604],[79.864093,6.848619],[79.864034,6.848611],[79.863985,6.848593],[79.864004,6.848518],[79.864028,6.848368],[79.864028,6.848337],[79.864048,6.848169],[79.864066,6.848099],[79.864079,6.848073],[79.864094,6.848058],[79.864138,6.848045],[79.864154,6.848042],[79.86431,6.848037],[79.864786,6.848056],[79.865334,6.848068],[79.865492,6.848078],[79.865705,6.848097],[79.865806,6.8481],[79.865878,6.848108],[79.865899,6.848113],[79.865907,6.848122],[79.865908,6.848408],[79.865901,6.848728]],[[79.86257,6.848658],[79.8626,6.848485],[79.862829,6.848493],[79.862917,6.848498],[79.863163,6.84853],[79.863495,6.84858],[79.863645,6.84859],[79.863757,6.848601],[79.863946,6.848627],[79.863927,6.848759],[79.863914,6.848793],[79.863906,6.848821],[79.863896,6.848831],[79.863647,6.848808],[79.863466,6.848779],[79.86257,6.848658]],[[79.862565,6.848688],[79.862982,6.848742],[79.863875,6.848868],[79.863888,6.848881],[79.863888,6.84893],[79.863878,6.848971],[79.863875,6.849013],[79.863372,6.848978],[79.86296,6.848933],[79.862722,6.848894],[79.862725,6.84892],[79.862893,6.848946],[79.863313,6.848991],[79.86345,6.848999],[79.863784,6.849031],[79.863901,6.849033],[79.86393,6.848894],[79.863926,6.848883],[79.863939,6.848808],[79.863962,6.848684],[79.863975,6.848635],[79.864086,6.848652],[79.864345,6.848645],[79.864596,6.848627],[79.864903,6.848628],[79.865004,6.84862],[79.865061,6.848605],[79.865124,6.848605],[79.865222,6.848639],[79.86533,6.848685],[79.865495,6.848764],[79.865581,6.848797],[79.865874,6.848772],[79.865893,6.848787],[79.8659,6.8488],[79.865897,6.84889],[79.865906,6.849403],[79.865567,6.849391],[79.865137,6.849386],[79.865021,6.849369],[79.864749,6.849343],[79.864483,6.849304],[79.864335,6.849288],[79.863817,6.849249],[79.863575,6.84921],[79.862795,6.84911],[79.862524,6.849073],[79.862511,6.849068],[79.862511,6.849049],[79.862535,6.848871],[79.862565,6.848688]],[[79.862341,6.850152],[79.862448,6.849531],[79.8634,6.849706],[79.863324,6.85015],[79.862798,6.850057],[79.862791,6.850098],[79.863316,6.850198],[79.863241,6.850627],[79.86321,6.850739],[79.863082,6.850707],[79.862691,6.85065],[79.862463,6.85061],[79.862327,6.850562],[79.862286,6.850508],[79.862293,6.850473],[79.862341,6.850152]],[[79.863795,6.849282],[79.864979,6.849405],[79.865221,6.849427],[79.865394,6.849423],[79.865782,6.849428],[79.865898,6.849438],[79.865914,6.850334],[79.8659,6.850954],[79.865888,6.851092],[79.865753,6.851211],[79.865674,6.851217],[79.865501,6.851191],[79.865111,6.851143],[79.864666,6.851076],[79.864127,6.850945],[79.864137,6.850896],[79.864272,6.850387],[79.864298,6.850378],[79.864327,6.850373],[79.864441,6.850391],[79.864671,6.850446],[79.864683,6.850395],[79.86424,6.850312],[79.86419,6.850524],[79.864092,6.850911],[79.863951,6.850892],[79.863461,6.8508],[79.863259,6.850751],[79.863353,6.850276],[79.863392,6.850022],[79.863408,6.849931],[79.863585,6.849954],[79.86426,6.850057],[79.864419,6.850077],[79.864467,6.850091],[79.864595,6.850118],[79.864599,6.850078],[79.864419,6.850043],[79.864056,6.849992],[79.863714,6.849934],[79.863415,6.849891],[79.863448,6.849702],[79.863549,6.849702],[79.863831,6.849759],[79.864019,6.84979],[79.864182,6.849815],[79.864443,6.849833],[79.864516,6.849847],[79.864673,6.849854],[79.864781,6.849851],[79.864777,6.849806],[79.864315,6.849794],[79.863928,6.849738],[79.863497,6.849654],[79.863445,6.849646],[79.863426,6.849654],[79.863121,6.84959],[79.862843,6.849548],[79.862666,6.84953],[79.862453,6.849494],[79.862501,6.849118],[79.862833,6.849156],[79.863352,6.849219],[79.863795,6.849282]],[[79.862346,6.850642],[79.862378,6.850658],[79.862407,6.85068],[79.862474,6.850719],[79.862522,6.850738],[79.862905,6.850826],[79.863604,6.85098],[79.863604,6.851014],[79.863485,6.851744],[79.863441,6.851761],[79.863333,6.85174],[79.862936,6.851651],[79.862673,6.851604],[79.86266,6.851645],[79.863481,6.851802],[79.863409,6.852224],[79.863373,6.852383],[79.863334,6.85258],[79.862222,6.852318],[79.862094,6.852281],[79.862088,6.852311],[79.862083,6.85231],[79.862081,6.852323],[79.862558,6.852424],[79.862839,6.852497],[79.863083,6.852566],[79.863323,6.852612],[79.863278,6.852841],[79.862938,6.852774],[79.862618,6.852665],[79.861847,6.852463],[79.861974,6.851959],[79.862126,6.851331],[79.862145,6.85123],[79.86214,6.851227],[79.862168,6.851075],[79.862171,6.851076],[79.862241,6.850619],[79.862276,6.850629],[79.862346,6.850642]],[[79.864847,6.851261],[79.865261,6.851316],[79.865263,6.851336],[79.865221,6.851676],[79.86517,6.851918],[79.865142,6.852016],[79.865121,6.852164],[79.865087,6.852327],[79.865081,6.852403],[79.86505,6.852655],[79.865025,6.852681],[79.864988,6.852695],[79.86496,6.852695],[79.864887,6.852689],[79.864797,6.852652],[79.864114,6.852401],[79.863469,6.852212],[79.863545,6.851649],[79.863587,6.851388],[79.863652,6.851017],[79.863663,6.851006],[79.863687,6.850997],[79.864419,6.851164],[79.864421,6.851161],[79.864788,6.851244],[79.864787,6.851247],[79.864847,6.851261]],[[79.865761,6.851363],[79.865782,6.851372],[79.865874,6.851509],[79.865759,6.852648],[79.865722,6.852946],[79.865707,6.852958],[79.865682,6.852975],[79.865654,6.852975],[79.865581,6.852958],[79.865452,6.852919],[79.865157,6.852808],[79.865103,6.852783],[79.865078,6.852752],[79.865064,6.852707],[79.865104,6.85246],[79.865162,6.85204],[79.865188,6.851953],[79.865213,6.851885],[79.865239,6.851796],[79.865293,6.85136],[79.865311,6.851336],[79.865328,6.851321],[79.865693,6.851354],[79.865761,6.851363]],[[79.863903,6.852406],[79.863975,6.852424],[79.864308,6.852537],[79.864772,6.852707],[79.865,6.852784],[79.86511,6.852829],[79.86518,6.852845],[79.865244,6.852864],[79.865329,6.8529],[79.865468,6.852952],[79.865544,6.852975],[79.865626,6.852992],[79.865662,6.853009],[79.865693,6.853034],[79.865708,6.853055],[79.865664,6.853404],[79.864898,6.853205],[79.864011,6.852982],[79.863331,6.852804],[79.863359,6.852661],[79.863391,6.852565],[79.863448,6.852264],[79.863903,6.852406]],[[79.86174,6.852855],[79.861835,6.852491],[79.862265,6.852596],[79.862622,6.852681],[79.862678,6.852717],[79.862802,6.852765],[79.863271,6.852874],[79.863233,6.853069],[79.863209,6.853166],[79.863203,6.853186],[79.863184,6.853188],[79.862512,6.853038],[79.862183,6.852959],[79.86174,6.852855]],[[79.862028,6.85296],[79.862428,6.853057],[79.862821,6.853134],[79.863186,6.853211],[79.86329,6.853243],[79.863358,6.853279],[79.86339,6.85332],[79.86341,6.853372],[79.86343,6.853444],[79.863402,6.85358],[79.863382,6.8536],[79.863117,6.853527],[79.8627,6.853418],[79.862604,6.853414],[79.862556,6.853422],[79.862508,6.853474],[79.862367,6.853782],[79.862339,6.853871],[79.861537,6.853645],[79.861606,6.85334],[79.861675,6.853076],[79.861731,6.852896],[79.862028,6.85296]],[[79.864884,6.853254],[79.865268,6.85336],[79.865446,6.853419],[79.865602,6.853467],[79.865629,6.853487],[79.865647,6.85352],[79.865572,6.854013],[79.865559,6.85403],[79.865539,6.854046],[79.865521,6.854054],[79.865348,6.854043],[79.864789,6.853923],[79.864546,6.853875],[79.864158,6.853794],[79.86399,6.853756],[79.863736,6.853711],[79.863454,6.853637],[79.863442,6.853619],[79.863449,6.85359],[79.863461,6.853383],[79.863454,6.85336],[79.863436,6.853333],[79.863407,6.853277],[79.863277,6.853158],[79.863272,6.853138],[79.863276,6.853089],[79.863334,6.852875],[79.863716,6.852961],[79.864129,6.853072],[79.864884,6.853254]],[[79.861559,6.853971],[79.861486,6.853947],[79.861438,6.853939],[79.861519,6.853687],[79.862503,6.853975],[79.86312,6.854153],[79.863749,6.854322],[79.863825,6.854358],[79.863861,6.854406],[79.863817,6.854579],[79.863649,6.854542],[79.862949,6.854367],[79.862536,6.854246],[79.862116,6.854117],[79.861811,6.854032],[79.861559,6.853971]],[[79.862993,6.85441],[79.863355,6.854499],[79.863847,6.854609],[79.863901,6.8544],[79.863894,6.854373],[79.863872,6.854353],[79.863818,6.854317],[79.863735,6.854294],[79.862926,6.854047],[79.862692,6.853997],[79.862388,6.853898],[79.862388,6.853853],[79.862429,6.853725],[79.862537,6.853512],[79.862565,6.853473],[79.862578,6.853462],[79.862603,6.853453],[79.862648,6.853451],[79.862828,6.853496],[79.862909,6.853514],[79.86324,6.853606],[79.863429,6.853663],[79.863688,6.853735],[79.863766,6.853756],[79.863967,6.8538],[79.864255,6.853848],[79.864449,6.853886],[79.864608,6.853927],[79.864906,6.853989],[79.865383,6.854087],[79.865523,6.854108],[79.865541,6.854131],[79.865551,6.854153],[79.865415,6.854908],[79.865389,6.854931],[79.865362,6.854938],[79.865326,6.854938],[79.864406,6.854898],[79.86437,6.854909],[79.864345,6.854924],[79.864298,6.855012],[79.864226,6.855178],[79.864028,6.855117],[79.863229,6.854888],[79.862571,6.854708],[79.862382,6.854646],[79.861759,6.854462],[79.861527,6.85439],[79.861319,6.85433],[79.861403,6.854024],[79.86141,6.854013],[79.8615,6.853988],[79.861583,6.853995],[79.8621,6.854151],[79.862786,6.854355],[79.862993,6.85441]],[[79.862743,6.8548],[79.863905,6.855126],[79.864022,6.855153],[79.864135,6.855194],[79.86424,6.855228],[79.864401,6.855285],[79.864414,6.855263],[79.8643,6.855206],[79.864284,6.855155],[79.864377,6.854948],[79.864764,6.854949],[79.865121,6.854969],[79.865333,6.854978],[79.865375,6.854992],[79.865392,6.855026],[79.865275,6.855625],[79.865115,6.856374],[79.865108,6.856403],[79.865088,6.856424],[79.865059,6.856429],[79.864498,6.856307],[79.8645,6.856293],[79.864498,6.856305],[79.864319,6.856266],[79.864034,6.856194],[79.863383,6.856047],[79.863199,6.855999],[79.86235,6.855796],[79.861521,6.855585],[79.861037,6.855463],[79.86103,6.855452],[79.86113,6.855063],[79.861177,6.85489],[79.861919,6.855126],[79.862301,6.855236],[79.862614,6.855291],[79.863228,6.855447],[79.863437,6.855503],[79.863508,6.855529],[79.863501,6.855603],[79.863531,6.855646],[79.863765,6.855711],[79.86383,6.855526],[79.863792,6.855519],[79.863766,6.855624],[79.863702,6.855616],[79.863556,6.855574],[79.863545,6.85553],[79.863541,6.855493],[79.863515,6.85546],[79.863281,6.855411],[79.862296,6.855173],[79.862076,6.855125],[79.861882,6.855066],[79.861186,6.854846],[79.861257,6.854588],[79.861305,6.854376],[79.861867,6.854539],[79.862106,6.854615],[79.862743,6.8548]],[[79.861459,6.855612],[79.862373,6.85584],[79.86233,6.856205],[79.860937,6.855821],[79.860933,6.855807],[79.861012,6.855506],[79.861032,6.855508],[79.861459,6.855612]],[[79.860797,6.856423],[79.86086,6.856142],[79.860881,6.856058],[79.861036,6.856477],[79.860818,6.85643],[79.860797,6.856423]],[[79.861363,6.855981],[79.861872,6.856108],[79.862283,6.856236],[79.862785,6.856367],[79.863241,6.856481],[79.863426,6.856525],[79.863442,6.856484],[79.862692,6.856303],[79.862372,6.856216],[79.862407,6.855853],[79.862533,6.85588],[79.862986,6.855997],[79.863383,6.856096],[79.864029,6.856238],[79.864876,6.856432],[79.865012,6.856458],[79.865052,6.856474],[79.865068,6.856483],[79.865077,6.856496],[79.865082,6.856508],[79.864949,6.857052],[79.864869,6.857386],[79.864861,6.857393],[79.864801,6.857389],[79.864425,6.85729],[79.864116,6.857212],[79.863825,6.857134],[79.863145,6.856975],[79.862784,6.856886],[79.861479,6.856573],[79.861042,6.856477],[79.860888,6.856058],[79.860938,6.855857],[79.861113,6.855914],[79.861363,6.855981]],[[79.860753,6.856741],[79.860783,6.856576],[79.860811,6.856466],[79.861722,6.856669],[79.861723,6.856664],[79.861809,6.856684],[79.862151,6.85677],[79.862669,6.856893],[79.862912,6.856956],[79.86304,6.856986],[79.864057,6.857218],[79.864124,6.857242],[79.86427,6.857278],[79.864407,6.857317],[79.864339,6.857557],[79.862855,6.85722],[79.86261,6.857159],[79.86212,6.857047],[79.861752,6.856971],[79.861733,6.856979],[79.861728,6.85702],[79.861719,6.857152],[79.861691,6.857196],[79.86165,6.857207],[79.861625,6.857207],[79.861103,6.857065],[79.860769,6.856986],[79.860711,6.856967],[79.860705,6.85697],[79.860719,6.856887],[79.860753,6.856741]],[[79.864765,6.857408],[79.864831,6.857427],[79.864848,6.857435],[79.864857,6.85745],[79.86481,6.857649],[79.864789,6.857666],[79.864342,6.85756],[79.86441,6.857319],[79.864611,6.857372],[79.864765,6.857408]],[[79.860591,6.857478],[79.860695,6.857008],[79.861135,6.857122],[79.861555,6.857228],[79.861652,6.857245],[79.861711,6.857228],[79.86174,6.857195],[79.861761,6.857077],[79.861787,6.857035],[79.861824,6.857027],[79.861967,6.857048],[79.862794,6.857239],[79.863503,6.857397],[79.864738,6.85769],[79.86477,6.857701],[79.864778,6.857709],[79.864789,6.857727],[79.864711,6.858073],[79.864678,6.85809],[79.864628,6.85809],[79.86452,6.85807],[79.864351,6.858025],[79.863459,6.857805],[79.862338,6.857565],[79.862225,6.857553],[79.862195,6.857567],[79.862169,6.857653],[79.86214,6.857775],[79.861823,6.857717],[79.861024,6.857564],[79.860591,6.857478]],[[79.861189,6.857647],[79.861777,6.857757],[79.86213,6.857821],[79.862138,6.857846],[79.862112,6.858018],[79.862087,6.858027],[79.862033,6.858018],[79.86186,6.85798],[79.861445,6.857912],[79.860609,6.857768],[79.860563,6.857755],[79.860546,6.857738],[79.860546,6.857675],[79.86058,6.857528],[79.861189,6.857647]],[[79.862221,6.857644],[79.862246,6.857635],[79.862275,6.857635],[79.862624,6.857703],[79.862505,6.858105],[79.862191,6.858041],[79.862156,6.858029],[79.862146,6.858009],[79.862146,6.857984],[79.862195,6.857683],[79.862221,6.857644]],[[79.861222,6.857912],[79.861751,6.857997],[79.862028,6.858035],[79.862045,6.858047],[79.862062,6.858064],[79.862062,6.858081],[79.862049,6.85819],[79.862032,6.858262],[79.862007,6.858397],[79.861986,6.858405],[79.860872,6.858256],[79.860623,6.858233],[79.860535,6.858227],[79.860495,6.858213],[79.860477,6.8582],[79.860464,6.858157],[79.860504,6.857973],[79.860538,6.857789],[79.860832,6.857839],[79.861222,6.857912]],[[79.864677,6.858223],[79.864615,6.858498],[79.864606,6.858509],[79.864581,6.858515],[79.863718,6.858339],[79.863068,6.858216],[79.862508,6.858103],[79.862627,6.857701],[79.862939,6.857762],[79.863593,6.857905],[79.864224,6.85805],[79.864357,6.85809],[79.864357,6.858092],[79.864626,6.858173],[79.864655,6.858186],[79.864668,6.858195],[79.864677,6.858223]],[[79.862108,6.858083],[79.862136,6.858077],[79.862201,6.858086],[79.862848,6.858222],[79.863197,6.85829],[79.864561,6.858544],[79.86459,6.858564],[79.864597,6.858577],[79.864509,6.858959],[79.864496,6.85897],[79.864445,6.85897],[79.864323,6.858948],[79.863176,6.858647],[79.86295,6.858607],[79.862629,6.858529],[79.862601,6.85852],[79.862261,6.858461],[79.862072,6.858448],[79.862049,6.858432],[79.862043,6.858416],[79.862098,6.858105],[79.862108,6.858083]],[[79.860395,6.858519],[79.860438,6.858293],[79.860567,6.85831],[79.861455,6.858411],[79.861926,6.858474],[79.861965,6.858474],[79.861974,6.858493],[79.861961,6.858574],[79.86185,6.859145],[79.861834,6.859171],[79.861821,6.85918],[79.861592,6.859141],[79.861001,6.859079],[79.860504,6.85902],[79.860365,6.859013],[79.86032,6.859006],[79.860336,6.858884],[79.860395,6.858519]],[[79.864084,6.858917],[79.864262,6.858955],[79.864451,6.859002],[79.864474,6.859018],[79.86449,6.859043],[79.864388,6.859505],[79.864383,6.859509],[79.864361,6.859512],[79.864319,6.859512],[79.864101,6.859477],[79.864101,6.859474],[79.863768,6.859421],[79.863322,6.859357],[79.863037,6.859327],[79.861961,6.859189],[79.861932,6.859189],[79.861894,6.859173],[79.861894,6.859144],[79.861907,6.859038],[79.862012,6.858505],[79.862032,6.858482],[79.862089,6.858483],[79.862346,6.858505],[79.862836,6.858609],[79.863357,6.858727],[79.863831,6.858856],[79.864084,6.858917]],[[79.860318,6.859073],[79.861003,6.859126],[79.861494,6.859178],[79.861494,6.859176],[79.861547,6.859181],[79.861547,6.859183],[79.861794,6.8592],[79.86181,6.859216],[79.861819,6.859272],[79.86178,6.859479],[79.861741,6.859696],[79.86169,6.859709],[79.861337,6.859678],[79.860957,6.859648],[79.860671,6.859637],[79.860427,6.859623],[79.860269,6.859606],[79.860295,6.859241],[79.860318,6.859073]],[[79.863461,6.859431],[79.864215,6.859535],[79.864357,6.85956],[79.864369,6.859589],[79.864321,6.859803],[79.864308,6.859846],[79.864287,6.859862],[79.863975,6.859821],[79.863371,6.859745],[79.862778,6.859681],[79.862637,6.859668],[79.862637,6.859664],[79.862393,6.859644],[79.861874,6.859592],[79.861819,6.859589],[79.861807,6.859569],[79.861865,6.8593],[79.861883,6.859241],[79.861934,6.859225],[79.862142,6.859251],[79.862642,6.859335],[79.863037,6.859384],[79.863461,6.859431]],[[79.860724,6.859679],[79.861092,6.859699],[79.861664,6.859745],[79.861706,6.859765],[79.861712,6.859784],[79.861712,6.859813],[79.861696,6.859865],[79.861657,6.859958],[79.861638,6.859965],[79.861615,6.859961],[79.861576,6.859948],[79.861295,6.859919],[79.861241,6.859909],[79.860905,6.85987],[79.860256,6.859814],[79.860254,6.859794],[79.860257,6.859753],[79.860269,6.859649],[79.86035,6.859652],[79.860724,6.859679]],[[79.861893,6.85963],[79.861989,6.859637],[79.862236,6.859663],[79.86264,6.859699],[79.86264,6.859697],[79.863986,6.859858],[79.864272,6.859895],[79.864288,6.859908],[79.864214,6.860234],[79.864196,6.860255],[79.864176,6.860261],[79.864138,6.860258],[79.863837,6.860206],[79.863106,6.860141],[79.861787,6.860012],[79.861758,6.860005],[79.861732,6.859995],[79.861726,6.859976],[79.861787,6.859691],[79.861803,6.859659],[79.861848,6.85964],[79.861893,6.85963]],[[79.860223,6.860043],[79.860262,6.859875],[79.860529,6.859874],[79.861223,6.859943],[79.861578,6.859999],[79.861631,6.86003],[79.861594,6.860156],[79.86158,6.860286],[79.86155,6.860738],[79.861538,6.860765],[79.861487,6.860789],[79.861411,6.860794],[79.861258,6.860787],[79.860537,6.860718],[79.860354,6.860706],[79.860188,6.860692],[79.860164,6.860668],[79.860223,6.860043]],[[79.861809,6.860056],[79.863914,6.860261],[79.864087,6.860287],[79.864154,6.860306],[79.864176,6.860325],[79.864187,6.860355],[79.864099,6.860742],[79.864031,6.860768],[79.863807,6.860737],[79.863624,6.860732],[79.862904,6.860612],[79.862439,6.860561],[79.861963,6.860501],[79.861714,6.860492],[79.86169,6.860454],[79.861672,6.860245],[79.861709,6.860053],[79.861735,6.860047],[79.861809,6.860056]],[[79.866491,6.86079],[79.86637,6.861199],[79.866285,6.861448],[79.866193,6.861456],[79.866008,6.861427],[79.865803,6.861391],[79.865534,6.861339],[79.865127,6.861256],[79.864749,6.861187],[79.864344,6.861089],[79.864223,6.861077],[79.864168,6.861046],[79.864207,6.860851],[79.86429,6.860464],[79.86441,6.859963],[79.864419,6.859947],[79.864431,6.859943],[79.864446,6.859941],[79.864489,6.859941],[79.864565,6.859963],[79.864813,6.860014],[79.865057,6.860075],[79.865226,6.860114],[79.865426,6.860128],[79.86563,6.860125],[79.866037,6.86011],[79.86626,6.860117],[79.866361,6.860131],[79.866379,6.860138],[79.866399,6.860151],[79.866435,6.86018],[79.866475,6.860223],[79.8665,6.860266],[79.866529,6.860308],[79.866564,6.860441],[79.866571,6.860493],[79.86656,6.860543],[79.866491,6.86079]],[[79.860323,6.861027],[79.860312,6.860774],[79.860484,6.860789],[79.860708,6.860802],[79.860994,6.860815],[79.861228,6.860835],[79.861486,6.860847],[79.861515,6.860853],[79.861556,6.860879],[79.861569,6.860908],[79.861588,6.860927],[79.861678,6.860937],[79.861678,6.860889],[79.861611,6.860866],[79.861572,6.860837],[79.861569,6.860799],[79.861576,6.860732],[79.861602,6.86061],[79.861634,6.860568],[79.861695,6.860559],[79.861759,6.860562],[79.862605,6.86066],[79.863719,6.860808],[79.86399,6.860848],[79.864038,6.860858],[79.864058,6.860883],[79.863978,6.861225],[79.863196,6.861145],[79.862518,6.861099],[79.862071,6.861076],[79.861393,6.861033],[79.861347,6.861033],[79.86125,6.861028],[79.861247,6.861074],[79.863208,6.861192],[79.863467,6.861217],[79.863965,6.861278],[79.863934,6.861426],[79.863898,6.861436],[79.863853,6.861455],[79.863147,6.861416],[79.862856,6.861405],[79.862689,6.861392],[79.862057,6.86133],[79.861756,6.861307],[79.860809,6.861227],[79.860391,6.861201],[79.860323,6.861193],[79.860323,6.861027]],[[79.860774,6.861311],[79.862467,6.861448],[79.86281,6.861484],[79.863368,6.861514],[79.863881,6.861518],[79.863909,6.861525],[79.863918,6.861533],[79.863833,6.861932],[79.863813,6.861948],[79.863793,6.861951],[79.863301,6.8619],[79.863147,6.861894],[79.862936,6.86188],[79.862663,6.86187],[79.862628,6.861877],[79.862609,6.861886],[79.862602,6.861909],[79.862586,6.861947],[79.86257,6.861969],[79.862535,6.861989],[79.862519,6.861992],[79.862126,6.861977],[79.861687,6.861969],[79.861292,6.861972],[79.861257,6.861969],[79.861235,6.861952],[79.861225,6.861863],[79.861209,6.861824],[79.861187,6.861805],[79.861148,6.861795],[79.860895,6.861788],[79.860571,6.861769],[79.860228,6.86175],[79.860255,6.86142],[79.860325,6.861283],[79.860428,6.861294],[79.860774,6.861311]],[[79.863938,6.862351],[79.863925,6.862125],[79.863999,6.861804],[79.864042,6.861603],[79.864047,6.861603],[79.864109,6.861342],[79.864136,6.861211],[79.864208,6.861209],[79.864677,6.861296],[79.864981,6.861357],[79.865236,6.86141],[79.865294,6.861429],[79.86554,6.861478],[79.866003,6.861564],[79.866061,6.861612],[79.866012,6.861927],[79.866015,6.861927],[79.865923,6.862358],[79.86592,6.862358],[79.865833,6.862765],[79.865824,6.862791],[79.864614,6.862505],[79.864305,6.862451],[79.863988,6.862401],[79.863938,6.862351]],[[79.860223,6.861815],[79.860595,6.861834],[79.861124,6.861845],[79.86115,6.861858],[79.861172,6.861883],[79.86121,6.86198],[79.861223,6.861999],[79.861242,6.862015],[79.861287,6.862018],[79.861796,6.862014],[79.862546,6.862025],[79.862594,6.862003],[79.86262,6.861978],[79.862649,6.861936],[79.862677,6.86193],[79.862706,6.86193],[79.863203,6.861956],[79.863716,6.862002],[79.863806,6.862012],[79.863815,6.862017],[79.863757,6.862283],[79.863735,6.862313],[79.863719,6.862326],[79.863533,6.862329],[79.863316,6.862346],[79.863146,6.86234],[79.862987,6.86234],[79.862927,6.862302],[79.862884,6.862269],[79.862677,6.862233],[79.862532,6.862198],[79.862306,6.862181],[79.861971,6.862167],[79.861884,6.86217],[79.861698,6.862191],[79.861476,6.862217],[79.861304,6.862243],[79.860595,6.86231],[79.860479,6.862333],[79.860299,6.862357],[79.860192,6.862337],[79.86017,6.862194],[79.860223,6.861815]],[[79.863746,6.862954],[79.863814,6.862573],[79.86383,6.86254],[79.863865,6.862528],[79.863947,6.862525],[79.864015,6.862533],[79.864107,6.862556],[79.86426,6.862582],[79.864456,6.862622],[79.864623,6.862622],[79.864809,6.862652],[79.865201,6.862753],[79.865537,6.862812],[79.865531,6.862857],[79.865531,6.862893],[79.865459,6.863491],[79.865441,6.863661],[79.865433,6.863717],[79.865418,6.86376],[79.865382,6.863798],[79.865354,6.863805],[79.865306,6.863805],[79.865039,6.863721],[79.864849,6.863644],[79.864644,6.863586],[79.864532,6.86355],[79.864474,6.863512],[79.864347,6.863441],[79.864223,6.863375],[79.864114,6.863329],[79.864048,6.863291],[79.863955,6.863247],[79.863907,6.863217],[79.863861,6.863161],[79.863826,6.863085],[79.8638,6.863042],[79.86377,6.862996],[79.863746,6.862954]],[[79.866661,6.843962],[79.866945,6.843922],[79.867058,6.84391],[79.867263,6.843872],[79.867366,6.84387],[79.867658,6.843918],[79.867764,6.843918],[79.868018,6.843946],[79.868156,6.843975],[79.868443,6.84406],[79.868677,6.844111],[79.868955,6.844163],[79.869075,6.844182],[79.869082,6.844194],[79.86903,6.844198],[79.868532,6.844261],[79.868394,6.844287],[79.868193,6.844318],[79.867891,6.844371],[79.867647,6.844423],[79.867498,6.844465],[79.867398,6.844486],[79.867217,6.844533],[79.867042,6.844565],[79.866899,6.844602],[79.866655,6.844617],[79.866411,6.844643],[79.866369,6.844638],[79.866348,6.844622],[79.866343,6.844595],[79.866359,6.844463],[79.866374,6.844274],[79.866672,6.844266],[79.866663,6.844214],[79.866381,6.844217],[79.866398,6.844067],[79.866449,6.844023],[79.866548,6.843987],[79.866648,6.843962],[79.866661,6.843962]],[[79.868019,6.84438],[79.86859,6.844295],[79.868958,6.844245],[79.869046,6.844228],[79.869202,6.844216],[79.869182,6.844278],[79.869042,6.844513],[79.868962,6.84464],[79.868886,6.844711],[79.868699,6.84487],[79.8685,6.844989],[79.868333,6.845092],[79.868226,6.845201],[79.868212,6.845212],[79.868085,6.845289],[79.86778,6.845408],[79.867522,6.8455],[79.867181,6.845555],[79.866837,6.845568],[79.866629,6.845526],[79.866357,6.845508],[79.866256,6.845508],[79.866333,6.844703],[79.866408,6.844689],[79.866599,6.844681],[79.86691,6.844653],[79.867171,6.844603],[79.867448,6.844535],[79.867655,6.844465],[79.868019,6.84438]],[[79.869397,6.844321],[79.869462,6.844369],[79.869523,6.844424],[79.869769,6.844669],[79.869055,6.845153],[79.868868,6.845282],[79.86829,6.845644],[79.86809,6.845741],[79.867895,6.845429],[79.868169,6.845306],[79.868362,6.845141],[79.868487,6.845059],[79.868616,6.845035],[79.868906,6.844791],[79.869038,6.844629],[79.869142,6.844485],[79.869206,6.844392],[79.869282,6.844275],[79.869397,6.844321]],[[79.866136,6.846567],[79.866245,6.845629],[79.86625,6.845561],[79.866535,6.845578],[79.866582,6.845585],[79.86709,6.845595],[79.867512,6.845553],[79.867652,6.8455],[79.867824,6.845441],[79.868014,6.845761],[79.868088,6.845863],[79.868366,6.845689],[79.868655,6.845534],[79.869406,6.844994],[79.869661,6.844825],[79.8698,6.844759],[79.869864,6.844833],[79.869877,6.844856],[79.86991,6.844892],[79.870017,6.845002],[79.870044,6.845023],[79.870044,6.845046],[79.870003,6.845111],[79.869955,6.845152],[79.869843,6.845211],[79.869648,6.845358],[79.869406,6.845523],[79.869128,6.845735],[79.868886,6.845935],[79.868779,6.846017],[79.868726,6.846088],[79.868643,6.846218],[79.868596,6.846365],[79.868525,6.846642],[79.868477,6.846813],[79.868334,6.847497],[79.868296,6.847629],[79.868278,6.847682],[79.868266,6.847706],[79.868254,6.847718],[79.868168,6.847707],[79.867712,6.847628],[79.867418,6.847603],[79.867266,6.847594],[79.867094,6.847598],[79.866878,6.847625],[79.866631,6.847566],[79.866396,6.847494],[79.866096,6.847495],[79.866076,6.847486],[79.866129,6.846876],[79.866136,6.846567]],[[79.86607,6.847556],[79.866247,6.847556],[79.866331,6.847561],[79.866409,6.847571],[79.866929,6.847729],[79.867115,6.847711],[79.867237,6.847691],[79.867382,6.84764],[79.868064,6.84773],[79.868529,6.847804],[79.868673,6.847829],[79.868673,6.847827],[79.868783,6.847846],[79.868783,6.847849],[79.86888,6.847866],[79.869008,6.847871],[79.869111,6.847866],[79.869361,6.847847],[79.869591,6.847818],[79.869621,6.847838],[79.869679,6.847985],[79.869748,6.848181],[79.869816,6.848358],[79.869894,6.848539],[79.869972,6.848696],[79.870033,6.848895],[79.870077,6.849081],[79.87014,6.849371],[79.870164,6.849533],[79.870169,6.84965],[79.870178,6.84992],[79.870184,6.850195],[79.870183,6.850475],[79.869495,6.850625],[79.869227,6.85068],[79.869217,6.850681],[79.868941,6.850744],[79.868109,6.85092],[79.868109,6.850922],[79.867681,6.851012],[79.867681,6.851009],[79.867462,6.851054],[79.867462,6.851056],[79.86721,6.851108],[79.867209,6.851105],[79.867077,6.851133],[79.866529,6.851173],[79.866272,6.851212],[79.866158,6.851183],[79.866112,6.851019],[79.866103,6.850705],[79.866082,6.850348],[79.866049,6.849988],[79.866052,6.848775],[79.866047,6.848772],[79.866047,6.848432],[79.866065,6.847619],[79.86607,6.847556]],[[79.867296,6.851178],[79.867663,6.851112],[79.86839,6.850943],[79.868657,6.850891],[79.868686,6.850961],[79.86874,6.851068],[79.868755,6.851183],[79.86877,6.851352],[79.8688,6.851459],[79.8689,6.851613],[79.868915,6.85182],[79.868961,6.85182],[79.868961,6.851621],[79.868854,6.851452],[79.868846,6.851398],[79.868816,6.851245],[79.868809,6.85113],[79.86874,6.850976],[79.868694,6.850884],[79.868959,6.850821],[79.869673,6.850678],[79.86971,6.850804],[79.869759,6.851075],[79.869779,6.851262],[79.869807,6.851332],[79.869855,6.851387],[79.869869,6.85145],[79.869924,6.851985],[79.869937,6.852193],[79.869902,6.852284],[79.869867,6.852318],[79.86986,6.852346],[79.869853,6.852798],[79.869852,6.853048],[79.869831,6.853159],[79.869747,6.853416],[79.869684,6.853589],[79.869672,6.853613],[79.869313,6.853785],[79.869257,6.853802],[79.869144,6.853824],[79.868914,6.853835],[79.868464,6.853846],[79.867458,6.853908],[79.867043,6.853924],[79.866812,6.853879],[79.866785,6.853876],[79.866793,6.853334],[79.866793,6.853188],[79.866815,6.852729],[79.86685,6.852702],[79.866871,6.852688],[79.867218,6.852695],[79.867357,6.852696],[79.867406,6.852682],[79.867434,6.852654],[79.867434,6.852578],[79.867401,6.851765],[79.86738,6.851661],[79.867346,6.851605],[79.867248,6.851577],[79.867165,6.851577],[79.866915,6.851583],[79.866089,6.851655],[79.866129,6.851435],[79.86621,6.851378],[79.866333,6.851314],[79.866514,6.851294],[79.866679,6.85127],[79.86702,6.851226],[79.867167,6.851199],[79.867296,6.851178]],[[79.866737,6.853507],[79.866723,6.85387],[79.866644,6.853862],[79.866267,6.853799],[79.865913,6.853737],[79.865852,6.853731],[79.865812,6.853717],[79.865784,6.8537],[79.865761,6.853678],[79.865769,6.85364],[79.865772,6.853588],[79.865833,6.853172],[79.865864,6.85289],[79.866119,6.852907],[79.866141,6.852853],[79.865869,6.852843],[79.866033,6.851964],[79.866338,6.851964],[79.866316,6.851888],[79.866044,6.851904],[79.866082,6.851696],[79.866539,6.851652],[79.866928,6.851625],[79.867193,6.851619],[79.867269,6.851619],[79.867311,6.85166],[79.867338,6.851709],[79.867352,6.851911],[79.867385,6.852585],[79.867378,6.852626],[79.86733,6.852647],[79.86685,6.852646],[79.866801,6.85266],[79.866746,6.852799],[79.866752,6.853021],[79.866737,6.853507]],[[79.865704,6.854075],[79.865749,6.853804],[79.86575,6.853801],[79.865829,6.853768],[79.866031,6.85379],[79.866346,6.853853],[79.866621,6.853893],[79.866711,6.853915],[79.867028,6.853963],[79.867721,6.853942],[79.867562,6.854397],[79.867556,6.854397],[79.867494,6.854564],[79.867315,6.85494],[79.867208,6.855107],[79.867166,6.855327],[79.867142,6.855483],[79.867022,6.855459],[79.866998,6.855351],[79.866506,6.855302],[79.866494,6.855374],[79.866962,6.855423],[79.866962,6.855495],[79.867093,6.855579],[79.86687,6.856153],[79.866735,6.856137],[79.866592,6.856131],[79.86632,6.85609],[79.866209,6.856066],[79.866115,6.856073],[79.865975,6.85606],[79.865878,6.856059],[79.865766,6.856054],[79.865658,6.856044],[79.865631,6.856007],[79.865323,6.855973],[79.865387,6.855707],[79.86539,6.855707],[79.865396,6.855682],[79.865485,6.855242],[79.865483,6.85524],[79.865511,6.855102],[79.865518,6.855101],[79.865545,6.854968],[79.865619,6.854526],[79.865704,6.854075]],[[79.868511,6.856638],[79.86837,6.856598],[79.868189,6.856549],[79.868129,6.856534],[79.869017,6.856612],[79.868984,6.856629],[79.868866,6.856667],[79.868826,6.856685],[79.86878,6.85669],[79.868731,6.856687],[79.868556,6.856658],[79.868511,6.856638]],[[79.866947,6.859763],[79.866898,6.859793],[79.866818,6.859807],[79.86668,6.859827],[79.866521,6.859812],[79.866471,6.859802],[79.866452,6.859777],[79.866487,6.859529],[79.866502,6.859391],[79.8663,6.859362],[79.866335,6.859201],[79.86675,6.859238],[79.867037,6.859258],[79.867151,6.859258],[79.867508,6.859229],[79.867751,6.85919],[79.86787,6.859161],[79.86786,6.859106],[79.867508,6.85913],[79.86731,6.85916],[79.867127,6.859194],[79.866869,6.859193],[79.866611,6.859178],[79.866483,6.859168],[79.866284,6.859143],[79.86626,6.859153],[79.865987,6.859103],[79.86567,6.859033],[79.865239,6.858923],[79.865031,6.858863],[79.864691,6.858777],[79.86486,6.858039],[79.864906,6.858001],[79.865019,6.857992],[79.865249,6.857996],[79.865731,6.858107],[79.86593,6.858161],[79.866068,6.858203],[79.866166,6.858219],[79.866267,6.858249],[79.866512,6.858311],[79.866546,6.85833],[79.866569,6.858269],[79.866256,6.858176],[79.865604,6.858022],[79.865168,6.857927],[79.865097,6.85793],[79.86488,6.857952],[79.864994,6.85746],[79.865047,6.857466],[79.865153,6.857498],[79.86528,6.857509],[79.865355,6.85752],[79.865504,6.85752],[79.865578,6.857525],[79.865674,6.857526],[79.865828,6.857505],[79.865907,6.85751],[79.866045,6.857526],[79.866263,6.857548],[79.866412,6.85757],[79.866518,6.85758],[79.866603,6.857581],[79.866603,6.857538],[79.866428,6.857538],[79.866263,6.857527],[79.866115,6.857495],[79.866008,6.857494],[79.865822,6.857483],[79.865674,6.857478],[79.865525,6.857483],[79.865259,6.857482],[79.865121,6.857456],[79.865001,6.85743],[79.865233,6.856431],[79.865315,6.856062],[79.865655,6.856106],[79.865797,6.85612],[79.866185,6.856165],[79.866492,6.856175],[79.866729,6.856195],[79.86682,6.856198],[79.866957,6.856218],[79.867193,6.85628],[79.86727,6.856302],[79.867152,6.856506],[79.867007,6.856767],[79.866859,6.856975],[79.866751,6.857143],[79.866689,6.857269],[79.866661,6.857393],[79.866745,6.857659],[79.86675,6.857805],[79.866723,6.857943],[79.866694,6.858042],[79.866613,6.858232],[79.866578,6.858321],[79.866566,6.858363],[79.866786,6.858405],[79.867069,6.858424],[79.867069,6.858383],[79.867031,6.858368],[79.86662,6.858325],[79.866665,6.858244],[79.866727,6.858111],[79.86678,6.857846],[79.866798,6.857722],[79.86679,6.85759],[79.86671,6.85736],[79.866711,6.857298],[79.866852,6.857069],[79.867326,6.856318],[79.867412,6.856344],[79.867565,6.856378],[79.867782,6.856456],[79.867989,6.856545],[79.86842,6.856666],[79.868507,6.856687],[79.868639,6.856715],[79.86879,6.856726],[79.868845,6.856721],[79.868904,6.856712],[79.868986,6.856685],[79.869041,6.85666],[79.86916,6.856595],[79.869185,6.856596],[79.869213,6.856618],[79.869224,6.856658],[79.86923,6.856759],[79.869172,6.857323],[79.869121,6.857582],[79.869052,6.858134],[79.869092,6.858135],[79.869143,6.857802],[79.869177,6.857526],[79.869195,6.857424],[79.869212,6.857396],[79.869223,6.857385],[79.869307,6.857396],[79.869392,6.857425],[79.869465,6.857442],[79.869561,6.857453],[79.86964,6.857476],[79.869685,6.857499],[79.869758,6.857538],[79.869956,6.857753],[79.869995,6.857764],[79.870046,6.85777],[79.870085,6.857809],[79.870108,6.857838],[79.870113,6.857866],[79.870115,6.85789],[79.869958,6.858013],[79.869666,6.858258],[79.86949,6.858393],[79.869403,6.858453],[79.86924,6.858596],[79.869078,6.858734],[79.869038,6.858772],[79.868955,6.858824],[79.868822,6.858887],[79.868768,6.858909],[79.868642,6.858945],[79.868552,6.85898],[79.868428,6.859014],[79.868356,6.859045],[79.868314,6.859061],[79.868255,6.859089],[79.868212,6.859116],[79.868145,6.859167],[79.8681,6.859205],[79.868048,6.859243],[79.867987,6.859315],[79.867888,6.859411],[79.867751,6.859533],[79.867708,6.859557],[79.867591,6.859597],[79.867211,6.85971],[79.867126,6.859739],[79.867082,6.859763],[79.867046,6.859763],[79.867031,6.859753],[79.867022,6.859694],[79.867032,6.859481],[79.867483,6.859412],[79.867483,6.859393],[79.867002,6.859471],[79.866982,6.859733],[79.866947,6.859763]],[[79.866822,6.860046],[79.866768,6.860069],[79.866705,6.860068],[79.866609,6.860058],[79.866442,6.860019],[79.866092,6.859998],[79.865816,6.860019],[79.865557,6.860022],[79.865125,6.860043],[79.864945,6.86],[79.864586,6.859921],[79.864556,6.85992],[79.864464,6.859895],[79.86445,6.859878],[79.86444,6.859853],[79.864461,6.859746],[79.864679,6.858831],[79.865517,6.859037],[79.865769,6.859087],[79.866126,6.859167],[79.86623,6.859187],[79.866303,6.859196],[79.866263,6.859347],[79.866261,6.859384],[79.866257,6.859413],[79.866438,6.85943],[79.866402,6.859836],[79.866566,6.859861],[79.86666,6.859871],[79.866724,6.859862],[79.866868,6.859847],[79.866957,6.859823],[79.866992,6.859823],[79.866997,6.859842],[79.866997,6.859868],[79.866955,6.859932],[79.866858,6.860026],[79.866822,6.860046]],[[79.866492,6.86015],[79.866652,6.86014],[79.866743,6.860118],[79.866831,6.860092],[79.866855,6.86008],[79.866863,6.86008],[79.866863,6.860088],[79.866647,6.860457],[79.866637,6.860463],[79.866633,6.860459],[79.866629,6.860394],[79.866619,6.860353],[79.866587,6.86027],[79.866492,6.860156],[79.866492,6.86015]],[[79.866324,6.862522],[79.866392,6.862211],[79.86643,6.862007],[79.866649,6.862042],[79.866674,6.862042],[79.866692,6.86197],[79.866768,6.861404],[79.86685,6.861424],[79.866949,6.861434],[79.866997,6.861434],[79.867022,6.861432],[79.867034,6.861414],[79.867077,6.861384],[79.867102,6.861374],[79.867209,6.861375],[79.867363,6.861382],[79.867488,6.861405],[79.867707,6.86144],[79.867767,6.861445],[79.867814,6.861453],[79.867866,6.861466],[79.867872,6.861421],[79.867725,6.861398],[79.867662,6.861393],[79.867605,6.861385],[79.867535,6.86137],[79.867453,6.861358],[79.867403,6.861353],[79.867194,6.861336],[79.867089,6.861338],[79.867069,6.861343],[79.867014,6.861366],[79.86696,6.861383],[79.86691,6.861388],[79.866852,6.86138],[79.866765,6.861355],[79.866681,6.861325],[79.866529,6.861287],[79.866469,6.86127],[79.866454,6.861257],[79.866444,6.861245],[79.866437,6.86123],[79.866574,6.860749],[79.866609,6.860659],[79.866642,6.860586],[79.866683,6.860508],[79.866803,6.860318],[79.866958,6.860033],[79.867018,6.85993],[79.867064,6.859872],[79.867147,6.859797],[79.867193,6.859771],[79.867246,6.859751],[79.867304,6.859732],[79.867366,6.859719],[79.867457,6.859683],[79.86752,6.859674],[79.86757,6.859657],[79.867676,6.859613],[79.86773,6.859615],[79.867788,6.859647],[79.867851,6.85966],[79.868045,6.859677],[79.868425,6.859705],[79.86843,6.859877],[79.868425,6.860105],[79.868446,6.860281],[79.868503,6.860451],[79.868567,6.860452],[79.868508,6.860317],[79.86848,6.860098],[79.86848,6.85981],[79.868494,6.859721],[79.868537,6.859728],[79.868595,6.859742],[79.868698,6.859788],[79.868974,6.859952],[79.86902,6.859973],[79.869085,6.859991],[79.869137,6.860001],[79.869111,6.860295],[79.869121,6.860492],[79.869183,6.860637],[79.869182,6.860959],[79.869203,6.861218],[79.869212,6.861499],[79.869254,6.861654],[79.869264,6.861716],[79.869243,6.861737],[79.86917,6.861779],[79.869087,6.861841],[79.869014,6.861955],[79.869045,6.861975],[79.869129,6.861882],[79.869191,6.86183],[79.869285,6.861748],[79.869295,6.861779],[79.869326,6.861841],[79.869336,6.861955],[79.869315,6.86209],[79.869357,6.86208],[79.869357,6.861914],[79.869388,6.861924],[79.869492,6.861966],[79.869575,6.861945],[79.869565,6.861904],[79.86945,6.861893],[79.869368,6.861841],[79.869326,6.861727],[79.869295,6.861634],[79.869254,6.861447],[79.869265,6.861426],[79.869534,6.861458],[79.869545,6.861406],[79.869358,6.861385],[79.869296,6.861385],[79.869265,6.861343],[79.869254,6.861312],[79.869234,6.861094],[79.869235,6.860741],[79.869214,6.860617],[79.869204,6.860534],[79.869163,6.860461],[79.869163,6.860222],[79.869191,6.86001],[79.869257,6.860016],[79.869658,6.860062],[79.869816,6.86007],[79.869869,6.860074],[79.870028,6.860077],[79.870076,6.860072],[79.870157,6.86006],[79.870258,6.860016],[79.870302,6.859991],[79.870436,6.859881],[79.870514,6.85981],[79.870617,6.859893],[79.871011,6.860278],[79.871373,6.860559],[79.871415,6.86061],[79.871415,6.860735],[79.871394,6.860901],[79.87134,6.861679],[79.871319,6.861772],[79.870857,6.861894],[79.870672,6.86192],[79.870529,6.861928],[79.87017,6.861989],[79.869956,6.862033],[79.869597,6.862149],[79.869534,6.862165],[79.869486,6.862191],[79.869429,6.862246],[79.869399,6.862284],[79.869366,6.862317],[79.869305,6.862392],[79.869075,6.862711],[79.868977,6.862851],[79.868949,6.862895],[79.868932,6.86293],[79.868779,6.863112],[79.868724,6.863192],[79.868453,6.863525],[79.868384,6.86359],[79.868305,6.863524],[79.867943,6.863317],[79.867639,6.863184],[79.867738,6.863151],[79.867812,6.863119],[79.867812,6.862806],[79.867878,6.862782],[79.867985,6.862799],[79.868199,6.86284],[79.868519,6.862906],[79.868536,6.862849],[79.868232,6.862791],[79.868084,6.862749],[79.867977,6.862749],[79.867755,6.862732],[79.867763,6.863094],[79.867697,6.86311],[79.867598,6.863159],[79.86757,6.863169],[79.86745,6.863143],[79.867136,6.863067],[79.866727,6.863],[79.866256,6.862892],[79.866324,6.862522]],[[79.866076,6.861832],[79.866114,6.861703],[79.866132,6.861673],[79.866182,6.861633],[79.866214,6.861621],[79.866228,6.861622],[79.866267,6.861607],[79.866304,6.8616],[79.866339,6.861575],[79.866394,6.861365],[79.866412,6.861309],[79.866459,6.861322],[79.866705,6.861377],[79.866728,6.861387],[79.866654,6.861945],[79.866076,6.861832]],[[79.86623,6.862858],[79.866222,6.862884],[79.865881,6.862804],[79.865881,6.862794],[79.865918,6.862625],[79.865936,6.862513],[79.865989,6.862231],[79.866051,6.861933],[79.866397,6.861996],[79.866318,6.862341],[79.86623,6.862858]],[[79.867828,6.863385],[79.868021,6.863474],[79.868109,6.86352],[79.868262,6.863622],[79.86831,6.863658],[79.868317,6.863673],[79.86831,6.863688],[79.867899,6.864105],[79.867711,6.864275],[79.867668,6.864305],[79.867612,6.864328],[79.867515,6.864353],[79.867393,6.864365],[79.867194,6.864372],[79.867266,6.86368],[79.867316,6.863283],[79.867326,6.86325],[79.867364,6.863241],[79.867416,6.863252],[79.86747,6.863272],[79.867549,6.86329],[79.867645,6.863319],[79.867828,6.863385]],[[79.87011,6.845077],[79.870119,6.845078],[79.870141,6.845094],[79.870298,6.845164],[79.870351,6.845201],[79.870445,6.845258],[79.870508,6.845308],[79.870551,6.845348],[79.870656,6.845467],[79.870717,6.845551],[79.870684,6.845573],[79.870556,6.845606],[79.870446,6.845642],[79.870329,6.845693],[79.870291,6.845723],[79.870257,6.845764],[79.870223,6.845795],[79.870208,6.845847],[79.870162,6.845911],[79.870124,6.845983],[79.870083,6.846055],[79.870045,6.846092],[79.870015,6.846115],[79.869966,6.846122],[79.86986,6.846111],[79.869807,6.846115],[79.869701,6.84616],[79.86966,6.846194],[79.869629,6.84625],[79.869527,6.846405],[79.869387,6.846608],[79.869372,6.846642],[79.869364,6.846729],[79.869341,6.846872],[79.869341,6.846952],[79.869314,6.847072],[79.869275,6.847222],[79.869254,6.847421],[79.869247,6.847463],[79.869223,6.84773],[79.869223,6.847775],[79.869213,6.847798],[79.869076,6.847809],[79.868919,6.847809],[79.868805,6.847798],[79.868337,6.847707],[79.868401,6.847329],[79.868403,6.847329],[79.868454,6.847071],[79.868543,6.846739],[79.868595,6.846511],[79.868633,6.846378],[79.868654,6.846288],[79.868691,6.8462],[79.868733,6.846133],[79.868735,6.846134],[79.868744,6.84612],[79.868818,6.846032],[79.86897,6.845895],[79.869194,6.845719],[79.869513,6.845483],[79.869785,6.845289],[79.869951,6.845177],[79.870045,6.845119],[79.870075,6.845095],[79.87011,6.845077]],[[79.87336,6.847279],[79.873005,6.847479],[79.872808,6.847613],[79.872578,6.84726],[79.872523,6.847301],[79.87276,6.847645],[79.872502,6.847821],[79.872324,6.847915],[79.872206,6.847956],[79.872017,6.848033],[79.871917,6.848038],[79.871875,6.848038],[79.871666,6.847958],[79.871631,6.847947],[79.871798,6.847627],[79.871908,6.847354],[79.871867,6.847341],[79.871785,6.847463],[79.871604,6.847938],[79.871315,6.847846],[79.871443,6.847476],[79.871388,6.847476],[79.871273,6.847834],[79.870892,6.84772],[79.870768,6.847697],[79.87062,6.847702],[79.870254,6.847731],[79.86997,6.847725],[79.870798,6.846654],[79.871022,6.84639],[79.871372,6.846097],[79.87156,6.845871],[79.871623,6.845766],[79.871773,6.845646],[79.871933,6.845546],[79.872063,6.845452],[79.872291,6.845314],[79.872458,6.845202],[79.872522,6.84518],[79.872663,6.845539],[79.872813,6.845826],[79.873044,6.846045],[79.873235,6.846292],[79.873467,6.846661],[79.87363,6.846989],[79.873679,6.847149],[79.873667,6.84715],[79.873484,6.847203],[79.87336,6.847279]],[[79.870159,6.847353],[79.869909,6.847648],[79.869841,6.847731],[79.869783,6.847746],[79.86958,6.847767],[79.869268,6.847793],[79.869269,6.847564],[79.869323,6.847116],[79.869344,6.847024],[79.869382,6.846821],[79.869387,6.846736],[79.869397,6.846661],[79.86943,6.8466],[79.869473,6.846529],[79.869615,6.846307],[79.869677,6.846204],[79.869726,6.846162],[79.869779,6.84614],[79.869885,6.846136],[79.869983,6.846151],[79.870021,6.84614],[79.870051,6.846118],[79.870097,6.846069],[79.870138,6.846016],[79.870161,6.845959],[79.870199,6.845906],[79.870229,6.845839],[79.870278,6.845775],[79.870324,6.845733],[79.870392,6.845692],[79.870483,6.845643],[79.870585,6.845617],[79.870687,6.845594],[79.870728,6.84559],[79.870775,6.845591],[79.870815,6.845606],[79.870908,6.845663],[79.871134,6.84582],[79.871234,6.845873],[79.871341,6.84595],[79.871348,6.845967],[79.871264,6.846043],[79.871187,6.846109],[79.87108,6.846212],[79.870976,6.846335],[79.870856,6.846452],[79.870629,6.846748],[79.870448,6.846998],[79.870311,6.847169],[79.870159,6.847353]],[[79.872491,6.848904],[79.87248,6.849167],[79.872453,6.84965],[79.872457,6.850121],[79.872356,6.850131],[79.871592,6.850229],[79.871549,6.850237],[79.871516,6.850027],[79.871485,6.849764],[79.871449,6.849674],[79.871365,6.84959],[79.871302,6.849501],[79.871276,6.849396],[79.871276,6.849243],[79.871324,6.848944],[79.871451,6.848398],[79.871582,6.847976],[79.871676,6.848011],[79.871791,6.848063],[79.871849,6.848076],[79.87197,6.848076],[79.871988,6.848094],[79.87203,6.84822],[79.872249,6.849098],[79.872281,6.849087],[79.872197,6.848788],[79.872035,6.848115],[79.872055,6.848073],[79.872149,6.848041],[79.872336,6.847958],[79.872471,6.8483],[79.872539,6.848536],[79.872565,6.848662],[79.87257,6.848752],[79.872518,6.848857],[79.872491,6.848904]],[[79.869677,6.847862],[79.869677,6.847827],[79.869684,6.847811],[79.8697,6.847798],[79.869777,6.847783],[79.869972,6.847764],[79.870317,6.847771],[79.870736,6.847746],[79.870841,6.847746],[79.870873,6.847759],[79.870998,6.847791],[79.871073,6.847815],[79.871194,6.847864],[79.871309,6.847896],[79.871475,6.847931],[79.871528,6.847955],[79.871351,6.848581],[79.871239,6.849143],[79.871218,6.849385],[79.871233,6.849474],[79.87127,6.849527],[79.871365,6.849648],[79.871433,6.849722],[79.871459,6.849806],[79.871488,6.850249],[79.870213,6.850476],[79.870211,6.849649],[79.870205,6.849512],[79.870116,6.849083],[79.870061,6.848849],[79.869991,6.848634],[79.869895,6.848385],[79.869757,6.848067],[79.869677,6.847862]],[[79.87003,6.850611],[79.870892,6.85046],[79.870993,6.850433],[79.871033,6.850704],[79.871056,6.851068],[79.871043,6.85136],[79.871049,6.851471],[79.871026,6.852066],[79.87102,6.852493],[79.871559,6.8526],[79.871576,6.85255],[79.871103,6.852494],[79.871081,6.85246],[79.871081,6.852271],[79.871121,6.851732],[79.871105,6.851371],[79.871107,6.851104],[79.8711,6.850792],[79.871097,6.850746],[79.871042,6.850432],[79.871397,6.850376],[79.871664,6.850331],[79.871892,6.8503],[79.871931,6.850325],[79.871934,6.850349],[79.871934,6.850402],[79.871954,6.85112],[79.87198,6.851908],[79.871976,6.852192],[79.872025,6.852301],[79.872046,6.852336],[79.872078,6.852382],[79.872339,6.852694],[79.872334,6.852701],[79.872305,6.852723],[79.872208,6.852759],[79.872132,6.852773],[79.87196,6.852783],[79.871895,6.852769],[79.871841,6.852762],[79.87178,6.852743],[79.871629,6.852736],[79.871546,6.852736],[79.871359,6.852746],[79.871284,6.852755],[79.871172,6.852761],[79.871008,6.852778],[79.870996,6.852784],[79.870991,6.852804],[79.871,6.852969],[79.870989,6.852991],[79.870955,6.853008],[79.870787,6.853053],[79.870691,6.853069],[79.870635,6.853086],[79.870567,6.85312],[79.870252,6.85331],[79.870162,6.853355],[79.86987,6.853517],[79.869722,6.853589],[79.869838,6.853263],[79.86988,6.853117],[79.869908,6.853041],[79.869902,6.85243],[79.869965,6.852284],[79.869986,6.852089],[79.869959,6.851916],[79.869925,6.851429],[79.86989,6.851367],[79.869821,6.851255],[79.869814,6.851172],[79.86978,6.851005],[79.869759,6.850866],[79.869738,6.850783],[79.869718,6.85067],[79.87003,6.850611]],[[79.871028,6.852825],[79.87114,6.852796],[79.871532,6.852772],[79.871711,6.852772],[79.871884,6.852801],[79.871949,6.852805],[79.872082,6.852802],[79.872168,6.852795],[79.872379,6.852742],[79.872495,6.852876],[79.872544,6.852942],[79.872558,6.852978],[79.872698,6.853146],[79.872761,6.85321],[79.872884,6.853315],[79.872968,6.853394],[79.873177,6.85357],[79.873184,6.853597],[79.873184,6.853626],[79.873182,6.853652],[79.873156,6.853683],[79.873104,6.853789],[79.872986,6.853964],[79.872888,6.854139],[79.872848,6.854202],[79.872819,6.854225],[79.872776,6.854245],[79.872721,6.854247],[79.872558,6.854246],[79.872466,6.854237],[79.872411,6.854237],[79.87236,6.854242],[79.872302,6.854257],[79.872254,6.854277],[79.872176,6.854328],[79.872096,6.854374],[79.871981,6.854434],[79.871958,6.854443],[79.871932,6.854439],[79.871887,6.854408],[79.871847,6.854358],[79.871802,6.85425],[79.871775,6.854156],[79.871744,6.854066],[79.871713,6.854003],[79.87169,6.853949],[79.871641,6.853864],[79.871596,6.85381],[79.871538,6.853729],[79.871372,6.853558],[79.871242,6.853427],[79.871206,6.853373],[79.871157,6.853306],[79.871134,6.853252],[79.871085,6.853157],[79.871049,6.85304],[79.871028,6.852925],[79.871021,6.852836],[79.871028,6.852825]],[[79.872332,6.854294],[79.872393,6.854276],[79.872619,6.854276],[79.872747,6.854287],[79.872797,6.85428],[79.872866,6.854253],[79.872921,6.854198],[79.873003,6.854064],[79.873074,6.853929],[79.873129,6.853817],[79.873209,6.853681],[79.873227,6.853656],[79.873243,6.853652],[79.87328,6.853652],[79.873304,6.853672],[79.873346,6.853767],[79.873479,6.85413],[79.873517,6.854218],[79.873521,6.854288],[79.873535,6.854352],[79.873531,6.854425],[79.87352,6.854502],[79.873499,6.854559],[79.873457,6.854636],[79.873344,6.855055],[79.873326,6.855146],[79.873315,6.855255],[79.873301,6.855293],[79.873273,6.855483],[79.873255,6.855567],[79.87319,6.855793],[79.872911,6.855746],[79.871877,6.855514],[79.871434,6.85584],[79.8713,6.855929],[79.871111,6.855032],[79.871477,6.854749],[79.871582,6.854686],[79.871749,6.85459],[79.87185,6.85454],[79.872014,6.854464],[79.872112,6.85441],[79.872243,6.854332],[79.872332,6.854294]],[[79.867027,6.85594],[79.867087,6.855797],[79.867159,6.855593],[79.867195,6.855509],[79.86722,6.855365],[79.867268,6.855102],[79.86743,6.854838],[79.867528,6.854551],[79.867645,6.854311],[79.867775,6.853926],[79.868329,6.853893],[79.868661,6.853883],[79.868942,6.853877],[79.869156,6.853878],[79.869234,6.853867],[79.869375,6.853822],[79.869617,6.853702],[79.869701,6.853651],[79.870083,6.853444],[79.870179,6.853405],[79.870399,6.853254],[79.87059,6.853142],[79.870674,6.853114],[79.870893,6.853058],[79.87095,6.853042],[79.870978,6.853042],[79.871006,6.853047],[79.871051,6.853126],[79.871151,6.853351],[79.87121,6.853442],[79.87125,6.853467],[79.871311,6.853543],[79.871433,6.853676],[79.871476,6.853712],[79.871576,6.853838],[79.871645,6.853914],[79.871662,6.85395],[79.871698,6.854047],[79.871766,6.854211],[79.871798,6.854322],[79.871838,6.854394],[79.871881,6.85443],[79.871884,6.854452],[79.871885,6.854477],[79.871788,6.854531],[79.871524,6.854661],[79.871438,6.854727],[79.871314,6.854812],[79.871268,6.854861],[79.871171,6.854918],[79.870774,6.855239],[79.87074,6.855279],[79.870559,6.855412],[79.870507,6.85546],[79.870461,6.855495],[79.870392,6.855558],[79.870071,6.855773],[79.870025,6.855634],[79.869942,6.855263],[79.869859,6.855095],[79.869775,6.855047],[79.869607,6.855106],[79.869151,6.855333],[79.868884,6.854623],[79.868873,6.854634],[79.868814,6.854657],[79.869068,6.855354],[79.868996,6.855486],[79.869395,6.856369],[79.869344,6.856409],[79.869221,6.856492],[79.86908,6.856578],[79.869019,6.856609],[79.86813,6.856532],[79.867589,6.85634],[79.867482,6.856317],[79.867339,6.856271],[79.867332,6.856269],[79.86733,6.856271],[79.866979,6.856169],[79.866949,6.856165],[79.866979,6.856048],[79.867027,6.85594]],[[79.870023,6.855805],[79.869866,6.855907],[79.869648,6.856091],[79.869541,6.85622],[79.869472,6.8563],[79.86944,6.856335],[79.869413,6.856281],[79.869329,6.856041],[79.869198,6.855741],[79.86909,6.855525],[79.869078,6.855453],[79.869391,6.855262],[79.869715,6.855142],[79.86981,6.855143],[79.869858,6.855287],[79.870023,6.855805]],[[79.871684,6.856931],[79.871584,6.856672],[79.87144,6.85639],[79.871319,6.856017],[79.871894,6.855576],[79.872159,6.85563],[79.872849,6.855781],[79.873087,6.855826],[79.873121,6.855926],[79.873107,6.855948],[79.873058,6.856014],[79.872839,6.856217],[79.872755,6.856273],[79.872699,6.856319],[79.8726,6.856382],[79.872414,6.856487],[79.872179,6.856634],[79.872027,6.856721],[79.871684,6.856931]],[[79.869913,6.8564],[79.869913,6.856264],[79.869885,6.856163],[79.869846,6.856056],[79.86981,6.856006],[79.869901,6.855939],[79.869987,6.85588],[79.87009,6.855817],[79.870383,6.855621],[79.870552,6.855479],[79.870792,6.855299],[79.870867,6.855226],[79.871056,6.855073],[79.87123,6.855936],[79.871369,6.856454],[79.87146,6.85662],[79.871623,6.856969],[79.871472,6.857066],[79.871043,6.857318],[79.870797,6.857458],[79.870621,6.857563],[79.870465,6.857659],[79.870325,6.857748],[79.870251,6.857791],[79.870086,6.857671],[79.869757,6.85742],[79.869741,6.857365],[79.869758,6.857272],[79.869792,6.857164],[79.869821,6.857087],[79.869879,6.856969],[79.869887,6.856788],[79.869912,6.856604],[79.869909,6.856419],[79.869913,6.8564]],[[79.869346,6.856617],[79.869338,6.856484],[79.869368,6.856462],[79.869457,6.856387],[79.869585,6.856239],[79.869765,6.856039],[79.869812,6.856123],[79.869868,6.856298],[79.869862,6.856461],[79.869817,6.856653],[79.869782,6.856901],[79.869742,6.857104],[79.869714,6.85716],[79.869646,6.857307],[79.869598,6.857375],[79.869354,6.857336],[79.869289,6.857293],[79.869278,6.857187],[79.869274,6.857113],[79.869314,6.856812],[79.869346,6.856617]],[[79.870725,6.857584],[79.871203,6.857315],[79.871624,6.85705],[79.871937,6.856872],[79.872232,6.856688],[79.872356,6.856962],[79.872438,6.857166],[79.872447,6.857314],[79.872457,6.857379],[79.87241,6.857406],[79.872308,6.857452],[79.87228,6.857573],[79.872289,6.857721],[79.872354,6.857897],[79.87245,6.858046],[79.872311,6.858163],[79.871953,6.858481],[79.871875,6.858564],[79.871733,6.858688],[79.871713,6.858673],[79.871684,6.858644],[79.871635,6.858585],[79.871566,6.858463],[79.871454,6.858321],[79.871342,6.858164],[79.87123,6.857978],[79.871113,6.857812],[79.871083,6.857831],[79.871093,6.857856],[79.871278,6.858125],[79.871702,6.858715],[79.871502,6.858876],[79.871434,6.858924],[79.87137,6.858849],[79.871224,6.858658],[79.871141,6.85857],[79.871102,6.858418],[79.871072,6.858418],[79.871116,6.85856],[79.871406,6.858944],[79.871149,6.859125],[79.87112,6.859125],[79.870993,6.858992],[79.870739,6.858698],[79.870671,6.858601],[79.870607,6.858419],[79.8705,6.858209],[79.870393,6.858028],[79.870281,6.857881],[79.870331,6.857837],[79.870416,6.857773],[79.870725,6.857584]],[[79.869386,6.858597],[79.869983,6.858107],[79.87023,6.857925],[79.870271,6.857959],[79.87035,6.858094],[79.870441,6.858259],[79.870545,6.858436],[79.870606,6.85862],[79.870716,6.858785],[79.87099,6.859085],[79.87107,6.859177],[79.871021,6.85925],[79.870974,6.859298],[79.870969,6.859292],[79.870943,6.859324],[79.870772,6.859486],[79.870727,6.859441],[79.870663,6.859364],[79.870573,6.859196],[79.870515,6.859035],[79.87049,6.858913],[79.870477,6.8587],[79.870419,6.8587],[79.87047,6.859061],[79.870508,6.859209],[79.870579,6.859338],[79.870727,6.859528],[79.870419,6.859839],[79.870289,6.859944],[79.870176,6.86001],[79.87006,6.860031],[79.869948,6.860038],[79.869839,6.860038],[79.869565,6.860025],[79.869218,6.859989],[79.86913,6.859968],[79.86906,6.85994],[79.868994,6.859919],[79.868829,6.859816],[79.868727,6.859769],[79.868667,6.859734],[79.868576,6.859702],[79.86845,6.859667],[79.86819,6.859638],[79.868053,6.859634],[79.867857,6.85962],[79.867825,6.859606],[79.867825,6.859581],[79.867839,6.85956],[79.867955,6.859466],[79.868029,6.859392],[79.86811,6.859301],[79.868219,6.859203],[79.868268,6.859165],[79.868318,6.859144],[79.868388,6.859126],[79.868616,6.859039],[79.868739,6.859004],[79.868887,6.858948],[79.86896,6.858927],[79.869017,6.858889],[79.869108,6.858821],[79.869386,6.858597]],[[79.871163,6.859457],[79.871041,6.859291],[79.871503,6.858925],[79.871746,6.858753],[79.871958,6.85856],[79.8721,6.858423],[79.872324,6.85868],[79.872451,6.858588],[79.872509,6.858623],[79.872797,6.858912],[79.873016,6.859085],[79.873143,6.85927],[79.873189,6.859363],[79.873189,6.859444],[79.873049,6.860148],[79.872979,6.860402],[79.872959,6.860456],[79.872831,6.860409],[79.872699,6.86035],[79.872434,6.86028],[79.872,6.860193],[79.871849,6.860088],[79.871695,6.859935],[79.87157,6.859829],[79.871344,6.859606],[79.871244,6.859526],[79.871163,6.859457]],[[79.870721,6.859924],[79.870546,6.859777],[79.870908,6.859417],[79.870941,6.85939],[79.870955,6.859385],[79.870995,6.85935],[79.871048,6.859395],[79.8712,6.859549],[79.871457,6.859789],[79.871581,6.859897],[79.871802,6.860112],[79.871883,6.860169],[79.871968,6.860222],[79.872009,6.86024],[79.872055,6.860254],[79.872117,6.860261],[79.872223,6.860279],[79.872373,6.860312],[79.872552,6.860359],[79.872715,6.860413],[79.872841,6.860463],[79.872989,6.860542],[79.873082,6.860596],[79.873183,6.860667],[79.873295,6.86075],[79.873364,6.860815],[79.873399,6.860856],[79.87349,6.860942],[79.873535,6.86097],[79.873629,6.861001],[79.873756,6.861028],[79.873796,6.861045],[79.873815,6.86108],[79.873813,6.861104],[79.873815,6.861161],[79.873759,6.861267],[79.873672,6.861264],[79.873375,6.861246],[79.873264,6.861237],[79.873047,6.861237],[79.873047,6.861275],[79.873754,6.861301],[79.873727,6.861608],[79.873706,6.861627],[79.873672,6.861635],[79.873556,6.861645],[79.872383,6.861686],[79.872378,6.86166],[79.872379,6.86138],[79.872452,6.861152],[79.872546,6.860913],[79.872473,6.860893],[79.872431,6.860996],[79.87239,6.861048],[79.872296,6.860986],[79.872089,6.860902],[79.871685,6.860715],[79.871477,6.860569],[79.871363,6.860507],[79.871094,6.860267],[79.870721,6.859924]],[[79.871456,6.860673],[79.871881,6.86086],[79.872099,6.860964],[79.872213,6.860996],[79.872327,6.861048],[79.872359,6.86111],[79.872379,6.861173],[79.872337,6.861255],[79.872316,6.861515],[79.872316,6.861639],[79.872285,6.861691],[79.871899,6.861742],[79.871754,6.861732],[79.871417,6.861777],[79.871434,6.861472],[79.871456,6.86086],[79.871456,6.860673]],[[79.874742,6.84765],[79.874644,6.847256],[79.874623,6.847158],[79.874623,6.847125],[79.874635,6.84711],[79.874665,6.847108],[79.87479,6.847118],[79.874853,6.847134],[79.875068,6.847135],[79.875199,6.847122],[79.87532,6.847106],[79.87538,6.847106],[79.875422,6.847599],[79.875447,6.847682],[79.875505,6.847797],[79.875703,6.848106],[79.875741,6.848266],[79.875748,6.848445],[79.875394,6.84845],[79.875154,6.848457],[79.875029,6.848463],[79.874962,6.84846],[79.87493,6.848383],[79.874872,6.848267],[79.874839,6.848118],[79.874819,6.84804],[79.874807,6.847938],[79.874742,6.84765]],[[79.875449,6.84983],[79.874223,6.84996],[79.874219,6.849884],[79.874188,6.849721],[79.87415,6.84942],[79.874107,6.849181],[79.874044,6.849194],[79.874063,6.849256],[79.874145,6.849968],[79.874108,6.849972],[79.873547,6.850007],[79.873549,6.848935],[79.873524,6.848841],[79.873455,6.848628],[79.87333,6.848257],[79.873312,6.848082],[79.873299,6.848013],[79.873255,6.847987],[79.87318,6.847994],[79.873086,6.848006],[79.873054,6.847993],[79.872954,6.847855],[79.872867,6.847704],[79.872854,6.847667],[79.872854,6.847644],[79.8729,6.847606],[79.873072,6.847485],[79.873229,6.847393],[79.873343,6.847328],[79.87348,6.847255],[79.87358,6.84722],[79.873707,6.847191],[79.873842,6.847175],[79.874312,6.847132],[79.874542,6.847117],[79.874553,6.847125],[79.87458,6.847156],[79.874618,6.847377],[79.874749,6.847868],[79.874775,6.848012],[79.874795,6.848077],[79.874822,6.848205],[79.874848,6.848298],[79.874891,6.848414],[79.874941,6.848507],[79.874991,6.848623],[79.875064,6.848763],[79.875089,6.848834],[79.875197,6.849059],[79.875263,6.849202],[79.875294,6.84926],[79.875321,6.849346],[79.875363,6.849462],[79.875394,6.849593],[79.875419,6.849688],[79.875461,6.849804],[79.875449,6.84983]],[[79.873484,6.850011],[79.87252,6.850114],[79.872521,6.849934],[79.872533,6.849062],[79.872544,6.848936],[79.87256,6.848852],[79.872612,6.848741],[79.872618,6.848699],[79.872586,6.848568],[79.872498,6.848252],[79.872398,6.847958],[79.872384,6.847937],[79.872432,6.847915],[79.872602,6.84782],[79.872733,6.847731],[79.872788,6.847699],[79.872796,6.847692],[79.872835,6.847717],[79.872879,6.847799],[79.872985,6.847974],[79.873023,6.848018],[79.873067,6.848031],[79.873105,6.848019],[79.873205,6.848019],[79.873255,6.848056],[79.873274,6.848132],[79.873318,6.848289],[79.873361,6.848471],[79.873467,6.848804],[79.873492,6.84891],[79.87349,6.849971],[79.873484,6.850011]],[[79.872027,6.850426],[79.872027,6.850304],[79.872101,6.850272],[79.872153,6.850258],[79.87235,6.850234],[79.872352,6.850236],[79.872507,6.850216],[79.87277,6.850188],[79.872949,6.85016],[79.873017,6.850154],[79.873029,6.850344],[79.873022,6.85107],[79.873027,6.851408],[79.873073,6.851403],[79.873053,6.851188],[79.873043,6.850952],[79.873059,6.850492],[79.873054,6.850185],[79.873072,6.850148],[79.873283,6.850128],[79.873447,6.850121],[79.873695,6.850106],[79.87372,6.85013],[79.873735,6.850161],[79.87376,6.850366],[79.87376,6.85056],[79.8738,6.850844],[79.873815,6.850987],[79.873841,6.851018],[79.873882,6.851023],[79.873912,6.851023],[79.873938,6.851049],[79.873989,6.851131],[79.873979,6.851187],[79.873979,6.851248],[79.874014,6.851371],[79.87407,6.851458],[79.874152,6.851535],[79.874167,6.851561],[79.874162,6.851632],[79.874141,6.851688],[79.874116,6.851724],[79.874085,6.851729],[79.874019,6.851714],[79.873886,6.851703],[79.873788,6.851708],[79.873722,6.851723],[79.873666,6.851749],[79.873614,6.851779],[79.873497,6.851815],[79.87343,6.851815],[79.873328,6.85182],[79.87321,6.851845],[79.873164,6.851866],[79.873113,6.851896],[79.873097,6.851927],[79.873092,6.851963],[79.873112,6.852418],[79.873091,6.852474],[79.87306,6.852525],[79.873014,6.852566],[79.872958,6.852591],[79.872876,6.852617],[79.872753,6.852642],[79.872646,6.852667],[79.87247,6.852695],[79.872414,6.852632],[79.872376,6.852594],[79.872292,6.852478],[79.87218,6.852334],[79.872155,6.852299],[79.872096,6.852193],[79.872085,6.852123],[79.872073,6.851726],[79.872049,6.851375],[79.872036,6.851105],[79.87204,6.850616],[79.872027,6.850426]],[[79.875469,6.852217],[79.875431,6.852291],[79.875367,6.852403],[79.874879,6.85254],[79.874146,6.852688],[79.873342,6.852888],[79.87283,6.853118],[79.872759,6.853043],[79.872542,6.852774],[79.872519,6.852749],[79.87253,6.85273],[79.872551,6.852713],[79.872653,6.852689],[79.872846,6.852649],[79.873001,6.8526],[79.873051,6.852571],[79.873088,6.852539],[79.873112,6.852506],[79.873137,6.852465],[79.873145,6.852416],[79.873141,6.852289],[79.873125,6.852068],[79.873125,6.851982],[79.873142,6.851925],[79.873158,6.8519],[79.873244,6.851876],[79.873371,6.851852],[79.873449,6.851844],[79.873519,6.851823],[79.873678,6.85179],[79.873714,6.851764],[79.873796,6.851739],[79.873914,6.851739],[79.874088,6.85176],[79.874129,6.851755],[79.874154,6.851745],[79.87417,6.851689],[79.874211,6.851581],[79.87418,6.851505],[79.874078,6.851397],[79.874043,6.851336],[79.874017,6.851259],[79.874012,6.851203],[79.874012,6.851105],[79.874007,6.85107],[79.873971,6.851023],[79.87392,6.850977],[79.87389,6.850936],[79.873864,6.85086],[79.873804,6.850317],[79.873768,6.850179],[79.873779,6.850113],[79.873795,6.850098],[79.873898,6.850088],[79.874509,6.850014],[79.874927,6.849979],[79.875123,6.849952],[79.875274,6.849934],[79.875397,6.849928],[79.875629,6.84991],[79.875737,6.849896],[79.87574,6.849931],[79.87574,6.849979],[79.875729,6.850037],[79.875718,6.85016],[79.875637,6.85061],[79.875583,6.851084],[79.875567,6.851159],[79.875567,6.851319],[79.875534,6.851564],[79.875507,6.851729],[79.875544,6.851932],[79.875539,6.851998],[79.875544,6.852057],[79.875528,6.852131],[79.875469,6.852217]],[[79.874913,6.852586],[79.875099,6.852551],[79.875155,6.852533],[79.875226,6.852523],[79.875305,6.852503],[79.875299,6.852617],[79.875276,6.852707],[79.87519,6.853122],[79.875174,6.853186],[79.875168,6.853333],[79.875173,6.853386],[79.875253,6.853775],[79.875274,6.853892],[79.875273,6.854015],[79.875342,6.854298],[79.87539,6.854442],[79.875411,6.854639],[79.875421,6.854761],[79.875416,6.854804],[79.8754,6.854825],[79.875373,6.854836],[79.875235,6.854836],[79.875016,6.85491],[79.874765,6.854989],[79.874669,6.855016],[79.874637,6.855016],[79.874568,6.854989],[79.874482,6.854973],[79.874371,6.854957],[79.874253,6.854951],[79.873891,6.85495],[79.873773,6.854961],[79.873672,6.854939],[79.873565,6.854923],[79.873533,6.854891],[79.873518,6.854861],[79.873542,6.854795],[79.873581,6.854635],[79.87362,6.854428],[79.873609,6.854264],[79.873585,6.854204],[79.873543,6.854085],[79.873512,6.853972],[79.87348,6.853902],[79.873421,6.853746],[79.873354,6.853605],[79.873327,6.853567],[79.873204,6.853413],[79.873003,6.853221],[79.87288,6.853138],[79.873071,6.853068],[79.873398,6.852931],[79.873747,6.852842],[79.87391,6.852809],[79.874142,6.852747],[79.874233,6.852729],[79.874312,6.852717],[79.874556,6.852664],[79.874683,6.852646],[79.874768,6.852628],[79.874913,6.852586]],[[79.873425,6.855275],[79.873483,6.854964],[79.873491,6.85496],[79.873523,6.854955],[79.873672,6.854993],[79.873736,6.854998],[79.873864,6.854993],[79.873954,6.854993],[79.874072,6.854999],[79.874216,6.854999],[79.874424,6.85501],[79.874578,6.855048],[79.874632,6.855058],[79.874712,6.855059],[79.874786,6.855027],[79.874914,6.85499],[79.874941,6.85499],[79.875101,6.854942],[79.875224,6.8549],[79.875331,6.854889],[79.875389,6.854895],[79.875432,6.854916],[79.875448,6.854943],[79.875469,6.855065],[79.875479,6.855188],[79.875548,6.855428],[79.875649,6.855652],[79.875729,6.855823],[79.875777,6.855903],[79.875803,6.855956],[79.875792,6.855967],[79.875632,6.855972],[79.875499,6.855987],[79.875435,6.855977],[79.875382,6.855971],[79.875259,6.855934],[79.875169,6.855912],[79.875067,6.855896],[79.874977,6.855896],[79.874854,6.855912],[79.874694,6.855938],[79.874561,6.85597],[79.874427,6.855969],[79.874155,6.855942],[79.873937,6.855926],[79.87366,6.855893],[79.873468,6.855877],[79.873388,6.855877],[79.873308,6.855861],[79.873286,6.855845],[79.873269,6.855836],[79.873283,6.855796],[79.873351,6.855556],[79.873425,6.855275]],[[79.872956,6.856216],[79.873171,6.855992],[79.873237,6.855916],[79.873289,6.855913],[79.873401,6.855928],[79.873773,6.855958],[79.874067,6.855991],[79.874189,6.855996],[79.874497,6.856021],[79.874561,6.856016],[79.874644,6.856006],[79.874703,6.855992],[79.87483,6.855977],[79.874928,6.855958],[79.875089,6.855958],[79.875212,6.855973],[79.875378,6.856032],[79.875779,6.856018],[79.875823,6.856043],[79.875867,6.856077],[79.87594,6.85631],[79.875998,6.856535],[79.876013,6.856652],[79.876008,6.856813],[79.875968,6.85695],[79.875924,6.857048],[79.87585,6.857199],[79.875772,6.857351],[79.875757,6.857573],[79.875732,6.857666],[79.875688,6.857749],[79.875648,6.857818],[79.875595,6.857862],[79.875531,6.85792],[79.875452,6.857979],[79.875448,6.857998],[79.875408,6.858262],[79.875388,6.858306],[79.875349,6.85836],[79.875295,6.858384],[79.875124,6.858404],[79.874845,6.85844],[79.874595,6.858429],[79.874561,6.85842],[79.874493,6.85838],[79.874434,6.858331],[79.874361,6.858297],[79.873959,6.858282],[79.873901,6.858277],[79.873842,6.858257],[79.873612,6.858134],[79.873549,6.858105],[79.873427,6.85807],[79.873368,6.858065],[79.873294,6.85808],[79.873128,6.858148],[79.872981,6.858184],[79.872898,6.85815],[79.872727,6.858013],[79.872654,6.857949],[79.872615,6.857939],[79.872551,6.857959],[79.872495,6.858009],[79.872474,6.857952],[79.872409,6.85785],[79.872354,6.857739],[79.872327,6.857591],[79.872373,6.85748],[79.872475,6.857434],[79.872521,6.857397],[79.872512,6.857286],[79.872475,6.857148],[79.872393,6.856935],[79.872282,6.85666],[79.872506,6.856533],[79.872721,6.856384],[79.872759,6.856353],[79.872956,6.856216]],[[79.875348,6.858434],[79.875405,6.858407],[79.875441,6.858341],[79.875449,6.858311],[79.875508,6.858307],[79.875556,6.858335],[79.875584,6.858466],[79.875587,6.85867],[79.875621,6.859064],[79.875586,6.859127],[79.875475,6.859168],[79.875274,6.859223],[79.87497,6.859222],[79.874479,6.859228],[79.874481,6.859178],[79.874512,6.85907],[79.874534,6.859007],[79.874549,6.858937],[79.874565,6.858853],[79.874557,6.858776],[79.874534,6.858698],[79.874523,6.858594],[79.874508,6.858506],[79.874508,6.858464],[79.874558,6.858476],[79.874664,6.858481],[79.874986,6.858473],[79.875277,6.858438],[79.875348,6.858434]],[[79.873212,6.859259],[79.873085,6.859097],[79.872935,6.858935],[79.872636,6.858681],[79.872486,6.858519],[79.872359,6.858611],[79.872324,6.858611],[79.872135,6.858389],[79.872367,6.858166],[79.872553,6.858029],[79.872579,6.85802],[79.872623,6.85802],[79.872659,6.858034],[79.872712,6.858065],[79.872848,6.858184],[79.872932,6.858224],[79.872985,6.858242],[79.873033,6.858229],[79.873078,6.858211],[79.873241,6.858158],[79.873325,6.858119],[79.873387,6.85811],[79.873453,6.858119],[79.873501,6.858132],[79.873638,6.85819],[79.87377,6.858283],[79.873863,6.858323],[79.873927,6.858334],[79.874046,6.858339],[79.874271,6.858335],[79.874337,6.858348],[79.874395,6.858383],[79.874443,6.858427],[79.874477,6.858454],[79.874488,6.858571],[79.874503,6.858648],[79.874523,6.858714],[79.874522,6.858795],[79.874515,6.858864],[79.874503,6.858933],[79.874487,6.858995],[79.874456,6.859091],[79.874441,6.859161],[79.874429,6.859246],[79.874436,6.859369],[79.874436,6.859508],[79.874448,6.859635],[79.874463,6.859851],[79.874456,6.860011],[79.874453,6.860049],[79.874425,6.860095],[79.874391,6.860142],[79.874313,6.860219],[79.874228,6.860319],[79.874136,6.860423],[79.874089,6.860461],[79.874066,6.860503],[79.874,6.860576],[79.873969,6.860626],[79.873927,6.860711],[79.873855,6.860906],[79.873843,6.860956],[79.873836,6.860971],[79.873764,6.860978],[79.873632,6.860948],[79.873519,6.860896],[79.873418,6.860782],[79.873264,6.860645],[79.873091,6.860531],[79.873002,6.860476],[79.873025,6.860425],[79.873153,6.859859],[79.873223,6.859605],[79.873246,6.859502],[79.873258,6.859375],[79.873258,6.859328],[79.873212,6.859259]],[[79.874743,6.859277],[79.875011,6.859278],[79.875177,6.859658],[79.875197,6.859735],[79.874669,6.859856],[79.874557,6.85985],[79.874529,6.859735],[79.874516,6.85948],[79.874519,6.859328],[79.874594,6.859306],[79.874743,6.859277]],[[79.873932,6.860763],[79.873967,6.860721],[79.874006,6.86064],[79.874079,6.860544],[79.874175,6.860429],[79.874184,6.860453],[79.87419,6.86059],[79.874172,6.860977],[79.874148,6.861324],[79.874154,6.861381],[79.874188,6.861381],[79.874188,6.861233],[79.874206,6.861011],[79.874218,6.860732],[79.874213,6.860392],[79.874238,6.860367],[79.874315,6.860274],[79.874373,6.860228],[79.874416,6.860178],[79.874454,6.860121],[79.874489,6.860074],[79.874505,6.860009],[79.874509,6.859924],[79.874507,6.859907],[79.874635,6.859959],[79.874635,6.860061],[79.874617,6.860233],[79.874655,6.86023],[79.874675,6.860021],[79.874715,6.860021],[79.87476,6.860141],[79.874783,6.860289],[79.874783,6.860312],[79.874857,6.860289],[79.875108,6.860187],[79.875079,6.860153],[79.874817,6.860261],[79.874789,6.860164],[79.874783,6.86005],[79.874749,6.859993],[79.874669,6.859947],[79.874603,6.859913],[79.875225,6.859783],[79.875404,6.860254],[79.875473,6.860226],[79.875253,6.859659],[79.875067,6.859285],[79.875101,6.859264],[79.875295,6.859251],[79.875364,6.859555],[79.875405,6.859548],[79.875343,6.859271],[79.875364,6.859251],[79.875544,6.859203],[79.875773,6.859065],[79.875911,6.859058],[79.876043,6.859072],[79.876423,6.85917],[79.876485,6.859218],[79.876451,6.859356],[79.876409,6.859432],[79.87634,6.859529],[79.876008,6.859739],[79.875928,6.859824],[79.875905,6.859887],[79.875887,6.859958],[79.87583,6.86012],[79.875729,6.860279],[79.875637,6.860417],[79.875489,6.860553],[79.875467,6.860636],[79.875506,6.860699],[79.8758,6.861077],[79.875878,6.86118],[79.875757,6.861272],[79.875075,6.861485],[79.874679,6.861551],[79.874201,6.861576],[79.873764,6.861612],[79.873782,6.861344],[79.873813,6.861251],[79.873844,6.861137],[79.873844,6.861087],[79.873871,6.861002],[79.873891,6.860896],[79.873932,6.860763]],[[79.877139,6.847129],[79.877145,6.847276],[79.877134,6.847662],[79.877109,6.848319],[79.877078,6.848988],[79.877055,6.849221],[79.877052,6.849636],[79.876762,6.849648],[79.876511,6.84969],[79.876061,6.849749],[79.876008,6.849638],[79.875964,6.849286],[79.875907,6.84892],[79.875843,6.84892],[79.875938,6.849568],[79.87595,6.849683],[79.87595,6.849764],[79.875553,6.849816],[79.875517,6.849807],[79.875358,6.849256],[79.875205,6.848922],[79.875102,6.848717],[79.874977,6.848488],[79.875773,6.848478],[79.87578,6.848388],[79.87578,6.848253],[79.875703,6.848041],[79.875588,6.847836],[79.875467,6.847643],[79.875442,6.847413],[79.875442,6.847106],[79.876439,6.847083],[79.876928,6.847112],[79.87712,6.847129],[79.877139,6.847129]],[[79.877478,6.853603],[79.877597,6.854243],[79.877613,6.854365],[79.877488,6.854368],[79.877255,6.854382],[79.877214,6.854371],[79.877165,6.854367],[79.87689,6.854399],[79.876881,6.854344],[79.876839,6.854174],[79.876785,6.854074],[79.87677,6.85402],[79.876551,6.853754],[79.87636,6.853559],[79.876051,6.852922],[79.87601,6.852819],[79.875853,6.852598],[79.87579,6.852541],[79.875717,6.852443],[79.875681,6.852376],[79.875652,6.852058],[79.875589,6.851944],[79.875584,6.851872],[79.8756,6.851635],[79.875585,6.851459],[79.875604,6.851291],[79.875628,6.851117],[79.875643,6.850891],[79.875658,6.850751],[79.875726,6.850423],[79.875736,6.850327],[79.87578,6.850037],[79.875812,6.849886],[79.87599,6.849875],[79.876056,6.849864],[79.876233,6.849826],[79.87638,6.849798],[79.876587,6.849763],[79.876784,6.849735],[79.876928,6.849725],[79.877022,6.849708],[79.877078,6.850239],[79.877084,6.850331],[79.877133,6.850646],[79.877199,6.851231],[79.877237,6.851539],[79.877298,6.852271],[79.877361,6.852513],[79.877455,6.853262],[79.877478,6.853603]],[[79.876785,6.854434],[79.876649,6.854434],[79.876567,6.854445],[79.876503,6.854475],[79.876465,6.854505],[79.876424,6.85455],[79.876401,6.854584],[79.876356,6.854614],[79.876307,6.854629],[79.876228,6.854629],[79.87616,6.85464],[79.875976,6.854643],[79.875901,6.854636],[79.875848,6.854635],[79.875799,6.854643],[79.875776,6.854669],[79.875757,6.854763],[79.875738,6.854789],[79.875705,6.854801],[79.875535,6.854808],[79.875483,6.854808],[79.875464,6.854796],[79.875452,6.854685],[79.875438,6.854473],[79.875411,6.854329],[79.875379,6.854234],[79.875321,6.854011],[79.875325,6.853915],[79.875308,6.853812],[79.875284,6.853685],[79.875251,6.853533],[79.875231,6.85345],[79.875217,6.853385],[79.875207,6.853299],[79.875211,6.853179],[79.875208,6.853142],[79.875259,6.852946],[79.875299,6.852759],[79.875351,6.852568],[79.875403,6.852435],[79.875497,6.852264],[79.875523,6.852221],[79.875561,6.852204],[79.875578,6.852221],[79.875588,6.852259],[79.875605,6.852417],[79.875616,6.852455],[79.87565,6.852503],[79.875725,6.852589],[79.875824,6.852695],[79.875937,6.852881],[79.876002,6.853028],[79.876053,6.853124],[79.876124,6.853291],[79.876147,6.853335],[79.876199,6.853421],[79.87625,6.853493],[79.876322,6.85362],[79.87638,6.853703],[79.876409,6.853739],[79.876297,6.853807],[79.876219,6.853846],[79.876083,6.853899],[79.875966,6.853933],[79.87587,6.853953],[79.875878,6.853986],[79.876161,6.853909],[79.876317,6.853836],[79.876436,6.853766],[79.87651,6.85384],[79.876654,6.853974],[79.876724,6.854052],[79.87681,6.854192],[79.876837,6.854309],[79.876849,6.854393],[79.876838,6.854412],[79.876785,6.854434]],[[79.877756,6.855266],[79.877766,6.855603],[79.877787,6.855758],[79.877473,6.855804],[79.87715,6.85587],[79.877116,6.855793],[79.877066,6.855662],[79.877039,6.855515],[79.877028,6.855446],[79.877024,6.855334],[79.877032,6.855234],[79.876997,6.855006],[79.876934,6.854745],[79.876901,6.854469],[79.876935,6.854453],[79.877202,6.854416],[79.877266,6.854416],[79.877432,6.854409],[79.877618,6.854406],[79.877635,6.854527],[79.877732,6.855055],[79.877756,6.855266]],[[79.875538,6.855277],[79.875507,6.855167],[79.875489,6.855059],[79.875468,6.854922],[79.875467,6.854873],[79.875524,6.854853],[79.875607,6.854838],[79.875742,6.854842],[79.875765,6.854835],[79.875802,6.854805],[79.875829,6.854692],[79.875863,6.854673],[79.875949,6.85467],[79.8761,6.854681],[79.876171,6.854681],[79.876295,6.854674],[79.876382,6.854652],[79.876446,6.85461],[79.87654,6.854513],[79.876604,6.854494],[79.876706,6.854483],[79.876762,6.854483],[79.876869,6.85447],[79.876927,6.854863],[79.876958,6.854997],[79.876988,6.855172],[79.876984,6.855457],[79.876981,6.855508],[79.876994,6.855566],[79.877011,6.855621],[79.87704,6.855736],[79.877082,6.855877],[79.877009,6.855893],[79.876897,6.855912],[79.876678,6.855953],[79.876482,6.855986],[79.876314,6.855999],[79.875973,6.85604],[79.87593,6.856036],[79.875841,6.855904],[79.875783,6.855804],[79.875716,6.855703],[79.875671,6.855617],[79.875579,6.855397],[79.875538,6.855277]],[[79.877576,6.856259],[79.877333,6.856309],[79.877171,6.856324],[79.87714,6.856324],[79.877121,6.856305],[79.877121,6.856282],[79.87714,6.856247],[79.877163,6.856174],[79.877183,6.85605],[79.877179,6.855927],[79.877176,6.855922],[79.877225,6.855904],[79.87743,6.855865],[79.877716,6.855823],[79.877794,6.855814],[79.877815,6.855966],[79.87785,6.856207],[79.877746,6.856233],[79.877576,6.856259]],[[79.876594,6.856028],[79.876715,6.856],[79.876818,6.855972],[79.877037,6.855926],[79.877093,6.855921],[79.877096,6.855924],[79.877105,6.855952],[79.877122,6.856038],[79.877101,6.856148],[79.877067,6.85624],[79.877029,6.856299],[79.876971,6.856329],[79.876751,6.856408],[79.876596,6.856466],[79.876316,6.85658],[79.876237,6.856632],[79.876179,6.856655],[79.876131,6.856669],[79.87611,6.856669],[79.876086,6.856648],[79.876066,6.856604],[79.876066,6.856569],[79.876005,6.856346],[79.875963,6.856119],[79.876001,6.856101],[79.876053,6.856087],[79.876137,6.856078],[79.876356,6.85606],[79.876477,6.856037],[79.876594,6.856028]],[[79.877936,6.856939],[79.877971,6.857239],[79.877971,6.85727],[79.876519,6.857276],[79.875958,6.857137],[79.876089,6.856797],[79.876455,6.856856],[79.876455,6.85685],[79.876094,6.856793],[79.876114,6.856737],[79.876145,6.856719],[79.876238,6.85668],[79.87645,6.856599],[79.87645,6.856602],[79.876492,6.856586],[79.876664,6.856516],[79.876894,6.856441],[79.877026,6.856402],[79.877203,6.85638],[79.877278,6.856362],[79.877392,6.856345],[79.877807,6.856271],[79.877847,6.856275],[79.87786,6.856306],[79.877875,6.856502],[79.877906,6.856745],[79.877936,6.856939]],[[79.8776,6.858524],[79.877486,6.858767],[79.877195,6.8595],[79.877119,6.859459],[79.877334,6.858945],[79.877601,6.858287],[79.877656,6.858072],[79.877751,6.85759],[79.877702,6.85759],[79.877623,6.858033],[79.877208,6.857849],[79.877115,6.857999],[79.876882,6.857965],[79.876738,6.85792],[79.87661,6.857898],[79.87583,6.857841],[79.875728,6.857837],[79.875771,6.857704],[79.875822,6.857446],[79.875919,6.857248],[79.875943,6.857185],[79.876495,6.857309],[79.876916,6.857328],[79.877975,6.857321],[79.877962,6.857437],[79.877951,6.857603],[79.877957,6.857693],[79.877931,6.857772],[79.87784,6.85797],[79.877769,6.85816],[79.877688,6.858296],[79.8776,6.858524]],[[79.876548,6.859113],[79.876503,6.859136],[79.876414,6.859086],[79.876254,6.859016],[79.876031,6.858969],[79.875822,6.858969],[79.875697,6.859],[79.875688,6.858972],[79.875642,6.858597],[79.875633,6.858382],[79.875614,6.858298],[79.875577,6.858261],[79.875521,6.858261],[79.875458,6.858268],[79.87547,6.858136],[79.875505,6.857991],[79.875536,6.857969],[79.875616,6.857938],[79.8757,6.857885],[79.875702,6.857881],[79.876148,6.857907],[79.876644,6.857945],[79.876868,6.85802],[79.877005,6.858039],[79.877069,6.858069],[79.876783,6.858768],[79.876698,6.858936],[79.876614,6.859011],[79.876548,6.859113]],[[79.876825,6.858789],[79.876897,6.858601],[79.876988,6.858429],[79.877095,6.858138],[79.877214,6.857899],[79.877607,6.858094],[79.877473,6.858425],[79.877406,6.858624],[79.877084,6.859454],[79.876598,6.859153],[79.87673,6.858944],[79.876825,6.858789]],[[79.87653,6.859292],[79.876553,6.859237],[79.876895,6.859404],[79.876923,6.859437],[79.876746,6.859658],[79.876701,6.859658],[79.876464,6.859475],[79.87653,6.859292]],[[79.877116,6.859578],[79.877057,6.859696],[79.877001,6.859834],[79.876818,6.859712],[79.876978,6.859476],[79.877017,6.859481],[79.877056,6.859542],[79.877116,6.859578]],[[79.875974,6.85983],[79.876315,6.859595],[79.876404,6.859532],[79.876417,6.859519],[79.87678,6.859749],[79.876977,6.859881],[79.876877,6.860068],[79.876795,6.860179],[79.876855,6.860225],[79.87675,6.860376],[79.876644,6.860485],[79.876558,6.860613],[79.876525,6.860675],[79.87645,6.860791],[79.876384,6.86088],[79.87625,6.860996],[79.876112,6.861089],[79.875927,6.861181],[79.875524,6.860661],[79.875581,6.860558],[79.875802,6.860276],[79.875894,6.860152],[79.875954,6.859988],[79.875974,6.85983]]],[[[79.877847,6.858236],[79.877829,6.858255],[79.877806,6.858289],[79.877795,6.858331],[79.877791,6.858356],[79.877847,6.858236]]],[[[79.877889,6.855515],[79.877889,6.855527],[79.877892,6.855534],[79.877889,6.855515]]],[[[79.877737,6.854472],[79.877684,6.854065],[79.877687,6.854114],[79.87772,6.854357],[79.877724,6.854478],[79.877735,6.854516],[79.877766,6.854642],[79.877737,6.854472]]],[[[79.877637,6.853709],[79.877625,6.853634],[79.877627,6.853772],[79.877619,6.85381],[79.877663,6.853908],[79.877637,6.853709]]],[[[79.877604,6.853514],[79.877606,6.853527],[79.877607,6.853528],[79.877604,6.853514]]],[[[79.877183,6.850122],[79.877181,6.850133],[79.877185,6.850156],[79.877183,6.850122]]],[[[79.877166,6.849925],[79.877152,6.849824],[79.87717,6.849993],[79.877173,6.850004],[79.877166,6.849925]]],[[[79.862775,6.845053],[79.862777,6.844782],[79.862777,6.844629],[79.862775,6.845053]]],[[[79.862771,6.845552],[79.862773,6.845354],[79.862765,6.84584],[79.862771,6.845552]]],[[[79.862752,6.846384],[79.862753,6.84633],[79.862746,6.846499],[79.862752,6.846384]]],[[[79.86847,6.86049],[79.868498,6.860563],[79.868518,6.860709],[79.86858,6.860937],[79.868611,6.861228],[79.868652,6.861228],[79.868622,6.86102],[79.868601,6.860865],[79.86857,6.860802],[79.86857,6.860657],[79.86854,6.860543],[79.868521,6.860495],[79.86847,6.86049]]],[[[79.877109,6.848319],[79.876654,6.848347],[79.876987,6.848329],[79.877109,6.848319]]]]}},{"type":"Feature","properties":{"sub":"Water","name":null,"area":0.11770105325,"main":"Water","domain":"Non Built-up"},"geometry":{"type":"Polygon","coordinates":[[[79.859724,6.862519],[79.859791,6.862557],[79.859776,6.862593],[79.859865,6.862598],[79.859858,6.862597],[79.859826,6.862565],[79.859755,6.86252],[79.859724,6.862519]]]}},{"type":"Feature","properties":{"sub":"Low Rise","name":null,"area":0.16791406943,"main":"Residential","domain":"Built-up"},"geometry":{"type":"Polygon","coordinates":[[[79.861029,6.859696],[79.861006,6.859882],[79.86124,6.859909],[79.861295,6.859919],[79.861576,6.859948],[79.861615,6.859961],[79.861638,6.859965],[79.861657,6.859958],[79.861696,6.859865],[79.861712,6.859813],[79.861712,6.859784],[79.861706,6.859765],[79.861664,6.859745],[79.861092,6.859699],[79.861029,6.859696]]]}},{"type":"Feature","properties":{"sub":"Low Rise","name":null,"area":0.69003494827,"main":"Residential","domain":"Built-up"},"geometry":{"type":"Polygon","coordinates":[[[79.86178,6.859479],[79.861465,6.859443],[79.86146,6.859492],[79.861289,6.859468],[79.86133,6.85916],[79.861003,6.859126],[79.860595,6.859094],[79.860568,6.859373],[79.860287,6.859352],[79.860269,6.859606],[79.860427,6.859623],[79.860671,6.859637],[79.860957,6.859648],[79.861337,6.859678],[79.86169,6.859709],[79.861741,6.859696],[79.86178,6.859479]]]}},{"type":"Feature","properties":{"sub":"Low Rise","name":null,"area":0.92267589654,"main":"Residential","domain":"Built-up"},"geometry":{"type":"Polygon","coordinates":[[[79.861688,6.858693],[79.861726,6.858447],[79.861454,6.858411],[79.860701,6.858325],[79.860654,6.85865],[79.860882,6.858688],[79.860825,6.859058],[79.861001,6.859079],[79.861592,6.859141],[79.861821,6.85918],[79.861834,6.859171],[79.86185,6.859145],[79.861932,6.858722],[79.861688,6.858693]]]}},{"type":"Feature","properties":{"sub":"Low Rise","name":null,"area":2.06732316924,"main":"Residential","domain":"Built-up"},"geometry":{"type":"Polygon","coordinates":[[[79.860646,6.857231],[79.860769,6.857255],[79.860729,6.857506],[79.861024,6.857564],[79.861822,6.857717],[79.86214,6.857775],[79.862169,6.857653],[79.862195,6.857567],[79.862225,6.857553],[79.862337,6.857565],[79.863459,6.857805],[79.864351,6.858025],[79.864402,6.857786],[79.864441,6.85762],[79.863503,6.857397],[79.86316,6.85732],[79.863144,6.857412],[79.862924,6.857368],[79.862944,6.857272],[79.861967,6.857048],[79.861824,6.857027],[79.861787,6.857035],[79.861761,6.857077],[79.86174,6.857195],[79.861711,6.857228],[79.861652,6.857245],[79.861555,6.857228],[79.861135,6.857122],[79.860695,6.857008],[79.860646,6.857231]]]}},{"type":"Feature","properties":{"sub":"Low Rise","name":null,"area":0.35670797646,"main":"Residential","domain":"Built-up"},"geometry":{"type":"Polygon","coordinates":[[[79.862631,6.854012],[79.861519,6.853687],[79.861438,6.853939],[79.861486,6.853947],[79.861558,6.853971],[79.861811,6.854032],[79.862116,6.854117],[79.862561,6.854253],[79.862631,6.854012]]]}},{"type":"Feature","properties":{"sub":"Low Rise","name":null,"area":0.07023819622,"main":"Residential","domain":"Built-up"},"geometry":{"type":"Polygon","coordinates":[[[79.862859,6.844072],[79.863037,6.84407],[79.863026,6.844281],[79.863111,6.844284],[79.863126,6.843916],[79.862867,6.843921],[79.862859,6.844072]]]}},{"type":"Feature","properties":{"sub":"Low Rise","name":null,"area":0.95564333059,"main":"Residential","domain":"Built-up"},"geometry":{"type":"Polygon","coordinates":[[[79.86319,6.844195],[79.863198,6.84428],[79.863222,6.844284],[79.86347,6.844293],[79.863831,6.844334],[79.86431,6.844367],[79.864343,6.844359],[79.864359,6.844327],[79.864364,6.84397],[79.864364,6.84375],[79.864348,6.843698],[79.864295,6.843681],[79.863248,6.843626],[79.863211,6.843655],[79.863195,6.843695],[79.86319,6.844195]]]}},{"type":"Feature","properties":{"sub":"Low Rise","name":null,"area":0.2893466046,"main":"Residential","domain":"Built-up"},"geometry":{"type":"Polygon","coordinates":[[[79.863808,6.848608],[79.863756,6.848601],[79.863645,6.84859],[79.863495,6.84858],[79.863163,6.84853],[79.862917,6.848498],[79.862829,6.848493],[79.86265,6.848487],[79.862626,6.848666],[79.863466,6.848779],[79.863647,6.848808],[79.863772,6.84882],[79.863808,6.848608]]]}},{"type":"Feature","properties":{"sub":"Water","name":null,"area":1.12284316828,"main":"Water","domain":"Non Built-up"},"geometry":{"type":"Polygon","coordinates":[[[79.860289,6.862601],[79.860546,6.862622],[79.861021,6.862513],[79.861429,6.862479],[79.861854,6.862428],[79.862325,6.86244],[79.862672,6.862583],[79.862969,6.86279],[79.863199,6.863006],[79.863546,6.863232],[79.863562,6.86317],[79.863535,6.863152],[79.863436,6.863129],[79.863386,6.863075],[79.863314,6.863057],[79.863265,6.86303],[79.862977,6.862727],[79.862882,6.862646],[79.862851,6.86261],[79.862779,6.86252],[79.862733,6.862491],[79.862774,6.86248],[79.862835,6.862473],[79.862629,6.862347],[79.862402,6.862269],[79.862031,6.862253],[79.861364,6.862335],[79.860922,6.862403],[79.860407,6.862462],[79.860126,6.862519],[79.860118,6.862602],[79.860289,6.862601]]]}},{"type":"Feature","properties":{"sub":"Retail","name":null,"area":0.11975600974,"main":"Commercial","domain":"Built-up"},"geometry":{"type":"Polygon","coordinates":[[[79.863458,6.862922],[79.863312,6.862813],[79.863,6.862587],[79.862913,6.862492],[79.862871,6.862475],[79.862835,6.862473],[79.862774,6.86248],[79.862733,6.862491],[79.862779,6.86252],[79.862851,6.86261],[79.862882,6.862646],[79.862977,6.862727],[79.863163,6.862923],[79.863241,6.862919],[79.863327,6.862936],[79.863372,6.862941],[79.863458,6.862922]]]}},{"type":"Feature","properties":{"sub":"Retail","name":"Diliganz","area":0.34306946149,"main":"Commercial","domain":"Built-up"},"geometry":{"type":"Polygon","coordinates":[[[79.863589,6.863015],[79.863728,6.862374],[79.863711,6.862367],[79.863603,6.862377],[79.863435,6.862387],[79.863357,6.862394],[79.863263,6.86241],[79.863196,6.86243],[79.863105,6.862444],[79.863037,6.86245],[79.862923,6.862477],[79.862871,6.862475],[79.862913,6.862492],[79.863,6.862587],[79.863312,6.862813],[79.863458,6.862922],[79.863589,6.863015]]]}},{"type":"Feature","properties":{"sub":"Water","name":null,"area":1.21728313434,"main":"Water","domain":"Non Built-up"},"geometry":{"type":"Polygon","coordinates":[[[79.863783,6.863403],[79.864058,6.863616],[79.864326,6.863842],[79.864546,6.86405],[79.864679,6.864206],[79.864862,6.864453],[79.864955,6.864553],[79.865023,6.864601],[79.865185,6.864602],[79.86561,6.86457],[79.865834,6.86457],[79.866065,6.864546],[79.86625,6.864544],[79.866412,6.864511],[79.866605,6.86449],[79.867153,6.864455],[79.867155,6.864421],[79.866764,6.86445],[79.866613,6.864457],[79.866517,6.864457],[79.866254,6.864468],[79.866205,6.86446],[79.865956,6.86446],[79.865644,6.864486],[79.865408,6.8645],[79.865156,6.864529],[79.865085,6.864529],[79.865033,6.864458],[79.864985,6.864339],[79.864971,6.864284],[79.864906,6.864215],[79.864708,6.863986],[79.864585,6.863877],[79.864407,6.863777],[79.864314,6.863708],[79.864195,6.86363],[79.863976,6.86343],[79.863871,6.863354],[79.863726,6.863242],[79.863698,6.863217],[79.863689,6.863265],[79.863692,6.863266],[79.863677,6.863324],[79.863783,6.863403]]]}},{"type":"Feature","properties":{"sub":"Government","name":null,"area":0.09554954818,"main":"Institutional","domain":"Built-up"},"geometry":{"type":"Polygon","coordinates":[[[79.862561,6.850748],[79.862522,6.850738],[79.862474,6.850719],[79.862407,6.85068],[79.862378,6.850658],[79.862346,6.850642],[79.862276,6.850629],[79.862241,6.850619],[79.862171,6.851076],[79.862291,6.851095],[79.862333,6.850888],[79.862487,6.850763],[79.862561,6.850748]]]}},{"type":"Feature","properties":{"sub":"Water","name":null,"area":0.12137867244,"main":"Water","domain":"Non Built-up"},"geometry":{"type":"Polygon","coordinates":[[[79.867195,6.864452],[79.8673,6.864446],[79.867542,6.864419],[79.867707,6.864357],[79.867901,6.864226],[79.868276,6.863825],[79.868389,6.863711],[79.868372,6.863698],[79.868313,6.863767],[79.868159,6.863922],[79.868029,6.864043],[79.867878,6.864219],[79.867805,6.864278],[79.867746,6.864307],[79.867561,6.86438],[79.867466,6.864398],[79.867388,6.864402],[79.867311,6.864417],[79.867193,6.86442],[79.867195,6.864452]]]}},{"type":"Feature","properties":{"sub":"Water","name":null,"area":0.76104090189,"main":"Water","domain":"Non Built-up"},"geometry":{"type":"Polygon","coordinates":[[[79.868535,6.863565],[79.86903,6.862929],[79.869555,6.862246],[79.870728,6.862011],[79.872627,6.86181],[79.872773,6.861801],[79.873086,6.861766],[79.873606,6.861726],[79.873698,6.86173],[79.873698,6.861664],[79.873382,6.861686],[79.873058,6.861715],[79.872818,6.861729],[79.871861,6.861819],[79.871571,6.861857],[79.871409,6.861868],[79.871346,6.861882],[79.870993,6.861937],[79.87079,6.861973],[79.870621,6.862013],[79.870473,6.862024],[79.870098,6.862088],[79.869778,6.862135],[79.869667,6.862157],[79.869597,6.862164],[79.869568,6.862175],[79.869531,6.862193],[79.869465,6.862249],[79.869435,6.862278],[79.869391,6.86234],[79.869217,6.862552],[79.86904,6.862787],[79.868944,6.862945],[79.868841,6.863088],[79.86869,6.863283],[79.86852,6.863492],[79.868443,6.863576],[79.868411,6.863613],[79.868453,6.863648],[79.868535,6.863565]]]}},{"type":"Feature","properties":{"sub":"Low Rise","name":null,"area":0.27796320734,"main":"Residential","domain":"Built-up"},"geometry":{"type":"Polygon","coordinates":[[[79.865927,6.862569],[79.866266,6.862647],[79.866318,6.862341],[79.866396,6.861996],[79.866051,6.861933],[79.865989,6.862231],[79.865936,6.862513],[79.865927,6.862569]]]}},{"type":"Feature","properties":{"sub":"Low Rise","name":null,"area":0.94589633946,"main":"Residential","domain":"Built-up"},"geometry":{"type":"Polygon","coordinates":[[[79.872285,6.861691],[79.872316,6.861639],[79.872316,6.861515],[79.872337,6.861255],[79.872379,6.861173],[79.872358,6.86111],[79.872327,6.861048],[79.872213,6.860996],[79.872099,6.860964],[79.871881,6.86086],[79.871456,6.860673],[79.871456,6.86086],[79.871434,6.861472],[79.871417,6.861777],[79.871754,6.861732],[79.871899,6.861742],[79.872285,6.861691]]]}},{"type":"Feature","properties":{"sub":"Low Rise","name":null,"area":3.12598983224,"main":"Residential","domain":"Built-up"},"geometry":{"type":"Polygon","coordinates":[[[79.868494,6.859721],[79.868479,6.85981],[79.868479,6.860098],[79.868508,6.860317],[79.868567,6.860452],[79.868727,6.860456],[79.869026,6.860479],[79.869051,6.860489],[79.869066,6.860519],[79.86907,6.860877],[79.869039,6.861544],[79.869039,6.861594],[79.868949,6.861609],[79.868939,6.861634],[79.868899,6.861773],[79.868829,6.861992],[79.868829,6.862027],[79.869162,6.862097],[79.869197,6.862117],[79.869212,6.862137],[79.869207,6.862162],[79.869167,6.862212],[79.869092,6.862257],[79.869032,6.862306],[79.868962,6.862381],[79.869175,6.862574],[79.869305,6.862392],[79.869333,6.862357],[79.869366,6.862317],[79.869399,6.862284],[79.869429,6.862246],[79.869486,6.862191],[79.869534,6.862165],[79.869597,6.862149],[79.869956,6.862033],[79.87017,6.861989],[79.870196,6.861894],[79.870188,6.861847],[79.870158,6.861742],[79.870196,6.861125],[79.870222,6.860964],[79.870266,6.860611],[79.870252,6.86057],[79.870212,6.860552],[79.869903,6.860532],[79.869871,6.860736],[79.869577,6.860726],[79.86957,6.860683],[79.869843,6.860695],[79.869857,6.860469],[79.869869,6.860074],[79.869816,6.86007],[79.869657,6.860062],[79.869257,6.860016],[79.869191,6.86001],[79.869163,6.860222],[79.869162,6.860461],[79.869204,6.860534],[79.869214,6.860617],[79.869235,6.860741],[79.869234,6.861094],[79.869254,6.861312],[79.869265,6.861343],[79.869296,6.861385],[79.869358,6.861385],[79.869545,6.861406],[79.869534,6.861458],[79.869264,6.861426],[79.869254,6.861447],[79.869295,6.861634],[79.869326,6.861727],[79.869367,6.861841],[79.86945,6.861893],[79.869565,6.861904],[79.869575,6.861945],[79.869492,6.861966],[79.869388,6.861924],[79.869357,6.861914],[79.869357,6.86208],[79.869315,6.86209],[79.869336,6.861955],[79.869326,6.861841],[79.869295,6.861779],[79.869285,6.861748],[79.869191,6.86183],[79.869129,6.861882],[79.869045,6.861975],[79.869014,6.861955],[79.869087,6.861841],[79.86917,6.861779],[79.869243,6.861737],[79.869264,6.861716],[79.869254,6.861654],[79.869212,6.861499],[79.869203,6.861218],[79.869182,6.860959],[79.869183,6.860637],[79.869121,6.860492],[79.869111,6.860295],[79.869137,6.860001],[79.869084,6.859991],[79.86902,6.859973],[79.868974,6.859952],[79.868698,6.859788],[79.868595,6.859742],[79.868537,6.859728],[79.868494,6.859721]]]}},{"type":"Feature","properties":{"sub":"Temple/Shrine","name":"Buddha Statue Pin Watte","area":0.06619086773,"main":"Cultural","domain":"Built-up"},"geometry":{"type":"Polygon","coordinates":[[[79.866587,6.86027],[79.866619,6.860353],[79.866629,6.860394],[79.866633,6.860459],[79.866637,6.860463],[79.866647,6.860457],[79.866863,6.860088],[79.866863,6.86008],[79.866855,6.86008],[79.866831,6.860092],[79.866743,6.860118],[79.866652,6.86014],[79.866492,6.86015],[79.866492,6.860156],[79.866498,6.860164],[79.866587,6.86027]]]}},{"type":"Feature","properties":{"sub":"Water","name":null,"area":0.25704244593,"main":"Water","domain":"Non Built-up"},"geometry":{"type":"Polygon","coordinates":[[[79.868503,6.86045],[79.868454,6.860445],[79.86794,6.860434],[79.867581,6.860424],[79.867332,6.860423],[79.867212,6.860438],[79.867142,6.860443],[79.867053,6.860473],[79.866913,6.860567],[79.866803,6.860656],[79.866728,6.860706],[79.866664,6.860716],[79.866619,6.860706],[79.866594,6.860697],[79.866574,6.860749],[79.866634,6.860771],[79.866698,6.860771],[79.866823,6.860706],[79.867053,6.860547],[79.867137,6.860498],[79.867177,6.860498],[79.867391,6.860478],[79.868214,6.86048],[79.868471,6.860489],[79.868521,6.860495],[79.868851,6.860501],[79.868946,6.860511],[79.869031,6.860511],[79.869041,6.860536],[79.869041,6.860601],[79.869035,6.861054],[79.869019,6.861442],[79.869019,6.861537],[79.868989,6.861567],[79.868939,6.861577],[79.868914,6.861606],[79.868794,6.862012],[79.868794,6.862042],[79.868818,6.862062],[79.868893,6.862077],[79.869167,6.862142],[79.869167,6.862162],[79.869142,6.862177],[79.868978,6.862291],[79.868913,6.862386],[79.86916,6.862595],[79.869175,6.862574],[79.868962,6.862381],[79.869032,6.862306],[79.869092,6.862257],[79.869167,6.862212],[79.869207,6.862162],[79.869212,6.862137],[79.869197,6.862117],[79.869162,6.862097],[79.868829,6.862027],[79.868829,6.861992],[79.868899,6.861773],[79.868939,6.861634],[79.868949,6.861609],[79.869039,6.861594],[79.869039,6.861544],[79.86907,6.860877],[79.869066,6.860519],[79.869051,6.860489],[79.869026,6.860479],[79.868727,6.860456],[79.868503,6.86045]]]}},{"type":"Feature","properties":{"sub":"Low Rise","name":null,"area":0.20192999495,"main":"Residential","domain":"Built-up"},"geometry":{"type":"Polygon","coordinates":[[[79.866525,6.860669],[79.86656,6.860543],[79.866571,6.860493],[79.866564,6.860441],[79.866529,6.860308],[79.8665,6.860266],[79.866475,6.860223],[79.866435,6.86018],[79.866399,6.860151],[79.866379,6.860138],[79.866361,6.860131],[79.86626,6.860117],[79.866108,6.860112],[79.866085,6.860254],[79.866085,6.860331],[79.866117,6.860368],[79.866214,6.860461],[79.866275,6.860493],[79.866324,6.860506],[79.866509,6.860652],[79.866525,6.860669]]]}},{"type":"Feature","properties":{"sub":"Water","name":null,"area":0.0330165729,"main":"Water","domain":"Non Built-up"},"geometry":{"type":"Polygon","coordinates":[[[79.866513,6.86071],[79.866525,6.860669],[79.866509,6.860652],[79.866324,6.860506],[79.866275,6.860493],[79.866214,6.860461],[79.866117,6.860368],[79.866085,6.860331],[79.866085,6.860254],[79.866108,6.860112],[79.866065,6.860111],[79.866069,6.860192],[79.866054,6.860336],[79.866064,6.860385],[79.866232,6.860514],[79.866292,6.860534],[79.866331,6.860539],[79.866376,6.860574],[79.86643,6.860639],[79.866513,6.86071]]]}},{"type":"Feature","properties":{"sub":"Low Rise","name":null,"area":0.63511261042,"main":"Residential","domain":"Built-up"},"geometry":{"type":"Polygon","coordinates":[[[79.869338,6.856484],[79.869346,6.856617],[79.869314,6.856812],[79.869274,6.857113],[79.869278,6.857187],[79.869289,6.857293],[79.869353,6.857336],[79.869597,6.857375],[79.869646,6.857307],[79.869714,6.85716],[79.869742,6.857104],[79.869782,6.856901],[79.869816,6.856653],[79.869862,6.856461],[79.869868,6.856298],[79.869812,6.856123],[79.869764,6.856039],[79.869585,6.856239],[79.869457,6.856387],[79.869368,6.856462],[79.869338,6.856484]]]}},{"type":"Feature","properties":{"sub":"Low Rise","name":null,"area":1.54567853237,"main":"Residential","domain":"Built-up"},"geometry":{"type":"Polygon","coordinates":[[[79.871319,6.856017],[79.87144,6.85639],[79.871584,6.856672],[79.871684,6.856931],[79.872027,6.856721],[79.872178,6.856634],[79.872414,6.856487],[79.8726,6.856382],[79.872699,6.856319],[79.872755,6.856273],[79.872839,6.856217],[79.873001,6.856067],[79.872703,6.855995],[79.872769,6.855764],[79.872159,6.85563],[79.871894,6.855576],[79.871319,6.856017]]]}},{"type":"Feature","properties":{"sub":"Water","name":null,"area":0.02827262599,"main":"Water","domain":"Non Built-up"},"geometry":{"type":"Polygon","coordinates":[[[79.866092,6.859998],[79.866116,6.859999],[79.866214,6.85968],[79.866243,6.859512],[79.866261,6.859384],[79.866263,6.859347],[79.866303,6.859196],[79.866271,6.859192],[79.866238,6.859329],[79.866217,6.859492],[79.866184,6.859674],[79.866092,6.859998]]]}},{"type":"Feature","properties":{"sub":"Roads","name":null,"area":0.03869371918,"main":"Transport","domain":"Built-up"},"geometry":{"type":"Polygon","coordinates":[[[79.866566,6.858363],[79.866456,6.858662],[79.866407,6.858808],[79.866359,6.859011],[79.86633,6.859149],[79.866361,6.859152],[79.86638,6.859082],[79.866398,6.858976],[79.866487,6.858703],[79.866607,6.858371],[79.866566,6.858363]]]}},{"type":"Feature","properties":{"sub":"Park/Square","name":"Dehiwala Zoological Garden","area":9.03335813154,"main":"Public Space","domain":"Built-up"},"geometry":{"type":"Polygon","coordinates":[[[79.873237,6.855916],[79.873171,6.855992],[79.872956,6.856216],[79.872759,6.856353],[79.872721,6.856384],[79.872506,6.856533],[79.872281,6.85666],[79.872392,6.856935],[79.872475,6.857148],[79.872512,6.857286],[79.872521,6.857397],[79.872475,6.857434],[79.872373,6.85748],[79.872326,6.857591],[79.872354,6.857739],[79.872409,6.85785],[79.872474,6.857952],[79.872495,6.858009],[79.872551,6.857959],[79.872614,6.857939],[79.872654,6.857949],[79.872727,6.858013],[79.872898,6.85815],[79.872981,6.858184],[79.873128,6.858148],[79.873294,6.85808],[79.873368,6.858065],[79.873426,6.85807],[79.873549,6.858105],[79.873612,6.858134],[79.873842,6.858257],[79.873901,6.858277],[79.873959,6.858282],[79.874361,6.858297],[79.874434,6.858331],[79.874493,6.85838],[79.874561,6.85842],[79.874595,6.858429],[79.874845,6.85844],[79.875124,6.858404],[79.875295,6.858384],[79.875349,6.85836],[79.875388,6.858306],[79.875408,6.858262],[79.875447,6.857998],[79.875452,6.857979],[79.875531,6.85792],[79.875594,6.857862],[79.875648,6.857818],[79.875688,6.857749],[79.875732,6.857666],[79.875756,6.857573],[79.875772,6.857351],[79.87585,6.857199],[79.875924,6.857048],[79.875968,6.85695],[79.876007,6.856813],[79.876013,6.856652],[79.875998,6.856535],[79.87594,6.85631],[79.875867,6.856077],[79.875823,6.856043],[79.875779,6.856018],[79.875378,6.856032],[79.875211,6.855973],[79.875089,6.855958],[79.874928,6.855958],[79.87483,6.855977],[79.874703,6.855992],[79.874644,6.856006],[79.874561,6.856016],[79.874497,6.856021],[79.874189,6.855996],[79.874066,6.855991],[79.873773,6.855958],[79.873401,6.855928],[79.873289,6.855913],[79.873237,6.855916]]]}},{"type":"Feature","properties":{"sub":"Low Rise","name":null,"area":0.61692835149,"main":"Residential","domain":"Built-up"},"geometry":{"type":"Polygon","coordinates":[[[79.875963,6.856119],[79.876004,6.856346],[79.876066,6.856569],[79.876066,6.856604],[79.876086,6.856648],[79.87611,6.856669],[79.876131,6.856669],[79.876179,6.856655],[79.876237,6.856632],[79.876316,6.85658],[79.876596,6.856466],[79.876751,6.856408],[79.87697,6.856329],[79.877029,6.856299],[79.877067,6.85624],[79.877101,6.856148],[79.877122,6.856038],[79.877105,6.855952],[79.877096,6.855924],[79.877093,6.855921],[79.877037,6.855926],[79.876817,6.855972],[79.876715,6.856],[79.876594,6.856028],[79.876477,6.856037],[79.876356,6.85606],[79.876136,6.856078],[79.876053,6.856087],[79.876001,6.856101],[79.875963,6.856119]]]}},{"type":"Feature","properties":{"sub":"Low Rise","name":null,"area":1.25665134889,"main":"Residential","domain":"Built-up"},"geometry":{"type":"Polygon","coordinates":[[[79.87538,6.847106],[79.87532,6.847106],[79.875199,6.847122],[79.875067,6.847135],[79.874853,6.847134],[79.874789,6.847118],[79.874665,6.847108],[79.874635,6.84711],[79.874623,6.847125],[79.874623,6.847158],[79.874644,6.847256],[79.874741,6.84765],[79.874807,6.847938],[79.874819,6.84804],[79.874839,6.848118],[79.874872,6.848267],[79.87493,6.848383],[79.874962,6.84846],[79.875028,6.848463],[79.875154,6.848457],[79.875394,6.84845],[79.875747,6.848445],[79.875741,6.848266],[79.875703,6.848106],[79.875505,6.847797],[79.875447,6.847682],[79.875422,6.847599],[79.87538,6.847106]]]}},{"type":"Feature","properties":{"sub":"Low Rise","name":null,"area":0.42534370238,"main":"Residential","domain":"Built-up"},"geometry":{"type":"Polygon","coordinates":[[[79.868724,6.844944],[79.868858,6.845069],[79.868916,6.845021],[79.869055,6.845153],[79.869768,6.844669],[79.869523,6.844424],[79.869462,6.844369],[79.869397,6.844321],[79.869257,6.844515],[79.869161,6.844457],[79.869073,6.844579],[79.869253,6.844689],[79.869172,6.844777],[79.869006,6.844668],[79.868933,6.844758],[79.869056,6.844874],[79.868967,6.844959],[79.868845,6.844842],[79.868724,6.844944]]]}},{"type":"Feature","properties":{"sub":"Slum","name":null,"area":0.100414958,"main":"Residential","domain":"Built-up"},"geometry":{"type":"Polygon","coordinates":[[[79.863698,6.863217],[79.863726,6.863242],[79.863871,6.863354],[79.863976,6.86343],[79.864149,6.863586],[79.864267,6.863431],[79.864242,6.863415],[79.864189,6.863397],[79.864001,6.863313],[79.863892,6.863247],[79.86386,6.863214],[79.863842,6.863189],[79.863806,6.863128],[79.863784,6.86308],[79.863771,6.863067],[79.863725,6.863069],[79.863698,6.863217]]]}},{"type":"Feature","properties":{"sub":"School","name":"Meelad Muslim Vidyalaya","area":0.13292370153,"main":"Institutional","domain":"Built-up"},"geometry":{"type":"Polygon","coordinates":[[[79.864349,6.863734],[79.864407,6.863777],[79.864585,6.863877],[79.864708,6.863986],[79.864804,6.863689],[79.864716,6.863664],[79.864591,6.863611],[79.86439,6.863509],[79.864349,6.863734]]]}},{"type":"Feature","properties":{"sub":"Retail","name":null,"area":0.16668799453,"main":"Commercial","domain":"Built-up"},"geometry":{"type":"Polygon","coordinates":[[[79.864708,6.863986],[79.86483,6.864125],[79.864895,6.863927],[79.865195,6.864046],[79.865338,6.863842],[79.865107,6.863782],[79.865033,6.863754],[79.86497,6.863733],[79.864804,6.863689],[79.864708,6.863986]]]}},{"type":"Feature","properties":{"sub":"School","name":"Hahaaz International School","area":0.06940677409,"main":"Institutional","domain":"Built-up"},"geometry":{"type":"Polygon","coordinates":[[[79.867186,6.864027],[79.866933,6.864021],[79.866933,6.864257],[79.867159,6.864263],[79.867186,6.864027]]]}},{"type":"Feature","properties":{"sub":"Low Rise","name":null,"area":0.37304784751,"main":"Residential","domain":"Built-up"},"geometry":{"type":"Polygon","coordinates":[[[79.866933,6.864383],[79.866933,6.863906],[79.866399,6.863893],[79.866335,6.864261],[79.866219,6.864282],[79.866207,6.864415],[79.866337,6.864417],[79.866933,6.864383]]]}},{"type":"Feature","properties":{"sub":"Mosque","name":"Dehiwala Jummah Masjid","area":0.76558787456,"main":"Cultural","domain":"Built-up"},"geometry":{"type":"Polygon","coordinates":[[[79.866205,6.86446],[79.866219,6.864282],[79.866335,6.864261],[79.866399,6.863893],[79.866381,6.863893],[79.866386,6.86386],[79.8664,6.86386],[79.866394,6.863577],[79.865904,6.863562],[79.865882,6.863763],[79.865457,6.863735],[79.865455,6.86375],[79.865442,6.863787],[79.865664,6.86425],[79.865674,6.864484],[79.865956,6.86446],[79.866205,6.86446]]]}},{"type":"Feature","properties":{"sub":"Retail","name":null,"area":1.00615718996,"main":"Commercial","domain":"Built-up"},"geometry":{"type":"Polygon","coordinates":[[[79.86723,6.863599],[79.867054,6.863581],[79.867046,6.86339],[79.867127,6.863392],[79.867133,6.863319],[79.867257,6.863329],[79.867261,6.863285],[79.867256,6.863261],[79.867237,6.863231],[79.867167,6.863173],[79.866825,6.863091],[79.866406,6.863009],[79.866269,6.862974],[79.866101,6.862944],[79.865743,6.862865],[79.865679,6.862854],[79.865598,6.862846],[79.86558,6.862865],[79.865574,6.862877],[79.865569,6.862898],[79.865544,6.863152],[79.865692,6.863176],[79.865933,6.863202],[79.866256,6.863207],[79.866433,6.863225],[79.866408,6.863577],[79.866394,6.863577],[79.8664,6.86386],[79.866686,6.86386],[79.867199,6.863879],[79.86723,6.863599]]]}},{"type":"Feature","properties":{"sub":"Low Rise","name":null,"area":0.44534748667,"main":"Residential","domain":"Built-up"},"geometry":{"type":"Polygon","coordinates":[[[79.865533,6.863247],[79.865809,6.863278],[79.8658,6.86344],[79.865509,6.863436],[79.865501,6.863501],[79.865457,6.863735],[79.865882,6.863763],[79.865904,6.863562],[79.866408,6.863577],[79.866433,6.863225],[79.866256,6.863207],[79.865933,6.863202],[79.865692,6.863176],[79.865544,6.863152],[79.865533,6.863247]]]}},{"type":"Feature","properties":{"sub":"Retail","name":null,"area":0.29564433162,"main":"Commercial","domain":"Built-up"},"geometry":{"type":"Polygon","coordinates":[[[79.865272,6.863132],[79.865298,6.862982],[79.865512,6.863052],[79.865531,6.862893],[79.865531,6.862857],[79.865537,6.862812],[79.865201,6.862753],[79.864809,6.862652],[79.86476,6.862926],[79.864751,6.863015],[79.865272,6.863132]]]}},{"type":"Feature","properties":{"sub":"Other higher edu.","name":"American College of Higher Education","area":0.11251730708,"main":"Institutional","domain":"Built-up"},"geometry":{"type":"Polygon","coordinates":[[[79.864809,6.862652],[79.864623,6.862622],[79.864456,6.862622],[79.864429,6.862861],[79.86476,6.862926],[79.864809,6.862652]]]}},{"type":"Feature","properties":{"sub":"Retail","name":null,"area":0.27409112192,"main":"Commercial","domain":"Built-up"},"geometry":{"type":"Polygon","coordinates":[[[79.864042,6.863018],[79.864061,6.862882],[79.864328,6.862904],[79.864363,6.862603],[79.864259,6.862582],[79.864107,6.862556],[79.864015,6.862533],[79.863947,6.862525],[79.863865,6.862528],[79.86383,6.86254],[79.863814,6.862573],[79.863746,6.862954],[79.863785,6.863019],[79.863927,6.863002],[79.864042,6.863018]]]}},{"type":"Feature","properties":{"sub":"Low Rise","name":null,"area":0.9301627679,"main":"Residential","domain":"Built-up"},"geometry":{"type":"Polygon","coordinates":[[[79.865512,6.863052],[79.865298,6.862982],[79.865272,6.863132],[79.864751,6.863015],[79.86476,6.862926],[79.864429,6.862861],[79.864456,6.862622],[79.864363,6.862603],[79.864328,6.862904],[79.864061,6.862882],[79.864042,6.863018],[79.864273,6.86311],[79.86426,6.863192],[79.864467,6.863284],[79.86438,6.863459],[79.864474,6.863512],[79.864532,6.86355],[79.864644,6.863586],[79.864849,6.863644],[79.864999,6.863705],[79.865068,6.86356],[79.865434,6.863709],[79.865512,6.863052]]]}},{"type":"Feature","properties":{"sub":"Barren Land","name":null,"area":0.06983194645,"main":"Barren Land","domain":"Non Built-up"},"geometry":{"type":"Polygon","coordinates":[[[79.864999,6.863705],[79.865039,6.863721],[79.865306,6.863805],[79.865354,6.863805],[79.865382,6.863798],[79.865418,6.86376],[79.865434,6.863709],[79.865068,6.86356],[79.864999,6.863705]]]}},{"type":"Feature","properties":{"sub":"Low Rise","name":null,"area":0.33584213179,"main":"Residential","domain":"Built-up"},"geometry":{"type":"Polygon","coordinates":[[[79.86753,6.863423],[79.867524,6.863749],[79.86745,6.863747],[79.867449,6.863809],[79.867253,6.863805],[79.867242,6.863901],[79.867587,6.863894],[79.867586,6.864335],[79.867611,6.864328],[79.867667,6.864305],[79.867711,6.864275],[79.867899,6.864105],[79.868028,6.863974],[79.867798,6.863609],[79.86769,6.863645],[79.867582,6.863407],[79.86753,6.863423]]]}},{"type":"Feature","properties":{"sub":"Retail","name":null,"area":0.42430519562,"main":"Commercial","domain":"Built-up"},"geometry":{"type":"Polygon","coordinates":[[[79.868261,6.863622],[79.868109,6.86352],[79.868021,6.863474],[79.867828,6.863385],[79.867645,6.863319],[79.867549,6.86329],[79.86747,6.863272],[79.867416,6.863252],[79.867364,6.863241],[79.867326,6.86325],[79.867315,6.863283],[79.867266,6.86368],[79.867253,6.863805],[79.867449,6.863809],[79.86745,6.863747],[79.867524,6.863749],[79.86753,6.863423],[79.867582,6.863407],[79.86769,6.863645],[79.867798,6.863609],[79.868028,6.863974],[79.86831,6.863688],[79.868317,6.863673],[79.86831,6.863658],[79.868261,6.863622]]]}},{"type":"Feature","properties":{"sub":"Retail","name":null,"area":0.1276515961,"main":"Commercial","domain":"Built-up"},"geometry":{"type":"Polygon","coordinates":[[[79.863757,6.862283],[79.863815,6.862017],[79.863806,6.862012],[79.863481,6.861981],[79.863453,6.862335],[79.863533,6.862329],[79.863719,6.862326],[79.863735,6.862313],[79.863757,6.862283]]]}},{"type":"Feature","properties":{"sub":"Retail","name":"Kleen Park","area":0.12837096811,"main":"Commercial","domain":"Built-up"},"geometry":{"type":"Polygon","coordinates":[[[79.860516,6.862326],[79.860548,6.862054],[79.860192,6.862036],[79.86017,6.862194],[79.860192,6.862337],[79.860299,6.862357],[79.860478,6.862333],[79.860516,6.862326]]]}},{"type":"Feature","properties":{"sub":"Low Rise","name":null,"area":0.42965143247,"main":"Residential","domain":"Built-up"},"geometry":{"type":"Polygon","coordinates":[[[79.861128,6.862259],[79.861138,6.862085],[79.86121,6.86198],[79.861172,6.861883],[79.86115,6.861858],[79.861124,6.861845],[79.860595,6.861834],[79.860223,6.861815],[79.860192,6.862036],[79.860548,6.862054],[79.860516,6.862326],[79.860595,6.86231],[79.861128,6.862259]]]}},{"type":"Feature","properties":{"sub":"Low Rise","name":null,"area":1.26127565738,"main":"Residential","domain":"Built-up"},"geometry":{"type":"Polygon","coordinates":[[[79.862036,6.861413],[79.862015,6.861662],[79.861719,6.861656],[79.861736,6.861389],[79.861201,6.861345],[79.861156,6.861797],[79.861187,6.861805],[79.861209,6.861824],[79.861225,6.861863],[79.861234,6.861952],[79.861257,6.861969],[79.861292,6.861972],[79.861686,6.861969],[79.862126,6.861977],[79.862518,6.861992],[79.862535,6.861989],[79.86257,6.861969],[79.862586,6.861947],[79.862602,6.861909],[79.862608,6.861886],[79.862628,6.861877],[79.862663,6.86187],[79.862936,6.86188],[79.863147,6.861894],[79.863301,6.8619],[79.863463,6.861917],[79.8636,6.861516],[79.863368,6.861514],[79.86281,6.861484],[79.862557,6.861458],[79.86253,6.861695],[79.862268,6.861692],[79.862292,6.861434],[79.862036,6.861413]]]}},{"type":"Feature","properties":{"sub":"Retail","name":null,"area":0.10422479025,"main":"Commercial","domain":"Built-up"},"geometry":{"type":"Polygon","coordinates":[[[79.863519,6.861754],[79.863864,6.861787],[79.863918,6.861533],[79.863909,6.861525],[79.863881,6.861518],[79.8636,6.861516],[79.863519,6.861754]]]}},{"type":"Feature","properties":{"sub":"Parking","name":null,"area":0.11862214397,"main":"Transport","domain":"Built-up"},"geometry":{"type":"Polygon","coordinates":[[[79.860731,6.860996],[79.86032,6.86095],[79.860323,6.861027],[79.860323,6.861193],[79.860391,6.861201],[79.860741,6.861223],[79.860731,6.861047],[79.860731,6.860996]]]}},{"type":"Feature","properties":{"sub":"Low Rise","name":null,"area":0.5873470603,"main":"Residential","domain":"Built-up"},"geometry":{"type":"Polygon","coordinates":[[[79.860964,6.861058],[79.860731,6.861047],[79.860741,6.861223],[79.860809,6.861227],[79.861756,6.861307],[79.862057,6.86133],[79.862689,6.861392],[79.862855,6.861405],[79.863051,6.861412],[79.863088,6.861185],[79.860964,6.861058]]]}},{"type":"Feature","properties":{"sub":"Retail","name":null,"area":0.12061912443,"main":"Commercial","domain":"Built-up"},"geometry":{"type":"Polygon","coordinates":[[[79.863467,6.861217],[79.863432,6.861432],[79.863853,6.861455],[79.863898,6.861436],[79.863934,6.861426],[79.863965,6.861278],[79.863467,6.861217]]]}},{"type":"Feature","properties":{"sub":"Low Rise","name":null,"area":0.98221469207,"main":"Residential","domain":"Built-up"},"geometry":{"type":"Polygon","coordinates":[[[79.861247,6.861074],[79.86125,6.861028],[79.861347,6.861033],[79.861393,6.861033],[79.862071,6.861076],[79.862518,6.861099],[79.863196,6.861145],[79.863427,6.861168],[79.863474,6.860776],[79.863255,6.860747],[79.863228,6.861006],[79.862984,6.860993],[79.863012,6.860715],[79.862605,6.86066],[79.862514,6.860649],[79.862494,6.860938],[79.861761,6.860887],[79.86179,6.860566],[79.861759,6.860562],[79.861695,6.860559],[79.861634,6.860568],[79.861602,6.86061],[79.861576,6.860732],[79.861569,6.860799],[79.861572,6.860837],[79.861611,6.860866],[79.861678,6.860889],[79.861678,6.860937],[79.861588,6.860927],[79.861569,6.860908],[79.861556,6.860879],[79.861515,6.860853],[79.861486,6.860847],[79.861228,6.860835],[79.860994,6.860815],[79.860708,6.860802],[79.860484,6.860789],[79.860312,6.860774],[79.86032,6.86095],[79.860731,6.860996],[79.860731,6.861047],[79.861247,6.861074]]]}},{"type":"Feature","properties":{"sub":"Low Rise","name":null,"area":0.1037028629,"main":"Residential","domain":"Built-up"},"geometry":{"type":"Polygon","coordinates":[[[79.863427,6.861168],[79.863632,6.861189],[79.863698,6.860805],[79.863474,6.860776],[79.863427,6.861168]]]}},{"type":"Feature","properties":{"sub":"Retail","name":null,"area":0.1514410593,"main":"Commercial","domain":"Built-up"},"geometry":{"type":"Polygon","coordinates":[[[79.863632,6.861189],[79.863848,6.861211],[79.863866,6.861118],[79.863999,6.861134],[79.864058,6.860883],[79.864038,6.860858],[79.86399,6.860848],[79.863698,6.860805],[79.863632,6.861189]]]}},{"type":"Feature","properties":{"sub":"Low Rise","name":null,"area":0.36934053728,"main":"Residential","domain":"Built-up"},"geometry":{"type":"Polygon","coordinates":[[[79.861594,6.860156],[79.861631,6.86003],[79.861578,6.859999],[79.861223,6.859943],[79.860528,6.859874],[79.860261,6.859875],[79.860223,6.860043],[79.860219,6.860077],[79.861222,6.860152],[79.861221,6.860265],[79.861386,6.860278],[79.861403,6.860136],[79.861594,6.860156]]]}},{"type":"Feature","properties":{"sub":"Playground","name":null,"area":0.50842752038,"main":"Public Space","domain":"Built-up"},"geometry":{"type":"Polygon","coordinates":[[[79.860426,6.860711],[79.860537,6.860718],[79.861022,6.860764],[79.861049,6.860545],[79.861065,6.860353],[79.861211,6.860373],[79.861228,6.860266],[79.861221,6.860265],[79.861222,6.860152],[79.86051,6.860099],[79.860468,6.860212],[79.860407,6.860437],[79.860418,6.860659],[79.860426,6.860711]]]}},{"type":"Feature","properties":{"sub":"Playground","name":"Dehiwala Mountlavania Childrens Park","area":0.22121965241,"main":"Public Space","domain":"Built-up"},"geometry":{"type":"Polygon","coordinates":[[[79.861211,6.860373],[79.861196,6.860781],[79.861258,6.860787],[79.861411,6.860794],[79.861487,6.860789],[79.861538,6.860765],[79.86155,6.860738],[79.861579,6.860293],[79.861228,6.860266],[79.861211,6.860373]]]}},{"type":"Feature","properties":{"sub":"Barren Land","name":null,"area":0.05002197813,"main":"Barren Land","domain":"Non Built-up"},"geometry":{"type":"Polygon","coordinates":[[[79.864099,6.860742],[79.864112,6.860687],[79.863681,6.860623],[79.863652,6.860733],[79.863807,6.860737],[79.864031,6.860768],[79.864099,6.860742]]]}},{"type":"Feature","properties":{"sub":"Retail","name":null,"area":0.1082083682,"main":"Commercial","domain":"Built-up"},"geometry":{"type":"Polygon","coordinates":[[[79.864086,6.860287],[79.863951,6.860266],[79.86393,6.860466],[79.863904,6.860656],[79.864112,6.860687],[79.864187,6.860355],[79.864176,6.860325],[79.864154,6.860306],[79.864086,6.860287]]]}},{"type":"Feature","properties":{"sub":"Retail","name":null,"area":0.12959925443,"main":"Commercial","domain":"Built-up"},"geometry":{"type":"Polygon","coordinates":[[[79.864033,6.859511],[79.863975,6.859821],[79.864286,6.859862],[79.864308,6.859846],[79.864321,6.859803],[79.864369,6.859589],[79.864357,6.85956],[79.864215,6.859535],[79.864033,6.859511]]]}},{"type":"Feature","properties":{"sub":"Retail","name":null,"area":0.0972173042,"main":"Commercial","domain":"Built-up"},"geometry":{"type":"Polygon","coordinates":[[[79.864272,6.859895],[79.864061,6.859868],[79.864013,6.860235],[79.864138,6.860258],[79.864176,6.860261],[79.864196,6.860255],[79.864214,6.860234],[79.864288,6.859908],[79.864272,6.859895]]]}},{"type":"Feature","properties":{"sub":"Low Rise","name":null,"area":1.07116707673,"main":"Residential","domain":"Built-up"},"geometry":{"type":"Polygon","coordinates":[[[79.864061,6.859868],[79.86264,6.859697],[79.86264,6.859699],[79.862236,6.859663],[79.861989,6.859637],[79.861893,6.85963],[79.861848,6.85964],[79.861803,6.859659],[79.861787,6.859691],[79.861726,6.859976],[79.861732,6.859995],[79.861758,6.860005],[79.861786,6.860012],[79.863106,6.860141],[79.863837,6.860206],[79.864013,6.860235],[79.864061,6.859868]]]}},{"type":"Feature","properties":{"sub":"Retail","name":null,"area":0.14664479268,"main":"Commercial","domain":"Built-up"},"geometry":{"type":"Polygon","coordinates":[[[79.864388,6.859505],[79.86449,6.859043],[79.864474,6.859018],[79.864451,6.859002],[79.864365,6.858981],[79.864333,6.85912],[79.864228,6.859107],[79.864177,6.859314],[79.864135,6.859306],[79.864101,6.859477],[79.864319,6.859512],[79.864361,6.859512],[79.864383,6.859509],[79.864388,6.859505]]]}},{"type":"Feature","properties":{"sub":"Low Rise","name":null,"area":1.43955112197,"main":"Residential","domain":"Built-up"},"geometry":{"type":"Polygon","coordinates":[[[79.864177,6.859314],[79.864203,6.859216],[79.864209,6.859187],[79.864068,6.85916],[79.864119,6.858925],[79.863831,6.858856],[79.863357,6.858727],[79.862836,6.858609],[79.862447,6.858527],[79.862407,6.858724],[79.862204,6.858704],[79.861979,6.858675],[79.861907,6.859038],[79.861894,6.859144],[79.861894,6.859173],[79.861932,6.859189],[79.861961,6.859189],[79.863037,6.859327],[79.863347,6.85936],[79.863413,6.859033],[79.863924,6.859132],[79.863865,6.859437],[79.864101,6.859474],[79.864135,6.859306],[79.864177,6.859314]]]}},{"type":"Feature","properties":{"sub":"Retail","name":null,"area":0.15744269603,"main":"Commercial","domain":"Built-up"},"geometry":{"type":"Polygon","coordinates":[[[79.864558,6.858747],[79.864597,6.858577],[79.86459,6.858564],[79.864561,6.858544],[79.863946,6.85843],[79.863911,6.858616],[79.864558,6.858747]]]}},{"type":"Feature","properties":{"sub":"Low Rise","name":null,"area":0.93011586659,"main":"Residential","domain":"Built-up"},"geometry":{"type":"Polygon","coordinates":[[[79.86275,6.858559],[79.862793,6.858359],[79.863151,6.85844],[79.863104,6.858635],[79.863176,6.858647],[79.864323,6.858948],[79.864445,6.85897],[79.864496,6.85897],[79.864509,6.858959],[79.864558,6.858747],[79.863911,6.858616],[79.863946,6.85843],[79.863197,6.85829],[79.862848,6.858222],[79.8622,6.858086],[79.862136,6.858077],[79.862108,6.858083],[79.862098,6.858105],[79.862043,6.858416],[79.862049,6.858432],[79.862072,6.858448],[79.862261,6.858461],[79.862549,6.85851],[79.8626,6.85852],[79.862629,6.858529],[79.86275,6.858559]]]}},{"type":"Feature","properties":{"sub":"Low Rise","name":null,"area":0.76517952044,"main":"Residential","domain":"Built-up"},"geometry":{"type":"Polygon","coordinates":[[[79.863068,6.858216],[79.863118,6.857958],[79.863196,6.857972],[79.863149,6.858232],[79.863718,6.858339],[79.864286,6.858454],[79.864357,6.85809],[79.864224,6.85805],[79.863592,6.857905],[79.862939,6.857762],[79.862627,6.857701],[79.862568,6.857902],[79.862907,6.857957],[79.862861,6.858174],[79.863068,6.858216]]]}},{"type":"Feature","properties":{"sub":"Retail","name":null,"area":0.14616291157,"main":"Commercial","domain":"Built-up"},"geometry":{"type":"Polygon","coordinates":[[[79.864615,6.858498],[79.864677,6.858223],[79.864668,6.858195],[79.864655,6.858186],[79.864626,6.858173],[79.864354,6.858091],[79.864283,6.858456],[79.86458,6.858515],[79.864606,6.858509],[79.864615,6.858498]]]}},{"type":"Feature","properties":{"sub":"Low Rise","name":null,"area":0.50435372642,"main":"Residential","domain":"Built-up"},"geometry":{"type":"Polygon","coordinates":[[[79.860504,6.857973],[79.860463,6.858157],[79.860477,6.8582],[79.860494,6.858213],[79.860535,6.858227],[79.860648,6.858235],[79.86068,6.857986],[79.860856,6.858003],[79.860826,6.858251],[79.860872,6.858256],[79.861662,6.858362],[79.861702,6.85814],[79.862046,6.858204],[79.862049,6.85819],[79.862059,6.858103],[79.861908,6.858077],[79.861916,6.858019],[79.861751,6.857997],[79.861502,6.857957],[79.861487,6.858118],[79.861239,6.858076],[79.861266,6.857919],[79.86076,6.857827],[79.860759,6.857941],[79.860514,6.857919],[79.860504,6.857973]]]}},{"type":"Feature","properties":{"sub":"Barren Land","name":null,"area":0.03533518654,"main":"Barren Land","domain":"Non Built-up"},"geometry":{"type":"Polygon","coordinates":[[[79.86076,6.857827],[79.860538,6.857789],[79.860514,6.857919],[79.860759,6.857941],[79.86076,6.857827]]]}},{"type":"Feature","properties":{"sub":"Retail","name":null,"area":0.04763694626,"main":"Commercial","domain":"Built-up"},"geometry":{"type":"Polygon","coordinates":[[[79.860736,6.857559],[79.86058,6.857528],[79.860546,6.857675],[79.860546,6.857738],[79.860563,6.857755],[79.860609,6.857768],[79.860716,6.857786],[79.860736,6.857559]]]}},{"type":"Feature","properties":{"sub":"Under Construction","name":null,"area":0.09335071574,"main":"Under Construction","domain":"Built-up"},"geometry":{"type":"Polygon","coordinates":[[[79.861777,6.857757],[79.861748,6.857962],[79.86186,6.85798],[79.862032,6.858018],[79.862087,6.858027],[79.862112,6.858018],[79.862138,6.857846],[79.862129,6.857821],[79.861777,6.857757]]]}},{"type":"Feature","properties":{"sub":"High Rise","name":null,"area":0.17801171457,"main":"Residential","domain":"Built-up"},"geometry":{"type":"Polygon","coordinates":[[[79.861505,6.856621],[79.861267,6.856568],[79.861142,6.857076],[79.861421,6.857151],[79.861507,6.856854],[79.861459,6.856844],[79.861505,6.856621]]]}},{"type":"Feature","properties":{"sub":"Retail","name":null,"area":0.07378470249,"main":"Commercial","domain":"Built-up"},"geometry":{"type":"Polygon","coordinates":[[[79.863461,6.857082],[79.863253,6.857035],[79.863175,6.857292],[79.863406,6.857344],[79.863461,6.857082]]]}},{"type":"Feature","properties":{"sub":"Low Rise","name":null,"area":0.20769800074,"main":"Residential","domain":"Built-up"},"geometry":{"type":"Polygon","coordinates":[[[79.863773,6.857153],[79.863711,6.857414],[79.864339,6.857557],[79.864407,6.857317],[79.86427,6.857278],[79.864124,6.857242],[79.864057,6.857218],[79.863773,6.857153]]]}},{"type":"Feature","properties":{"sub":"Retail","name":null,"area":0.12127420975,"main":"Commercial","domain":"Built-up"},"geometry":{"type":"Polygon","coordinates":[[[79.864798,6.857417],[79.864765,6.857408],[79.864611,6.857372],[79.86441,6.857319],[79.864342,6.85756],[79.864736,6.857653],[79.864798,6.857417]]]}},{"type":"Feature","properties":{"sub":"Low Rise","name":null,"area":0.35472300551,"main":"Residential","domain":"Built-up"},"geometry":{"type":"Polygon","coordinates":[[[79.865064,6.85658],[79.864962,6.856566],[79.864984,6.856452],[79.864876,6.856432],[79.864458,6.856337],[79.864405,6.856508],[79.864313,6.856718],[79.864438,6.856746],[79.864404,6.85695],[79.864738,6.857009],[79.864816,6.856671],[79.865033,6.856705],[79.865064,6.85658]]]}},{"type":"Feature","properties":{"sub":"School","name":"Holy Family Convent - Dehiwala","area":0.82942041628,"main":"Institutional","domain":"Built-up"},"geometry":{"type":"Polygon","coordinates":[[[79.864869,6.857386],[79.86495,6.857047],[79.864404,6.85695],[79.864438,6.856746],[79.864313,6.856718],[79.86431,6.856725],[79.863436,6.8565],[79.863424,6.856526],[79.863379,6.85676],[79.863595,6.856817],[79.863526,6.857065],[79.863825,6.857134],[79.864116,6.857212],[79.864425,6.85729],[79.864801,6.857389],[79.864861,6.857393],[79.864869,6.857386]]]}},{"type":"Feature","properties":{"sub":"Low Rise","name":null,"area":1.52323344941,"main":"Residential","domain":"Built-up"},"geometry":{"type":"Polygon","coordinates":[[[79.861687,6.856062],[79.861629,6.85626],[79.861454,6.856218],[79.861512,6.856019],[79.861362,6.855981],[79.861113,6.855914],[79.860937,6.855857],[79.860888,6.856058],[79.861129,6.856126],[79.861042,6.856477],[79.861479,6.856573],[79.862934,6.856923],[79.863,6.856694],[79.863197,6.856732],[79.863145,6.856975],[79.863533,6.857065],[79.863602,6.856817],[79.863385,6.85676],[79.863431,6.856526],[79.863241,6.856481],[79.862785,6.856367],[79.862283,6.856236],[79.861872,6.856108],[79.861687,6.856062]]]}},{"type":"Feature","properties":{"sub":"Barren Land","name":null,"area":0.06229616938,"main":"Barren Land","domain":"Non Built-up"},"geometry":{"type":"Polygon","coordinates":[[[79.862934,6.856923],[79.863145,6.856975],[79.863197,6.856732],[79.863,6.856694],[79.862934,6.856923]]]}},{"type":"Feature","properties":{"sub":"High Rise","name":null,"area":0.3879368175,"main":"Residential","domain":"Built-up"},"geometry":{"type":"Polygon","coordinates":[[[79.864405,6.856508],[79.864458,6.856337],[79.864029,6.856238],[79.863665,6.856158],[79.863574,6.856535],[79.86431,6.856725],[79.864405,6.856508]]]}},{"type":"Feature","properties":{"sub":"Low Rise","name":null,"area":0.40310728503,"main":"Residential","domain":"Built-up"},"geometry":{"type":"Polygon","coordinates":[[[79.861486,6.855619],[79.861404,6.855949],[79.86233,6.856205],[79.862373,6.85584],[79.861486,6.855619]]]}},{"type":"Feature","properties":{"sub":"Low Rise","name":null,"area":1.62973083848,"main":"Residential","domain":"Built-up"},"geometry":{"type":"Polygon","coordinates":[[[79.864693,6.855964],[79.864625,6.855889],[79.864677,6.855761],[79.864824,6.855769],[79.864895,6.855803],[79.864989,6.855822],[79.865036,6.855738],[79.864942,6.855719],[79.86507,6.855192],[79.864924,6.855183],[79.864959,6.854959],[79.864764,6.854949],[79.864377,6.854948],[79.864284,6.855155],[79.8643,6.855206],[79.864414,6.855263],[79.864401,6.855285],[79.86424,6.855228],[79.864134,6.855194],[79.864022,6.855153],[79.863905,6.855126],[79.863833,6.855105],[79.863777,6.855335],[79.863549,6.855271],[79.863621,6.855045],[79.863353,6.85497],[79.86322,6.855396],[79.863514,6.85546],[79.863541,6.855493],[79.863545,6.85553],[79.863556,6.855574],[79.863702,6.855616],[79.863765,6.855624],[79.863792,6.855519],[79.86383,6.855526],[79.863765,6.85571],[79.863896,6.855729],[79.863883,6.855774],[79.864107,6.855833],[79.864005,6.856187],[79.864319,6.856266],[79.864498,6.856305],[79.86453,6.856101],[79.864648,6.856118],[79.864693,6.855964]]]}},{"type":"Feature","properties":{"sub":"Government","name":"Divisional Secretariat Dehiwela","area":0.12101704623,"main":"Institutional","domain":"Built-up"},"geometry":{"type":"Polygon","coordinates":[[[79.865358,6.855199],[79.865392,6.855026],[79.865375,6.854992],[79.865333,6.854978],[79.864959,6.85496],[79.864924,6.855184],[79.86507,6.855193],[79.865067,6.855206],[79.865358,6.855199]]]}},{"type":"Feature","properties":{"sub":"Retail","name":null,"area":0.45960416934,"main":"Commercial","domain":"Built-up"},"geometry":{"type":"Polygon","coordinates":[[[79.864648,6.856119],[79.86515,6.856208],[79.865275,6.855625],[79.865358,6.855199],[79.865067,6.855206],[79.864942,6.85572],[79.865036,6.855739],[79.864989,6.855823],[79.864895,6.855804],[79.864824,6.855769],[79.864677,6.855761],[79.864625,6.855889],[79.864693,6.855964],[79.864648,6.856119]]]}},{"type":"Feature","properties":{"sub":"Retail","name":null,"area":0.11265110958,"main":"Commercial","domain":"Built-up"},"geometry":{"type":"Polygon","coordinates":[[[79.86524,6.854441],[79.865495,6.854466],[79.865551,6.854153],[79.865541,6.854131],[79.865523,6.854108],[79.865383,6.854087],[79.865308,6.854071],[79.86524,6.854441]]]}},{"type":"Feature","properties":{"sub":"Retail","name":null,"area":0.07130388499,"main":"Commercial","domain":"Built-up"},"geometry":{"type":"Polygon","coordinates":[[[79.865365,6.85382],[79.865594,6.85387],[79.865636,6.853592],[79.865451,6.853559],[79.865365,6.85382]]]}},{"type":"Feature","properties":{"sub":"Low Rise","name":null,"area":1.6753473826,"main":"Residential","domain":"Built-up"},"geometry":{"type":"Polygon","coordinates":[[[79.865326,6.85338],[79.865267,6.853604],[79.865027,6.85353],[79.865106,6.853316],[79.864884,6.853254],[79.864129,6.853072],[79.863716,6.852961],[79.863333,6.852875],[79.863276,6.853089],[79.863272,6.853138],[79.863277,6.853158],[79.863407,6.853277],[79.863436,6.853333],[79.863454,6.85336],[79.863461,6.853383],[79.863449,6.85359],[79.863442,6.853619],[79.863453,6.853637],[79.863736,6.853711],[79.86399,6.853756],[79.864158,6.853794],[79.864546,6.853875],[79.864789,6.853923],[79.865301,6.854033],[79.86538,6.853774],[79.865451,6.853558],[79.865475,6.853428],[79.865326,6.85338]]]}},{"type":"Feature","properties":{"sub":"Retail","name":null,"area":0.02690519279,"main":"Commercial","domain":"Built-up"},"geometry":{"type":"Polygon","coordinates":[[[79.865636,6.853592],[79.865647,6.85352],[79.865629,6.853487],[79.865602,6.853467],[79.865475,6.853428],[79.865451,6.853559],[79.865636,6.853592]]]}},{"type":"Feature","properties":{"sub":"High Rise","name":null,"area":0.02408440054,"main":"Residential","domain":"Built-up"},"geometry":{"type":"Polygon","coordinates":[[[79.862734,6.853473],[79.862648,6.853451],[79.862603,6.853453],[79.862578,6.853462],[79.862564,6.853473],[79.862537,6.853512],[79.862516,6.853554],[79.86267,6.853591],[79.862734,6.853473]]]}},{"type":"Feature","properties":{"sub":"Low Rise","name":null,"area":1.49595719442,"main":"Residential","domain":"Built-up"},"geometry":{"type":"Polygon","coordinates":[[[79.863771,6.854083],[79.863772,6.854055],[79.864006,6.85412],[79.864369,6.854253],[79.864573,6.854315],[79.864811,6.854372],[79.86524,6.854441],[79.865308,6.854071],[79.864608,6.853927],[79.864448,6.853886],[79.864255,6.853848],[79.863967,6.8538],[79.863766,6.853756],[79.863429,6.853663],[79.86324,6.853606],[79.862908,6.853514],[79.862734,6.853473],[79.86267,6.853591],[79.862516,6.853554],[79.862429,6.853725],[79.862388,6.853853],[79.862388,6.853898],[79.862692,6.853997],[79.862925,6.854047],[79.863709,6.854286],[79.863771,6.854083]]]}},{"type":"Feature","properties":{"sub":"Low Rise","name":null,"area":0.86872963131,"main":"Residential","domain":"Built-up"},"geometry":{"type":"Polygon","coordinates":[[[79.862485,6.853525],[79.862508,6.853474],[79.862556,6.853422],[79.862604,6.853414],[79.8627,6.853418],[79.863117,6.853527],[79.863382,6.8536],[79.863402,6.85358],[79.86343,6.853444],[79.86341,6.853372],[79.86339,6.85332],[79.863358,6.853279],[79.86329,6.853243],[79.863186,6.853211],[79.862821,6.853134],[79.862428,6.853057],[79.862307,6.853028],[79.862248,6.853186],[79.862182,6.853346],[79.861811,6.853257],[79.86164,6.853208],[79.861606,6.85334],[79.861537,6.853645],[79.862175,6.853824],[79.862265,6.853466],[79.862485,6.853525]]]}},{"type":"Feature","properties":{"sub":"Parking","name":null,"area":0.08366708054,"main":"Transport","domain":"Built-up"},"geometry":{"type":"Polygon","coordinates":[[[79.861944,6.852942],[79.861731,6.852896],[79.861674,6.853076],[79.86164,6.853208],[79.861811,6.853257],[79.861901,6.853078],[79.861944,6.852942]]]}},{"type":"Feature","properties":{"sub":"High Rise","name":null,"area":0.1537794071,"main":"Residential","domain":"Built-up"},"geometry":{"type":"Polygon","coordinates":[[[79.862028,6.85296],[79.861944,6.852942],[79.861901,6.853078],[79.861811,6.853257],[79.862182,6.853346],[79.862248,6.853186],[79.862307,6.853028],[79.862028,6.85296]]]}},{"type":"Feature","properties":{"sub":"Low Rise","name":null,"area":0.18342672238,"main":"Residential","domain":"Built-up"},"geometry":{"type":"Polygon","coordinates":[[[79.861764,6.852762],[79.86174,6.852855],[79.862183,6.852959],[79.862512,6.853038],[79.863183,6.853188],[79.863203,6.853186],[79.863209,6.853166],[79.863226,6.853095],[79.861764,6.852762]]]}},{"type":"Feature","properties":{"sub":"Office","name":"Dehiwala YMCA","area":0.18123116013,"main":"Commercial","domain":"Built-up"},"geometry":{"type":"Polygon","coordinates":[[[79.862172,6.852573],[79.862115,6.852842],[79.862649,6.852964],[79.862706,6.852728],[79.862678,6.852717],[79.862622,6.852681],[79.862172,6.852573]]]}},{"type":"Feature","properties":{"sub":"Low Rise","name":null,"area":0.19156766068,"main":"Residential","domain":"Built-up"},"geometry":{"type":"Polygon","coordinates":[[[79.863304,6.852705],[79.863323,6.852612],[79.863083,6.852566],[79.862838,6.852497],[79.862558,6.852424],[79.862515,6.852637],[79.862618,6.852665],[79.862938,6.852774],[79.863108,6.852807],[79.863139,6.852667],[79.863304,6.852705]]]}},{"type":"Feature","properties":{"sub":"Barren Land","name":null,"area":0.07553418237,"main":"Barren Land","domain":"Non Built-up"},"geometry":{"type":"Polygon","coordinates":[[[79.862129,6.852536],[79.862204,6.852349],[79.862081,6.852323],[79.862084,6.852309],[79.862033,6.852303],[79.861899,6.852258],[79.861847,6.852463],[79.862129,6.852536]]]}},{"type":"Feature","properties":{"sub":"Barren Land","name":null,"area":0.06278097331,"main":"Barren Land","domain":"Non Built-up"},"geometry":{"type":"Polygon","coordinates":[[[79.86199,6.851893],[79.861951,6.852049],[79.862254,6.852117],[79.862302,6.851958],[79.86199,6.851893]]]}},{"type":"Feature","properties":{"sub":"Barren Land","name":null,"area":0.0414225311,"main":"Barren Land","domain":"Non Built-up"},"geometry":{"type":"Polygon","coordinates":[[[79.863373,6.852382],[79.863409,6.852224],[79.863214,6.852175],[79.863167,6.852334],[79.863373,6.852382]]]}},{"type":"Feature","properties":{"sub":"Retail","name":null,"area":0.06883618932,"main":"Commercial","domain":"Built-up"},"geometry":{"type":"Polygon","coordinates":[[[79.863603,6.850979],[79.863341,6.850922],[79.863314,6.85113],[79.863576,6.851186],[79.863604,6.851014],[79.863603,6.850979]]]}},{"type":"Feature","properties":{"sub":"Low Rise","name":null,"area":1.32530574751,"main":"Residential","domain":"Built-up"},"geometry":{"type":"Polygon","coordinates":[[[79.861899,6.852258],[79.862038,6.852305],[79.862088,6.852311],[79.862094,6.852281],[79.862222,6.852318],[79.863334,6.85258],[79.863373,6.852383],[79.863166,6.852335],[79.863214,6.852175],[79.863409,6.852224],[79.86348,6.851802],[79.863089,6.851727],[79.863056,6.851874],[79.862666,6.851798],[79.862704,6.851654],[79.86266,6.851645],[79.862672,6.851605],[79.862687,6.851527],[79.862364,6.851458],[79.862391,6.851281],[79.862145,6.85123],[79.862126,6.851331],[79.861991,6.851893],[79.862302,6.851957],[79.862255,6.852117],[79.861952,6.852049],[79.861899,6.852258]]]}},{"type":"Feature","properties":{"sub":"Parking","name":null,"area":0.14241094298,"main":"Transport","domain":"Built-up"},"geometry":{"type":"Polygon","coordinates":[[[79.862576,6.850751],[79.862561,6.850748],[79.862487,6.850763],[79.862333,6.850888],[79.862291,6.851095],[79.862168,6.851075],[79.86214,6.851227],[79.86243,6.851288],[79.862468,6.851137],[79.862496,6.851137],[79.862576,6.850751]]]}},{"type":"Feature","properties":{"sub":"Rail Road","name":null,"area":0.45054104487,"main":"Transport","domain":"Built-up"},"geometry":{"type":"Polygon","coordinates":[[[79.862815,6.842984],[79.862817,6.84315],[79.862801,6.843569],[79.8628,6.843745],[79.862777,6.844078],[79.862777,6.844782],[79.862771,6.845552],[79.862752,6.846384],[79.862713,6.847184],[79.862634,6.847813],[79.862611,6.84797],[79.862464,6.848724],[79.862316,6.849444],[79.862182,6.850124],[79.862114,6.850451],[79.862244,6.850451],[79.862453,6.84916],[79.862555,6.848548],[79.862679,6.847752],[79.862719,6.847456],[79.862746,6.847171],[79.862773,6.846757],[79.862787,6.846403],[79.862797,6.845224],[79.862815,6.844045],[79.862828,6.84387],[79.862844,6.843485],[79.86286,6.84317],[79.862855,6.842984],[79.862815,6.842984]]]}},{"type":"Feature","properties":{"sub":"Rail Terminus","name":"Railway Station - Dehiwala","area":0.25587892088,"main":"Transport","domain":"Built-up"},"geometry":{"type":"Polygon","coordinates":[[[79.862114,6.850451],[79.861868,6.851649],[79.861803,6.851954],[79.861934,6.851954],[79.862002,6.851702],[79.862226,6.850566],[79.862244,6.850451],[79.862114,6.850451]]]}},{"type":"Feature","properties":{"sub":"Rail Road","name":null,"area":0.54616042907,"main":"Transport","domain":"Built-up"},"geometry":{"type":"Polygon","coordinates":[[[79.859882,6.862599],[79.859914,6.862601],[79.859989,6.861909],[79.860072,6.86106],[79.860117,6.860573],[79.860215,6.859657],[79.86026,6.859182],[79.860292,6.858902],[79.860348,6.858512],[79.86039,6.858267],[79.860503,6.857708],[79.860609,6.857204],[79.860633,6.857077],[79.860755,6.856473],[79.860842,6.856054],[79.860889,6.855838],[79.860964,6.855537],[79.860985,6.855443],[79.861042,6.855248],[79.861209,6.854625],[79.861348,6.854091],[79.861522,6.853452],[79.861673,6.852871],[79.861807,6.852429],[79.861934,6.851954],[79.861803,6.851954],[79.861528,6.853232],[79.86133,6.854021],[79.860962,6.855398],[79.860897,6.855648],[79.860577,6.857176],[79.860416,6.857969],[79.860292,6.85865],[79.860257,6.858927],[79.860195,6.859485],[79.860119,6.860236],[79.860055,6.860942],[79.859908,6.862381],[79.859882,6.862599]]]}},{"type":"Feature","properties":{"sub":"Government","name":null,"area":0.19299324099,"main":"Institutional","domain":"Built-up"},"geometry":{"type":"Polygon","coordinates":[[[79.864419,6.851164],[79.864152,6.851103],[79.864019,6.851667],[79.864301,6.851705],[79.864419,6.851164]]]}},{"type":"Feature","properties":{"sub":"Retail","name":null,"area":0.22894950068,"main":"Commercial","domain":"Built-up"},"geometry":{"type":"Polygon","coordinates":[[[79.865261,6.851316],[79.864847,6.851261],[79.864787,6.851247],[79.864735,6.851421],[79.865053,6.85146],[79.865016,6.85181],[79.864959,6.851828],[79.864949,6.851979],[79.865148,6.851996],[79.865169,6.851918],[79.86522,6.851676],[79.865263,6.851336],[79.865261,6.851316]]]}},{"type":"Feature","properties":{"sub":"Low Rise","name":null,"area":1.65710921408,"main":"Residential","domain":"Built-up"},"geometry":{"type":"Polygon","coordinates":[[[79.864167,6.85242],[79.864256,6.852162],[79.864464,6.852224],[79.864385,6.852501],[79.864797,6.852652],[79.864887,6.852689],[79.86496,6.852695],[79.864988,6.852695],[79.865024,6.852681],[79.86505,6.852655],[79.865081,6.852403],[79.865087,6.852327],[79.865121,6.852164],[79.865142,6.852016],[79.865149,6.851993],[79.864951,6.851976],[79.86496,6.851826],[79.865017,6.851807],[79.865054,6.851457],[79.864735,6.851421],[79.864656,6.851754],[79.86459,6.851981],[79.86424,6.851912],[79.864302,6.851702],[79.86402,6.851664],[79.864106,6.851303],[79.863895,6.851265],[79.86362,6.851201],[79.863545,6.851649],[79.863469,6.852212],[79.864114,6.852401],[79.864167,6.85242]]]}},{"type":"Feature","properties":{"sub":"Retail","name":null,"area":0.04241697603,"main":"Commercial","domain":"Built-up"},"geometry":{"type":"Polygon","coordinates":[[[79.865468,6.851333],[79.865328,6.851321],[79.865311,6.851336],[79.865293,6.85136],[79.865273,6.851519],[79.865468,6.851519],[79.865468,6.851333]]]}},{"type":"Feature","properties":{"sub":"Low Rise","name":null,"area":0.1921703934,"main":"Residential","domain":"Built-up"},"geometry":{"type":"Polygon","coordinates":[[[79.865652,6.85135],[79.865468,6.851333],[79.865468,6.851519],[79.865273,6.851519],[79.865239,6.851796],[79.865216,6.851876],[79.86557,6.851886],[79.865652,6.85135]]]}},{"type":"Feature","properties":{"sub":"Low Rise","name":null,"area":0.39847134981,"main":"Residential","domain":"Built-up"},"geometry":{"type":"Polygon","coordinates":[[[79.865174,6.852001],[79.865162,6.85204],[79.865104,6.85246],[79.865064,6.852707],[79.865078,6.852752],[79.865103,6.852783],[79.865156,6.852808],[79.865442,6.852915],[79.865551,6.852027],[79.865174,6.852001]]]}},{"type":"Feature","properties":{"sub":"High Rise","name":null,"area":0.05921415891,"main":"Residential","domain":"Built-up"},"geometry":{"type":"Polygon","coordinates":[[[79.865563,6.851886],[79.865216,6.851876],[79.865188,6.851953],[79.865174,6.852001],[79.865547,6.852027],[79.865563,6.851886]]]}},{"type":"Feature","properties":{"sub":"Retail","name":null,"area":0.34652503309,"main":"Commercial","domain":"Built-up"},"geometry":{"type":"Polygon","coordinates":[[[79.8655,6.852446],[79.865774,6.852491],[79.865874,6.851509],[79.865782,6.851372],[79.865761,6.851363],[79.865652,6.85135],[79.86557,6.851886],[79.865563,6.851886],[79.865547,6.852027],[79.865551,6.852027],[79.8655,6.852446]]]}},{"type":"Feature","properties":{"sub":"Factory","name":"Dilcoir Mills (Private) Limited","area":0.15867379917,"main":"Industrial","domain":"Built-up"},"geometry":{"type":"Polygon","coordinates":[[[79.863447,6.852264],[79.863391,6.852565],[79.863612,6.852604],[79.863838,6.852655],[79.863903,6.852406],[79.863447,6.852264]]]}},{"type":"Feature","properties":{"sub":"High Rise","name":null,"area":0.02952881053,"main":"Residential","domain":"Built-up"},"geometry":{"type":"Polygon","coordinates":[[[79.865244,6.852864],[79.865179,6.852845],[79.86511,6.852829],[79.865064,6.852989],[79.865195,6.853036],[79.865244,6.852864]]]}},{"type":"Feature","properties":{"sub":"Retail","name":null,"area":0.06150378582,"main":"Commercial","domain":"Built-up"},"geometry":{"type":"Polygon","coordinates":[[[79.865381,6.853135],[79.865508,6.853181],[79.865516,6.853128],[79.865695,6.853158],[79.865708,6.853055],[79.865693,6.853034],[79.865662,6.853009],[79.865626,6.852992],[79.865544,6.852975],[79.865439,6.852942],[79.865381,6.853135]]]}},{"type":"Feature","properties":{"sub":"Low Rise","name":null,"area":0.86778496391,"main":"Residential","domain":"Built-up"},"geometry":{"type":"Polygon","coordinates":[[[79.863331,6.852804],[79.864072,6.852998],[79.864133,6.852781],[79.864404,6.852857],[79.864346,6.853067],[79.865094,6.853256],[79.865159,6.853075],[79.865381,6.853135],[79.865439,6.852942],[79.865329,6.8529],[79.865244,6.852864],[79.865196,6.853036],[79.865064,6.852988],[79.86511,6.852828],[79.865,6.852784],[79.864751,6.852699],[79.864674,6.852928],[79.864549,6.852878],[79.864631,6.852655],[79.864308,6.852537],[79.863975,6.852424],[79.863903,6.852406],[79.863871,6.852525],[79.863838,6.852655],[79.863612,6.852604],[79.863391,6.852565],[79.863359,6.852661],[79.863331,6.852804]]]}},{"type":"Feature","properties":{"sub":"Low Rise","name":null,"area":1.43018912401,"main":"Residential","domain":"Built-up"},"geometry":{"type":"Polygon","coordinates":[[[79.877751,6.85759],[79.877751,6.857323],[79.876916,6.857328],[79.876495,6.857309],[79.875943,6.857185],[79.875919,6.857248],[79.875822,6.857446],[79.875771,6.857704],[79.875728,6.857837],[79.87583,6.857841],[79.87661,6.857898],[79.876738,6.85792],[79.876881,6.857965],[79.877115,6.857999],[79.877208,6.857849],[79.877623,6.858033],[79.877702,6.85759],[79.877751,6.85759]]]}},{"type":"Feature","properties":{"sub":"Low Rise","name":null,"area":0.80382736296,"main":"Residential","domain":"Built-up"},"geometry":{"type":"Polygon","coordinates":[[[79.877448,6.858499],[79.877313,6.85844],[79.877403,6.858243],[79.87753,6.858283],[79.877606,6.858094],[79.877214,6.857899],[79.877095,6.858138],[79.876988,6.858429],[79.876897,6.858601],[79.876825,6.858789],[79.87673,6.858944],[79.876598,6.859153],[79.877084,6.859454],[79.877406,6.858624],[79.877448,6.858499]]]}},{"type":"Feature","properties":{"sub":"Low Rise","name":null,"area":0.13196167413,"main":"Residential","domain":"Built-up"},"geometry":{"type":"Polygon","coordinates":[[[79.876463,6.859475],[79.876701,6.859658],[79.876745,6.859658],[79.876923,6.859437],[79.876895,6.859404],[79.876552,6.859237],[79.87653,6.859292],[79.876463,6.859475]]]}},{"type":"Feature","properties":{"sub":"Low Rise","name":null,"area":0.06664746856,"main":"Residential","domain":"Built-up"},"geometry":{"type":"Polygon","coordinates":[[[79.877056,6.859696],[79.877116,6.859578],[79.877056,6.859542],[79.877017,6.859481],[79.876978,6.859476],[79.876818,6.859712],[79.877001,6.859834],[79.877056,6.859696]]]}},{"type":"Feature","properties":{"sub":"Government","name":"Dehiwala - Mount Lavinia Municipal Council","area":1.76036991115,"main":"Institutional","domain":"Built-up"},"geometry":{"type":"Polygon","coordinates":[[[79.865423,6.86246],[79.865474,6.862258],[79.865478,6.862259],[79.865593,6.861829],[79.866012,6.861928],[79.86606,6.861612],[79.866003,6.861564],[79.86554,6.861478],[79.865293,6.861428],[79.865236,6.86141],[79.864981,6.861357],[79.864677,6.861296],[79.864208,6.861209],[79.864136,6.861211],[79.864108,6.861342],[79.864047,6.861603],[79.864337,6.861662],[79.864276,6.862048],[79.864461,6.862102],[79.864433,6.862211],[79.865423,6.86246]]]}},{"type":"Feature","properties":{"sub":"Factory","name":"William Grinding Mill","area":0.26963485433,"main":"Industrial","domain":"Built-up"},"geometry":{"type":"Polygon","coordinates":[[[79.863925,6.862125],[79.863938,6.862351],[79.863988,6.862401],[79.864305,6.862451],[79.864535,6.862491],[79.864556,6.862319],[79.864415,6.862276],[79.864458,6.862102],[79.864274,6.862048],[79.86396,6.861973],[79.863925,6.862125]]]}},{"type":"Feature","properties":{"sub":"Retail","name":null,"area":0.14527900392,"main":"Commercial","domain":"Built-up"},"geometry":{"type":"Polygon","coordinates":[[[79.864335,6.861663],[79.864042,6.861603],[79.863999,6.861804],[79.86396,6.861973],[79.864274,6.862048],[79.864335,6.861663]]]}},{"type":"Feature","properties":{"sub":"Government","name":"Municipal Central Depot","area":0.243591139,"main":"Institutional","domain":"Built-up"},"geometry":{"type":"Polygon","coordinates":[[[79.866075,6.861832],[79.866653,6.861945],[79.866709,6.861526],[79.866366,6.86147],[79.866338,6.861575],[79.866304,6.8616],[79.866266,6.861607],[79.866227,6.861622],[79.866214,6.861621],[79.866181,6.861633],[79.866131,6.861673],[79.866114,6.861703],[79.866075,6.861832]]]}},{"type":"Feature","properties":{"sub":"Retail","name":null,"area":0.46857306611,"main":"Commercial","domain":"Built-up"},"geometry":{"type":"Polygon","coordinates":[[[79.867762,6.863094],[79.867756,6.862778],[79.867376,6.86274],[79.867348,6.86287],[79.866973,6.86286],[79.866951,6.862902],[79.866811,6.862867],[79.866843,6.862778],[79.866721,6.862754],[79.866295,6.862679],[79.866256,6.862892],[79.866727,6.863],[79.867136,6.863067],[79.86745,6.863143],[79.86757,6.863169],[79.867598,6.863159],[79.867697,6.86311],[79.867762,6.863094]]]}},{"type":"Feature","properties":{"sub":"Retail","name":null,"area":0.24145412524,"main":"Commercial","domain":"Built-up"},"geometry":{"type":"Polygon","coordinates":[[[79.867639,6.863184],[79.867943,6.863317],[79.868305,6.863524],[79.868384,6.86359],[79.868453,6.863525],[79.868595,6.86335],[79.86842,6.863212],[79.868191,6.863179],[79.867982,6.863139],[79.867812,6.863113],[79.867812,6.863119],[79.867738,6.863151],[79.867639,6.863184]]]}},{"type":"Feature","properties":{"sub":"Low Rise","name":null,"area":4.39971345621,"main":"Residential","domain":"Built-up"},"geometry":{"type":"Polygon","coordinates":[[[79.867982,6.863139],[79.868191,6.863179],[79.86842,6.863212],[79.868595,6.86335],[79.868724,6.863192],[79.868779,6.863112],[79.868932,6.86293],[79.868949,6.862895],[79.868977,6.862851],[79.869074,6.862711],[79.86916,6.862595],[79.868913,6.862386],[79.868978,6.862291],[79.869142,6.862177],[79.869167,6.862162],[79.869167,6.862142],[79.868893,6.862077],[79.868818,6.862062],[79.868794,6.862042],[79.868794,6.862012],[79.868914,6.861606],[79.868939,6.861577],[79.868989,6.861567],[79.869019,6.861537],[79.869019,6.861442],[79.869035,6.861054],[79.869041,6.860601],[79.869041,6.860536],[79.869031,6.860511],[79.868946,6.860511],[79.868851,6.860501],[79.868521,6.860495],[79.868539,6.860543],[79.86857,6.860657],[79.86857,6.860802],[79.868601,6.860865],[79.868622,6.86102],[79.868652,6.861228],[79.868611,6.861228],[79.868609,6.861209],[79.868332,6.861199],[79.868299,6.861676],[79.867865,6.861675],[79.867855,6.861463],[79.867814,6.861453],[79.867767,6.861445],[79.867707,6.86144],[79.867488,6.861405],[79.867363,6.861382],[79.867209,6.861375],[79.867101,6.861374],[79.867077,6.861384],[79.867034,6.861414],[79.867022,6.861432],[79.866997,6.861434],[79.866949,6.861434],[79.86685,6.861424],[79.866767,6.861404],[79.866692,6.86197],[79.866674,6.862042],[79.866649,6.862042],[79.86643,6.862007],[79.866392,6.862211],[79.866351,6.8624],[79.866668,6.862369],[79.866754,6.862378],[79.866948,6.862359],[79.867113,6.862372],[79.867233,6.862394],[79.867424,6.862464],[79.867554,6.862518],[79.867585,6.862588],[79.867633,6.862664],[79.8677,6.862708],[79.867755,6.862732],[79.867977,6.862749],[79.868084,6.862749],[79.868232,6.862791],[79.868535,6.862849],[79.868519,6.862906],[79.868199,6.86284],[79.867985,6.862799],[79.867878,6.862782],[79.867812,6.862806],[79.867812,6.863113],[79.867982,6.863139]]]}},{"type":"Feature","properties":{"sub":"Factory","name":null,"area":0.55656990433,"main":"Industrial","domain":"Built-up"},"geometry":{"type":"Polygon","coordinates":[[[79.868609,6.861209],[79.86858,6.860937],[79.868556,6.860851],[79.867932,6.860841],[79.867856,6.861419],[79.867871,6.861421],[79.867866,6.861466],[79.867855,6.861463],[79.867865,6.861675],[79.868299,6.861676],[79.868332,6.861199],[79.868609,6.861209]]]}},{"type":"Feature","properties":{"sub":"Temple/Shrine","name":"Pinwaththa Temple","area":0.5843565109,"main":"Cultural","domain":"Built-up"},"geometry":{"type":"Polygon","coordinates":[[[79.867164,6.860498],[79.867137,6.860498],[79.867092,6.860522],[79.867053,6.860547],[79.866823,6.860706],[79.866698,6.860771],[79.866634,6.860771],[79.866574,6.860749],[79.866437,6.86123],[79.866444,6.861245],[79.866454,6.861257],[79.866469,6.86127],[79.866528,6.861287],[79.86668,6.861325],[79.866765,6.861355],[79.866852,6.86138],[79.86691,6.861388],[79.866959,6.861383],[79.867014,6.861366],[79.867069,6.861343],[79.867089,6.861338],[79.867194,6.861336],[79.867236,6.86134],[79.867164,6.860498]]]}},{"type":"Feature","properties":{"sub":"Low Rise","name":null,"area":0.30797092514,"main":"Residential","domain":"Built-up"},"geometry":{"type":"Polygon","coordinates":[[[79.864826,6.859123],[79.864757,6.85934],[79.865169,6.859415],[79.865136,6.859545],[79.865667,6.859611],[79.865711,6.859328],[79.864826,6.859123]]]}},{"type":"Feature","properties":{"sub":"Church","name":"St Mary's Church","area":0.76740040614,"main":"Cultural","domain":"Built-up"},"geometry":{"type":"Polygon","coordinates":[[[79.865628,6.860021],[79.865655,6.85961],[79.865136,6.859545],[79.865169,6.859415],[79.864566,6.859305],[79.864461,6.859746],[79.86444,6.859853],[79.86445,6.859878],[79.864464,6.859895],[79.864556,6.85992],[79.864586,6.859921],[79.864945,6.86],[79.865125,6.860043],[79.865557,6.860022],[79.865628,6.860021]]]}},{"type":"Feature","properties":{"sub":"Retail","name":null,"area":0.08936307491,"main":"Commercial","domain":"Built-up"},"geometry":{"type":"Polygon","coordinates":[[[79.864926,6.858891],[79.864679,6.858831],[79.864629,6.859042],[79.865045,6.859134],[79.865063,6.859027],[79.864909,6.858992],[79.864926,6.858891]]]}},{"type":"Feature","properties":{"sub":"Low Rise","name":null,"area":0.3478050655,"main":"Residential","domain":"Built-up"},"geometry":{"type":"Polygon","coordinates":[[[79.864909,6.858992],[79.865063,6.859027],[79.865045,6.859134],[79.865717,6.859284],[79.865711,6.859328],[79.865828,6.859355],[79.866204,6.859435],[79.866224,6.859435],[79.866238,6.859329],[79.866271,6.859192],[79.86623,6.859187],[79.866126,6.859167],[79.865769,6.859087],[79.865516,6.859037],[79.864926,6.858891],[79.864909,6.858992]]]}},{"type":"Feature","properties":{"sub":"Retail","name":null,"area":0.33941750294,"main":"Commercial","domain":"Built-up"},"geometry":{"type":"Polygon","coordinates":[[[79.864991,6.858853],[79.86504,6.858591],[79.86517,6.858613],[79.865236,6.858212],[79.865019,6.858136],[79.865019,6.857992],[79.864906,6.858001],[79.86486,6.858039],[79.864691,6.858777],[79.864991,6.858853]]]}},{"type":"Feature","properties":{"sub":"School","name":"Alethea International School","area":0.19592006992,"main":"Institutional","domain":"Built-up"},"geometry":{"type":"Polygon","coordinates":[[[79.866067,6.858203],[79.865929,6.858161],[79.865731,6.858107],[79.865723,6.858152],[79.86568,6.858636],[79.865973,6.858658],[79.866067,6.858203]]]}},{"type":"Feature","properties":{"sub":"Low Rise","name":null,"area":1.04382837077,"main":"Residential","domain":"Built-up"},"geometry":{"type":"Polygon","coordinates":[[[79.865771,6.859055],[79.865876,6.85868],[79.866065,6.858734],[79.865987,6.859103],[79.86626,6.859153],[79.866284,6.859143],[79.866299,6.859145],[79.866363,6.858861],[79.866546,6.85833],[79.866512,6.858311],[79.866267,6.858249],[79.866166,6.858219],[79.866067,6.858203],[79.865973,6.858658],[79.86568,6.858636],[79.865723,6.858152],[79.865731,6.858107],[79.865249,6.857996],[79.865019,6.857992],[79.865019,6.858136],[79.865236,6.858212],[79.86517,6.858613],[79.86504,6.858591],[79.864991,6.858853],[79.865301,6.858939],[79.865364,6.858629],[79.865708,6.858731],[79.865639,6.859025],[79.865771,6.859055]]]}},{"type":"Feature","properties":{"sub":"Retail","name":null,"area":0.14638307618,"main":"Commercial","domain":"Built-up"},"geometry":{"type":"Polygon","coordinates":[[[79.865141,6.857928],[79.865256,6.857507],[79.865153,6.857498],[79.865047,6.857466],[79.864993,6.85746],[79.86488,6.857952],[79.865097,6.85793],[79.865141,6.857928]]]}},{"type":"Feature","properties":{"sub":"Retail","name":null,"area":0.77584775898,"main":"Commercial","domain":"Built-up"},"geometry":{"type":"Polygon","coordinates":[[[79.865869,6.857486],[79.865886,6.857286],[79.865693,6.857276],[79.865721,6.857038],[79.865337,6.856985],[79.865348,6.856908],[79.865434,6.856586],[79.865648,6.856552],[79.865655,6.856106],[79.865315,6.856062],[79.865233,6.856431],[79.865,6.85743],[79.865121,6.857456],[79.865259,6.857482],[79.865525,6.857483],[79.865674,6.857478],[79.865869,6.857486]]]}},{"type":"Feature","properties":{"sub":"High Rise","name":null,"area":0.09221606676,"main":"Residential","domain":"Built-up"},"geometry":{"type":"Polygon","coordinates":[[[79.866204,6.856166],[79.865877,6.85613],[79.865858,6.856381],[79.866194,6.856371],[79.866204,6.856166]]]}},{"type":"Feature","properties":{"sub":"Temple/Shrine","name":"Vidyawardhana Pirivena","area":0.25716754113,"main":"Cultural","domain":"Built-up"},"geometry":{"type":"Polygon","coordinates":[[[79.867245,6.856295],[79.866997,6.856228],[79.866931,6.85647],[79.866606,6.856393],[79.866551,6.856653],[79.866908,6.856857],[79.866994,6.856751],[79.867119,6.856504],[79.867245,6.856295]]]}},{"type":"Feature","properties":{"sub":"Low Rise","name":null,"area":2.70766428847,"main":"Residential","domain":"Built-up"},"geometry":{"type":"Polygon","coordinates":[[[79.865337,6.856985],[79.865721,6.857038],[79.865693,6.857276],[79.865886,6.857286],[79.865884,6.857308],[79.866043,6.857304],[79.866037,6.857494],[79.866114,6.857495],[79.866263,6.857527],[79.866428,6.857538],[79.866603,6.857538],[79.866603,6.857581],[79.866518,6.85758],[79.866412,6.85757],[79.866263,6.857548],[79.866045,6.857526],[79.865907,6.85751],[79.865828,6.857505],[79.865673,6.857526],[79.865578,6.857525],[79.865503,6.85752],[79.865355,6.85752],[79.865256,6.857507],[79.865141,6.857928],[79.865168,6.857927],[79.865604,6.858022],[79.866256,6.858176],[79.866359,6.858206],[79.866427,6.857978],[79.866671,6.858023],[79.866683,6.857996],[79.866718,6.857828],[79.866719,6.857678],[79.866684,6.857537],[79.866631,6.857395],[79.866631,6.857351],[79.866666,6.857227],[79.866879,6.856892],[79.866908,6.856857],[79.866551,6.856653],[79.866606,6.856393],[79.866931,6.85647],[79.866997,6.856228],[79.866957,6.856218],[79.86682,6.856198],[79.866729,6.856195],[79.866492,6.856175],[79.866204,6.856166],[79.866194,6.856371],[79.865858,6.856381],[79.865877,6.85613],[79.865655,6.856106],[79.865648,6.856552],[79.865434,6.856586],[79.865348,6.856908],[79.865337,6.856985]]]}},{"type":"Feature","properties":{"sub":"Low Rise","name":null,"area":2.16426153148,"main":"Residential","domain":"Built-up"},"geometry":{"type":"Polygon","coordinates":[[[79.868072,6.856568],[79.867989,6.856545],[79.867782,6.856456],[79.867565,6.856378],[79.867412,6.856344],[79.867326,6.856318],[79.866852,6.857069],[79.86671,6.857298],[79.86671,6.85736],[79.86679,6.85759],[79.866798,6.857722],[79.86678,6.857846],[79.866733,6.858078],[79.867546,6.858173],[79.867558,6.85801],[79.867797,6.857686],[79.867927,6.857469],[79.868058,6.857133],[79.86808,6.856786],[79.868072,6.856568]]]}},{"type":"Feature","properties":{"sub":"Other higher edu.","name":"Advanced Technological Institute Dehiwala","area":1.57861732982,"main":"Institutional","domain":"Built-up"},"geometry":{"type":"Polygon","coordinates":[[[79.868487,6.856682],[79.86842,6.856666],[79.868072,6.856568],[79.86808,6.856786],[79.868058,6.857133],[79.867927,6.857469],[79.867797,6.857686],[79.867558,6.85801],[79.867547,6.858163],[79.867962,6.858272],[79.868804,6.858371],[79.868828,6.857395],[79.868513,6.857448],[79.868373,6.857069],[79.868514,6.856809],[79.868487,6.856682]]]}},{"type":"Feature","properties":{"sub":"Temple/Shrine","name":"Sri Mahabodhi Viharaya","area":0.57582903543,"main":"Cultural","domain":"Built-up"},"geometry":{"type":"Polygon","coordinates":[[[79.867547,6.858163],[79.867546,6.858173],[79.866733,6.858078],[79.866727,6.858111],[79.866664,6.858244],[79.86662,6.858325],[79.867031,6.858368],[79.867068,6.858383],[79.867068,6.858411],[79.867155,6.858411],[79.867188,6.858628],[79.867947,6.858618],[79.867958,6.858271],[79.867962,6.858272],[79.867547,6.858163]]]}},{"type":"Feature","properties":{"sub":"Dispensary","name":"Child and Maternity Clinic","area":0.09096930616,"main":"Institutional","domain":"Built-up"},"geometry":{"type":"Polygon","coordinates":[[[79.869817,6.858131],[79.869958,6.858013],[79.870115,6.85789],[79.870113,6.857866],[79.870108,6.857838],[79.870085,6.857809],[79.870046,6.85777],[79.869995,6.857764],[79.869955,6.857753],[79.869845,6.857633],[79.869817,6.858131]]]}},{"type":"Feature","properties":{"sub":"Playground","name":"S.D.S. Jayasinghe Stadium","area":1.66571722501,"main":"Public Space","domain":"Built-up"},"geometry":{"type":"Polygon","coordinates":[[[79.869909,6.856419],[79.869912,6.856604],[79.869887,6.856788],[79.869879,6.856969],[79.869821,6.857087],[79.869792,6.857164],[79.869758,6.857272],[79.869741,6.857365],[79.869756,6.85742],[79.870086,6.857671],[79.870251,6.857791],[79.870325,6.857748],[79.870465,6.857659],[79.870597,6.857577],[79.870525,6.857432],[79.871286,6.856929],[79.871172,6.856695],[79.870731,6.856391],[79.870457,6.856357],[79.869909,6.856419]]]}},{"type":"Feature","properties":{"sub":"Low Rise","name":null,"area":1.75347484185,"main":"Residential","domain":"Built-up"},"geometry":{"type":"Polygon","coordinates":[[[79.871379,6.857121],[79.871472,6.857066],[79.871623,6.856969],[79.87146,6.85662],[79.871368,6.856454],[79.87123,6.855936],[79.871056,6.855073],[79.870867,6.855226],[79.870792,6.855299],[79.870552,6.855479],[79.870383,6.855621],[79.87009,6.855817],[79.869987,6.85588],[79.8699,6.855939],[79.86981,6.856006],[79.869846,6.856056],[79.869885,6.856163],[79.869913,6.856264],[79.869913,6.8564],[79.869909,6.856419],[79.870457,6.856357],[79.870731,6.856391],[79.871172,6.856695],[79.871379,6.857121]]]}},{"type":"Feature","properties":{"sub":"Retail","name":null,"area":0.05335982577,"main":"Commercial","domain":"Built-up"},"geometry":{"type":"Polygon","coordinates":[[[79.869819,6.855945],[79.869866,6.855907],[79.870023,6.855805],[79.869971,6.855643],[79.869742,6.855781],[79.869819,6.855945]]]}},{"type":"Feature","properties":{"sub":"Retail","name":null,"area":0.21560017385,"main":"Commercial","domain":"Built-up"},"geometry":{"type":"Polygon","coordinates":[[[79.869017,6.856612],[79.868906,6.856398],[79.868767,6.856474],[79.868531,6.856369],[79.868415,6.856345],[79.868129,6.856534],[79.868189,6.856549],[79.86837,6.856598],[79.86851,6.856638],[79.868556,6.856658],[79.868731,6.856687],[79.86878,6.85669],[79.868826,6.856685],[79.868866,6.856667],[79.868984,6.856629],[79.869017,6.856612]]]}},{"type":"Feature","properties":{"sub":"Low Rise","name":null,"area":2.72500542362,"main":"Residential","domain":"Built-up"},"geometry":{"type":"Polygon","coordinates":[[[79.867729,6.855363],[79.86794,6.855538],[79.867785,6.855661],[79.867662,6.855546],[79.867617,6.855654],[79.867563,6.855831],[79.867519,6.85591],[79.867377,6.85621],[79.867331,6.856268],[79.867482,6.856317],[79.867588,6.85634],[79.86813,6.856532],[79.868416,6.856343],[79.868533,6.856366],[79.868768,6.856472],[79.868907,6.856395],[79.869019,6.856609],[79.86908,6.856578],[79.869221,6.856492],[79.869344,6.856409],[79.869395,6.856369],[79.868996,6.855486],[79.869068,6.855354],[79.868813,6.854656],[79.868785,6.854667],[79.868725,6.854733],[79.868613,6.854769],[79.868425,6.854921],[79.868336,6.854929],[79.868228,6.855037],[79.868122,6.855098],[79.868051,6.855125],[79.867927,6.855177],[79.867856,6.855221],[79.867794,6.855274],[79.867729,6.855363]]]}},{"type":"Feature","properties":{"sub":"Retail","name":null,"area":0.11135503116,"main":"Commercial","domain":"Built-up"},"geometry":{"type":"Polygon","coordinates":[[[79.86575,6.853801],[79.865704,6.854075],[79.865987,6.85411],[79.865987,6.854034],[79.866012,6.854038],[79.86604,6.853792],[79.865891,6.853773],[79.865829,6.853768],[79.86575,6.853801]]]}},{"type":"Feature","properties":{"sub":"Factory","name":null,"area":0.76402661343,"main":"Industrial","domain":"Built-up"},"geometry":{"type":"Polygon","coordinates":[[[79.866012,6.854038],[79.866388,6.854089],[79.866369,6.854316],[79.867562,6.854397],[79.867721,6.853942],[79.867028,6.853963],[79.866711,6.853915],[79.866621,6.853893],[79.866346,6.853853],[79.86604,6.853792],[79.866012,6.854038]]]}},{"type":"Feature","properties":{"sub":"Temple/Shrine","name":"Darshanika Ramaya Temple","area":0.1933977306,"main":"Cultural","domain":"Built-up"},"geometry":{"type":"Polygon","coordinates":[[[79.865704,6.854075],[79.865664,6.854295],[79.865942,6.854343],[79.865976,6.854262],[79.866355,6.854317],[79.866369,6.854316],[79.866388,6.854089],[79.865987,6.854034],[79.865987,6.85411],[79.865704,6.854075]]]}},{"type":"Feature","properties":{"sub":"Retail","name":null,"area":0.14443494408,"main":"Commercial","domain":"Built-up"},"geometry":{"type":"Polygon","coordinates":[[[79.865875,6.854715],[79.865595,6.85467],[79.865545,6.854968],[79.865517,6.855104],[79.865538,6.855102],[79.865797,6.855118],[79.865875,6.854715]]]}},{"type":"Feature","properties":{"sub":"Low Rise","name":null,"area":2.75444662693,"main":"Residential","domain":"Built-up"},"geometry":{"type":"Polygon","coordinates":[[[79.866554,6.856125],[79.866583,6.855891],[79.866808,6.855923],[79.866802,6.856145],[79.86687,6.856153],[79.867093,6.855579],[79.866962,6.855495],[79.866962,6.855423],[79.866494,6.855374],[79.866506,6.855302],[79.866998,6.855351],[79.867022,6.855459],[79.867141,6.855483],[79.867166,6.855327],[79.867208,6.855107],[79.867315,6.85494],[79.867494,6.854564],[79.867556,6.854395],[79.866363,6.854314],[79.866349,6.854315],[79.865976,6.854262],[79.865942,6.854343],[79.865875,6.854715],[79.865797,6.855118],[79.865925,6.855126],[79.865919,6.85516],[79.866198,6.855197],[79.866193,6.855258],[79.866366,6.855281],[79.866338,6.855496],[79.865846,6.855436],[79.865827,6.855615],[79.865626,6.855586],[79.865609,6.85572],[79.865669,6.85574],[79.865635,6.855957],[79.865631,6.856007],[79.865658,6.856044],[79.865766,6.856054],[79.865878,6.856059],[79.865975,6.85606],[79.866115,6.856073],[79.866209,6.856066],[79.86632,6.85609],[79.866554,6.856125]]]}},{"type":"Feature","properties":{"sub":"Retail","name":null,"area":0.25097013416,"main":"Commercial","domain":"Built-up"},"geometry":{"type":"Polygon","coordinates":[[[79.866112,6.852907],[79.865864,6.85289],[79.865833,6.853172],[79.865772,6.853588],[79.865768,6.85364],[79.865761,6.853678],[79.865784,6.8537],[79.865812,6.853717],[79.865852,6.853731],[79.865913,6.853737],[79.865981,6.853749],[79.866108,6.853037],[79.866132,6.853036],[79.866112,6.852907]]]}},{"type":"Feature","properties":{"sub":"Retail","name":null,"area":0.12663644078,"main":"Commercial","domain":"Built-up"},"geometry":{"type":"Polygon","coordinates":[[[79.865913,6.852609],[79.865869,6.852843],[79.866141,6.852853],[79.866135,6.852867],[79.866342,6.852882],[79.866315,6.852636],[79.865913,6.852609]]]}},{"type":"Feature","properties":{"sub":"Mosque","name":"Dehiwala Town Jumma Masjidh","area":0.04361880741,"main":"Cultural","domain":"Built-up"},"geometry":{"type":"Polygon","coordinates":[[[79.866135,6.852867],[79.866119,6.852907],[79.866112,6.852907],[79.866132,6.853036],[79.866358,6.853027],[79.866342,6.852882],[79.866135,6.852867]]]}},{"type":"Feature","properties":{"sub":"Retail","name":null,"area":0.04393572807,"main":"Commercial","domain":"Built-up"},"geometry":{"type":"Polygon","coordinates":[[[79.866082,6.851696],[79.866044,6.851904],[79.866231,6.851893],[79.86624,6.851681],[79.866082,6.851696]]]}},{"type":"Feature","properties":{"sub":"Retail","name":null,"area":0.08427545215,"main":"Commercial","domain":"Built-up"},"geometry":{"type":"Polygon","coordinates":[[[79.866231,6.851893],[79.866316,6.851888],[79.866322,6.851909],[79.866581,6.851826],[79.866588,6.851802],[79.866534,6.851652],[79.86624,6.851681],[79.866231,6.851893]]]}},{"type":"Feature","properties":{"sub":"Retail","name":null,"area":0.21093238439,"main":"Commercial","domain":"Built-up"},"geometry":{"type":"Polygon","coordinates":[[[79.866033,6.851964],[79.865941,6.85246],[79.866228,6.852441],[79.866197,6.852105],[79.8665,6.852095],[79.866581,6.851826],[79.866322,6.851909],[79.866338,6.851964],[79.866033,6.851964]]]}},{"type":"Feature","properties":{"sub":"Low Rise","name":null,"area":2.04061816379,"main":"Residential","domain":"Built-up"},"geometry":{"type":"Polygon","coordinates":[[[79.866801,6.85266],[79.86685,6.852646],[79.86733,6.852647],[79.867378,6.852626],[79.867385,6.852585],[79.867379,6.852467],[79.867073,6.852484],[79.867064,6.852334],[79.867373,6.852335],[79.867352,6.851911],[79.867338,6.851709],[79.867311,6.85166],[79.867269,6.851619],[79.867193,6.851619],[79.866928,6.851625],[79.866534,6.851652],[79.866588,6.851802],[79.8665,6.852095],[79.866197,6.852105],[79.866228,6.852441],[79.86622,6.85263],[79.866315,6.852636],[79.866358,6.853027],[79.866108,6.853037],[79.865981,6.853749],[79.866267,6.853799],[79.866644,6.853862],[79.866723,6.85387],[79.866737,6.853507],[79.866752,6.853021],[79.866745,6.852799],[79.866801,6.85266]]]}},{"type":"Feature","properties":{"sub":"Low Rise","name":null,"area":4.6656601701,"main":"Residential","domain":"Built-up"},"geometry":{"type":"Polygon","coordinates":[[[79.868522,6.850983],[79.868575,6.851229],[79.868446,6.851456],[79.868427,6.851506],[79.868413,6.851665],[79.868409,6.851926],[79.868421,6.852127],[79.868442,6.852347],[79.868476,6.852618],[79.868479,6.852723],[79.868495,6.853043],[79.868493,6.853209],[79.868488,6.853306],[79.868482,6.85373],[79.868493,6.853845],[79.868914,6.853835],[79.869144,6.853824],[79.869257,6.853802],[79.869313,6.853785],[79.869672,6.853613],[79.869684,6.853589],[79.869747,6.853416],[79.869831,6.853159],[79.869852,6.853048],[79.869852,6.852798],[79.86986,6.852346],[79.869867,6.852318],[79.869902,6.852284],[79.869937,6.852193],[79.869924,6.851985],[79.869869,6.85145],[79.869855,6.851387],[79.869807,6.851332],[79.869779,6.851262],[79.869758,6.851075],[79.869753,6.851041],[79.869319,6.851086],[79.869237,6.850765],[79.868959,6.850821],[79.868818,6.850854],[79.868834,6.850961],[79.868745,6.850988],[79.868808,6.85113],[79.868816,6.851245],[79.868846,6.851398],[79.868854,6.851452],[79.868961,6.851621],[79.868961,6.85182],[79.868915,6.85182],[79.8689,6.851613],[79.8688,6.851459],[79.86877,6.851352],[79.868755,6.851183],[79.868739,6.851068],[79.868692,6.850973],[79.868531,6.850993],[79.868522,6.850983]]]}},{"type":"Feature","properties":{"sub":"School","name":null,"area":0.05322173105,"main":"Institutional","domain":"Built-up"},"geometry":{"type":"Polygon","coordinates":[[[79.867379,6.852467],[79.867373,6.852335],[79.867064,6.852334],[79.867073,6.852484],[79.867379,6.852467]]]}},{"type":"Feature","properties":{"sub":"Temple/Shrine","name":"Abhayasela Chethiyaramaya","area":0.42678382051,"main":"Cultural","domain":"Built-up"},"geometry":{"type":"Polygon","coordinates":[[[79.866805,6.852964],[79.866793,6.853188],[79.866793,6.853266],[79.867181,6.853267],[79.867322,6.8533],[79.867528,6.853365],[79.867723,6.853506],[79.867767,6.853127],[79.867768,6.853062],[79.867616,6.852986],[79.86766,6.852834],[79.867529,6.852823],[79.867475,6.852921],[79.86741,6.852975],[79.867204,6.852985],[79.866805,6.852964]]]}},{"type":"Feature","properties":{"sub":"Retail","name":null,"area":0.23752728132,"main":"Commercial","domain":"Built-up"},"geometry":{"type":"Polygon","coordinates":[[[79.866332,6.851314],[79.86621,6.851378],[79.866129,6.851435],[79.866089,6.851655],[79.866653,6.851606],[79.866653,6.851434],[79.866838,6.851423],[79.86683,6.85125],[79.866679,6.85127],[79.866514,6.851294],[79.866332,6.851314]]]}},{"type":"Feature","properties":{"sub":"Retail","name":null,"area":0.04950444547,"main":"Commercial","domain":"Built-up"},"geometry":{"type":"Polygon","coordinates":[[[79.867992,6.851035],[79.867781,6.851084],[79.867814,6.851252],[79.868053,6.851209],[79.867992,6.851035]]]}},{"type":"Feature","properties":{"sub":"Retail","name":null,"area":0.01578387702,"main":"Commercial","domain":"Built-up"},"geometry":{"type":"Polygon","coordinates":[[[79.868507,6.85092],[79.868522,6.850983],[79.868531,6.850993],[79.868692,6.850973],[79.868657,6.850891],[79.868507,6.85092]]]}},{"type":"Feature","properties":{"sub":"Retail","name":null,"area":0.01492775996,"main":"Commercial","domain":"Built-up"},"geometry":{"type":"Polygon","coordinates":[[[79.868818,6.850854],[79.868694,6.850884],[79.868745,6.850988],[79.868834,6.850961],[79.868818,6.850854]]]}},{"type":"Feature","properties":{"sub":"Retail","name":null,"area":0.65374087405,"main":"Commercial","domain":"Built-up"},"geometry":{"type":"Polygon","coordinates":[[[79.871055,6.851068],[79.871033,6.850704],[79.870993,6.850433],[79.870892,6.85046],[79.87003,6.850611],[79.869718,6.85067],[79.869738,6.850783],[79.869759,6.850866],[79.869779,6.851005],[79.869787,6.85104],[79.870002,6.850996],[79.86999,6.850918],[79.870259,6.850868],[79.8703,6.850853],[79.870278,6.850751],[79.870461,6.850694],[79.870547,6.850982],[79.870825,6.850934],[79.87094,6.851381],[79.871043,6.85136],[79.871055,6.851068]]]}},{"type":"Feature","properties":{"sub":"Low Rise","name":null,"area":7.69810320525,"main":"Residential","domain":"Built-up"},"geometry":{"type":"Polygon","coordinates":[[[79.868043,6.854323],[79.868077,6.854125],[79.868537,6.85466],[79.86866,6.854642],[79.868767,6.854625],[79.86889,6.854572],[79.869023,6.854502],[79.8692,6.854414],[79.869395,6.854308],[79.869625,6.854229],[79.869917,6.854132],[79.870306,6.854018],[79.870554,6.853939],[79.870562,6.853992],[79.870014,6.854132],[79.869545,6.854282],[79.869218,6.854449],[79.868943,6.854563],[79.868884,6.854623],[79.86915,6.855333],[79.869607,6.855106],[79.869775,6.855047],[79.869858,6.855095],[79.869942,6.855263],[79.870025,6.855634],[79.870071,6.855773],[79.870392,6.855558],[79.870461,6.855495],[79.870507,6.85546],[79.870559,6.855412],[79.87074,6.855279],[79.870774,6.855239],[79.870935,6.855109],[79.870877,6.855041],[79.871061,6.854911],[79.871105,6.854972],[79.871171,6.854918],[79.871268,6.854861],[79.871314,6.854812],[79.871438,6.854727],[79.871524,6.854661],[79.871625,6.854611],[79.87154,6.854478],[79.871626,6.854414],[79.871717,6.854566],[79.871788,6.854531],[79.871885,6.854477],[79.871884,6.854452],[79.871881,6.85443],[79.871838,6.854394],[79.871798,6.854322],[79.871766,6.854211],[79.871698,6.854047],[79.871662,6.85395],[79.871644,6.853914],[79.871576,6.853838],[79.871476,6.853712],[79.871433,6.853676],[79.871311,6.853543],[79.87125,6.853467],[79.87121,6.853442],[79.871151,6.853351],[79.87105,6.853126],[79.871006,6.853047],[79.870978,6.853042],[79.870949,6.853042],[79.870893,6.853058],[79.870674,6.853114],[79.87059,6.853142],[79.870398,6.853254],[79.870179,6.853405],[79.870083,6.853444],[79.869701,6.853651],[79.869616,6.853702],[79.869375,6.853822],[79.869234,6.853867],[79.869155,6.853878],[79.868942,6.853877],[79.868661,6.853883],[79.868329,6.853893],[79.867775,6.853926],[79.867645,6.854311],[79.867528,6.854551],[79.86743,6.854838],[79.867268,6.855102],[79.86722,6.855365],[79.867195,6.855509],[79.867159,6.855593],[79.867087,6.855797],[79.867027,6.85594],[79.866978,6.856048],[79.866949,6.856165],[79.866979,6.856169],[79.867261,6.856251],[79.86734,6.856124],[79.867394,6.855992],[79.8675,6.855762],[79.86758,6.855621],[79.867625,6.855471],[79.867678,6.855374],[79.867713,6.855294],[79.867766,6.855224],[79.867855,6.855162],[79.867908,6.855136],[79.867997,6.855101],[79.868112,6.855065],[79.868209,6.855004],[79.868297,6.854907],[79.868413,6.854792],[79.868208,6.854506],[79.868043,6.854323]]]}},{"type":"Feature","properties":{"sub":"Low Rise","name":null,"area":3.26802468608,"main":"Residential","domain":"Built-up"},"geometry":{"type":"Polygon","coordinates":[[[79.871359,6.852746],[79.871546,6.852736],[79.871655,6.852737],[79.871673,6.852582],[79.871567,6.852574],[79.871559,6.8526],[79.871019,6.852493],[79.871026,6.852066],[79.871049,6.851471],[79.871043,6.85136],[79.87094,6.851381],[79.870825,6.850934],[79.870547,6.850982],[79.870461,6.850694],[79.870278,6.850751],[79.8703,6.850853],[79.870259,6.850868],[79.86999,6.850918],[79.870002,6.850996],[79.869787,6.85104],[79.869814,6.851172],[79.869821,6.851255],[79.86989,6.851367],[79.869925,6.851429],[79.869958,6.851916],[79.869986,6.852089],[79.869965,6.852284],[79.869902,6.85243],[79.869908,6.853041],[79.86988,6.853117],[79.869838,6.853263],[79.869722,6.853589],[79.86987,6.853517],[79.870162,6.853355],[79.870252,6.85331],[79.870567,6.85312],[79.870635,6.853086],[79.870691,6.853069],[79.870787,6.853053],[79.870955,6.853008],[79.870989,6.852991],[79.871,6.852969],[79.870991,6.852804],[79.870996,6.852784],[79.871008,6.852778],[79.871172,6.852761],[79.871284,6.852755],[79.871359,6.852746]]]}},{"type":"Feature","properties":{"sub":"Low Rise","name":null,"area":0.72552169811,"main":"Residential","domain":"Built-up"},"geometry":{"type":"Polygon","coordinates":[[[79.86981,6.855143],[79.869714,6.855142],[79.86939,6.855262],[79.869078,6.855453],[79.86909,6.855525],[79.869198,6.855741],[79.869329,6.856041],[79.869412,6.856281],[79.86944,6.856335],[79.869472,6.8563],[79.869541,6.85622],[79.869648,6.856091],[79.869819,6.855945],[79.869742,6.855781],[79.869971,6.855643],[79.869858,6.855287],[79.86981,6.855143]]]}},{"type":"Feature","properties":{"sub":"Retail","name":null,"area":0.02217346835,"main":"Commercial","domain":"Built-up"},"geometry":{"type":"Polygon","coordinates":[[[79.870935,6.855109],[79.871105,6.854972],[79.871061,6.854911],[79.870877,6.855041],[79.870935,6.855109]]]}},{"type":"Feature","properties":{"sub":"Barren Land","name":null,"area":0.02158083346,"main":"Barren Land","domain":"Non Built-up"},"geometry":{"type":"Polygon","coordinates":[[[79.871625,6.854611],[79.871717,6.854566],[79.871626,6.854414],[79.87154,6.854478],[79.871625,6.854611]]]}},{"type":"Feature","properties":{"sub":"Low Rise","name":null,"area":2.72882298,"main":"Residential","domain":"Built-up"},"geometry":{"type":"Polygon","coordinates":[[[79.873071,6.853481],[79.872968,6.853394],[79.872883,6.853315],[79.872761,6.85321],[79.872698,6.853146],[79.872557,6.852978],[79.872544,6.852942],[79.872494,6.852876],[79.872379,6.852742],[79.872168,6.852795],[79.872082,6.852802],[79.871949,6.852805],[79.871884,6.852801],[79.871711,6.852772],[79.871531,6.852772],[79.871139,6.852796],[79.871028,6.852825],[79.871021,6.852836],[79.871028,6.852925],[79.871049,6.85304],[79.871085,6.853157],[79.871134,6.853252],[79.871156,6.853306],[79.871206,6.853373],[79.871242,6.853427],[79.871372,6.853558],[79.871538,6.853729],[79.871596,6.85381],[79.871641,6.853864],[79.87169,6.853949],[79.871713,6.854003],[79.871744,6.854066],[79.871775,6.854156],[79.871802,6.85425],[79.871847,6.854358],[79.871887,6.854408],[79.871932,6.854439],[79.871958,6.854443],[79.871981,6.854434],[79.872095,6.854374],[79.872176,6.854328],[79.872253,6.854277],[79.872302,6.854257],[79.87236,6.854242],[79.872411,6.854237],[79.872466,6.854237],[79.872558,6.854246],[79.872721,6.854247],[79.872776,6.854245],[79.872819,6.854225],[79.872848,6.854202],[79.872888,6.854139],[79.872986,6.853964],[79.873104,6.853789],[79.873121,6.853753],[79.872962,6.853668],[79.873071,6.853481]]]}},{"type":"Feature","properties":{"sub":"Retail","name":null,"area":0.04182622352,"main":"Commercial","domain":"Built-up"},"geometry":{"type":"Polygon","coordinates":[[[79.873177,6.85357],[79.873071,6.853481],[79.872962,6.853668],[79.873121,6.853753],[79.873156,6.853683],[79.873181,6.853652],[79.873184,6.853626],[79.873184,6.853597],[79.873177,6.85357]]]}},{"type":"Feature","properties":{"sub":"Low Rise","name":null,"area":0.11474169947,"main":"Residential","domain":"Built-up"},"geometry":{"type":"Polygon","coordinates":[[[79.872008,6.85278],[79.872132,6.852773],[79.872208,6.852759],[79.872305,6.852723],[79.872334,6.852701],[79.872339,6.852694],[79.872078,6.852382],[79.872046,6.852336],[79.872025,6.852301],[79.872,6.852247],[79.871977,6.852387],[79.871999,6.85255],[79.872008,6.85278]]]}},{"type":"Feature","properties":{"sub":"Retail","name":null,"area":0.43852039106,"main":"Commercial","domain":"Built-up"},"geometry":{"type":"Polygon","coordinates":[[[79.871949,6.850955],[79.871689,6.850946],[79.871708,6.851292],[79.871726,6.851732],[79.871718,6.852126],[79.871686,6.852311],[79.87198,6.852368],[79.872,6.852247],[79.871976,6.852192],[79.87198,6.851908],[79.871949,6.850955]]]}},{"type":"Feature","properties":{"sub":"Temple/Shrine","name":"Dharmaraja Temple","area":0.2179509876,"main":"Cultural","domain":"Built-up"},"geometry":{"type":"Polygon","coordinates":[[[79.871511,6.852542],[79.871575,6.85255],[79.871567,6.852574],[79.871673,6.852582],[79.871655,6.852737],[79.87178,6.852743],[79.871841,6.852762],[79.871895,6.852769],[79.871959,6.852783],[79.872008,6.85278],[79.871999,6.85255],[79.871977,6.852387],[79.87198,6.852368],[79.871686,6.852311],[79.871685,6.852321],[79.871511,6.852299],[79.871511,6.852542]]]}},{"type":"Feature","properties":{"sub":"Low Rise","name":null,"area":1.25451654593,"main":"Residential","domain":"Built-up"},"geometry":{"type":"Polygon","coordinates":[[[79.871718,6.852126],[79.871726,6.851732],[79.871708,6.851292],[79.871689,6.850946],[79.87155,6.850933],[79.871507,6.850916],[79.8715,6.850588],[79.871276,6.850597],[79.871286,6.85077],[79.8711,6.850792],[79.871107,6.851104],[79.871105,6.851371],[79.871121,6.851732],[79.871081,6.852271],[79.871081,6.85246],[79.871103,6.852494],[79.871511,6.852542],[79.871511,6.852299],[79.871685,6.852321],[79.871718,6.852126]]]}},{"type":"Feature","properties":{"sub":"Government","name":null,"area":0.19702159235,"main":"Institutional","domain":"Built-up"},"geometry":{"type":"Polygon","coordinates":[[[79.871938,6.850559],[79.871745,6.850569],[79.871688,6.850598],[79.871536,6.850587],[79.8715,6.850588],[79.871507,6.850916],[79.87155,6.850933],[79.871689,6.850946],[79.871949,6.850955],[79.871938,6.850559]]]}},{"type":"Feature","properties":{"sub":"Factory","name":null,"area":0.07385736694,"main":"Industrial","domain":"Built-up"},"geometry":{"type":"Polygon","coordinates":[[[79.871688,6.850598],[79.871745,6.850569],[79.871724,6.850323],[79.871664,6.850331],[79.871486,6.850361],[79.8715,6.850588],[79.871536,6.850587],[79.871688,6.850598]]]}},{"type":"Feature","properties":{"sub":"Retail","name":null,"area":0.15052573948,"main":"Commercial","domain":"Built-up"},"geometry":{"type":"Polygon","coordinates":[[[79.8715,6.850588],[79.871486,6.850361],[79.871042,6.850432],[79.871097,6.850746],[79.8711,6.850792],[79.871286,6.85077],[79.871276,6.850597],[79.8715,6.850588]]]}},{"type":"Feature","properties":{"sub":"Low Rise","name":null,"area":2.57224358509,"main":"Residential","domain":"Built-up"},"geometry":{"type":"Polygon","coordinates":[[[79.87218,6.852334],[79.872534,6.852222],[79.872814,6.852629],[79.872876,6.852617],[79.872958,6.852591],[79.873014,6.852566],[79.87306,6.852525],[79.873091,6.852474],[79.873112,6.852418],[79.873092,6.851963],[79.873097,6.851927],[79.873113,6.851896],[79.873164,6.851866],[79.87321,6.851845],[79.873328,6.85182],[79.873144,6.851095],[79.873338,6.851038],[79.873493,6.851225],[79.873623,6.851076],[79.873709,6.850965],[79.873706,6.85087],[79.8738,6.850844],[79.87376,6.85056],[79.87376,6.850366],[79.873735,6.850161],[79.87372,6.85013],[79.873695,6.850106],[79.873672,6.850107],[79.873699,6.850661],[79.87352,6.850669],[79.873492,6.85039],[79.873058,6.850435],[79.873059,6.850492],[79.873043,6.850952],[79.873052,6.851188],[79.873073,6.851403],[79.873026,6.851408],[79.873022,6.85107],[79.873028,6.850445],[79.872345,6.850497],[79.872331,6.85104],[79.872288,6.85104],[79.872267,6.851482],[79.872359,6.851473],[79.872371,6.85192],[79.872081,6.85194],[79.872085,6.852123],[79.872096,6.852193],[79.872155,6.852299],[79.87218,6.852334]]]}},{"type":"Feature","properties":{"sub":"Low Rise","name":null,"area":5.96995762879,"main":"Residential","domain":"Built-up"},"geometry":{"type":"Polygon","coordinates":[[[79.875585,6.851459],[79.8756,6.851635],[79.875583,6.851872],[79.875589,6.851944],[79.875813,6.85195],[79.87584,6.85228],[79.875673,6.852289],[79.875681,6.852376],[79.875717,6.852443],[79.87579,6.852541],[79.875852,6.852598],[79.87601,6.852819],[79.87605,6.852922],[79.87636,6.853559],[79.87655,6.853754],[79.876769,6.85402],[79.876785,6.854074],[79.876839,6.854174],[79.876881,6.854344],[79.87689,6.854399],[79.877165,6.854367],[79.877214,6.854371],[79.877255,6.854382],[79.877488,6.854368],[79.877613,6.854365],[79.877597,6.854243],[79.877478,6.853603],[79.877454,6.853262],[79.877361,6.852513],[79.877298,6.852271],[79.877237,6.851539],[79.877199,6.851231],[79.877133,6.850646],[79.877089,6.850362],[79.876845,6.850413],[79.876814,6.850908],[79.876096,6.850924],[79.876013,6.850885],[79.876005,6.850631],[79.875906,6.850583],[79.875681,6.850638],[79.875657,6.850751],[79.875643,6.850891],[79.875628,6.851117],[79.875603,6.851291],[79.875585,6.851459]]]}},{"type":"Feature","properties":{"sub":"Retail","name":null,"area":0.0734303949,"main":"Commercial","domain":"Built-up"},"geometry":{"type":"Polygon","coordinates":[[[79.875589,6.851944],[79.875652,6.852058],[79.875673,6.852289],[79.87584,6.85228],[79.875813,6.85195],[79.875589,6.851944]]]}},{"type":"Feature","properties":{"sub":"Government","name":"National Water Supply and Drainage Board","area":1.36114332486,"main":"Institutional","domain":"Built-up"},"geometry":{"type":"Polygon","coordinates":[[[79.873482,6.854964],[79.873425,6.855275],[79.873351,6.855556],[79.873283,6.855796],[79.873269,6.855836],[79.873286,6.855845],[79.873307,6.855861],[79.873387,6.855877],[79.873467,6.855877],[79.873659,6.855893],[79.873937,6.855926],[79.874155,6.855942],[79.874427,6.855969],[79.874522,6.85597],[79.874637,6.855058],[79.874578,6.855048],[79.874424,6.85501],[79.874216,6.854999],[79.874072,6.854999],[79.873954,6.854993],[79.873864,6.854993],[79.873736,6.854998],[79.873672,6.854993],[79.873523,6.854955],[79.87349,6.85496],[79.873482,6.854964]]]}},{"type":"Feature","properties":{"sub":"Low Rise","name":null,"area":1.19272402601,"main":"Residential","domain":"Built-up"},"geometry":{"type":"Polygon","coordinates":[[[79.874522,6.85597],[79.87456,6.85597],[79.874694,6.855938],[79.874854,6.855912],[79.874977,6.855896],[79.875067,6.855896],[79.875168,6.855912],[79.875259,6.855934],[79.875382,6.855971],[79.875435,6.855977],[79.875499,6.855987],[79.875632,6.855972],[79.875792,6.855967],[79.875803,6.855956],[79.875776,6.855903],[79.875729,6.855823],[79.875649,6.855652],[79.875548,6.855428],[79.875479,6.855188],[79.875469,6.855065],[79.875448,6.854943],[79.875432,6.854916],[79.875389,6.854895],[79.87533,6.854889],[79.875224,6.8549],[79.875101,6.854942],[79.874941,6.85499],[79.874914,6.85499],[79.874786,6.855027],[79.874711,6.855059],[79.874637,6.855058],[79.874522,6.85597]]]}},{"type":"Feature","properties":{"sub":"Low Rise","name":null,"area":1.1013832475,"main":"Residential","domain":"Built-up"},"geometry":{"type":"Polygon","coordinates":[[[79.873779,6.85496],[79.87389,6.85495],[79.874253,6.854951],[79.87437,6.854957],[79.874482,6.854973],[79.874568,6.854989],[79.874637,6.855016],[79.874669,6.855016],[79.874765,6.854989],[79.875016,6.85491],[79.875235,6.854836],[79.875373,6.854836],[79.8754,6.854825],[79.875416,6.854804],[79.875421,6.854761],[79.875411,6.854639],[79.87539,6.854442],[79.875387,6.854434],[79.875152,6.854355],[79.874978,6.854322],[79.87449,6.8543],[79.874436,6.85443],[79.873861,6.854396],[79.873779,6.85496]]]}},{"type":"Feature","properties":{"sub":"School","name":"S De S Jayasinghe Central College","area":4.00686191969,"main":"Institutional","domain":"Built-up"},"geometry":{"type":"Polygon","coordinates":[[[79.873779,6.85496],[79.873861,6.854396],[79.874436,6.85443],[79.87449,6.8543],[79.874978,6.854322],[79.875152,6.854355],[79.875387,6.854434],[79.875342,6.854298],[79.875273,6.854015],[79.875274,6.853892],[79.875253,6.853775],[79.875173,6.853386],[79.875168,6.853333],[79.875174,6.853186],[79.87519,6.853122],[79.875276,6.852707],[79.875298,6.852617],[79.875305,6.852503],[79.875226,6.852523],[79.875155,6.852533],[79.875099,6.852551],[79.874913,6.852586],[79.874768,6.852628],[79.874683,6.852646],[79.874556,6.852664],[79.874312,6.852717],[79.874233,6.852729],[79.874141,6.852747],[79.873909,6.852809],[79.873747,6.852842],[79.873398,6.852931],[79.873071,6.853068],[79.87288,6.853138],[79.873003,6.853221],[79.873204,6.853413],[79.873327,6.853567],[79.873354,6.853605],[79.873421,6.853746],[79.87348,6.853902],[79.873511,6.853972],[79.873543,6.854085],[79.873585,6.854204],[79.873609,6.854264],[79.873619,6.854428],[79.87358,6.854635],[79.873541,6.854795],[79.873518,6.854861],[79.873533,6.854891],[79.873565,6.854923],[79.873672,6.854939],[79.873773,6.854961],[79.873779,6.85496]]]}},{"type":"Feature","properties":{"sub":"Low Rise","name":null,"area":2.38351141083,"main":"Residential","domain":"Built-up"},"geometry":{"type":"Polygon","coordinates":[[[79.876765,6.85412],[79.876603,6.854219],[79.876393,6.854293],[79.876177,6.854345],[79.875951,6.854362],[79.875951,6.854324],[79.876293,6.854269],[79.876474,6.854221],[79.876645,6.854164],[79.876745,6.854086],[79.876724,6.854052],[79.876654,6.853974],[79.87651,6.85384],[79.876436,6.853766],[79.876317,6.853836],[79.876161,6.853909],[79.875878,6.853986],[79.87587,6.853953],[79.875966,6.853933],[79.876083,6.853899],[79.876219,6.853846],[79.876297,6.853807],[79.876409,6.853739],[79.87638,6.853703],[79.876322,6.85362],[79.87625,6.853493],[79.876199,6.853421],[79.876147,6.853335],[79.876123,6.853291],[79.876053,6.853124],[79.876002,6.853028],[79.875937,6.852881],[79.875824,6.852695],[79.875725,6.852589],[79.87565,6.852503],[79.875615,6.852455],[79.875605,6.852417],[79.875588,6.852259],[79.875578,6.852221],[79.875561,6.852204],[79.875523,6.852221],[79.875497,6.852264],[79.875403,6.852435],[79.875351,6.852568],[79.875299,6.852759],[79.875259,6.852946],[79.875207,6.853142],[79.875211,6.853179],[79.875207,6.853299],[79.875217,6.853385],[79.875231,6.85345],[79.875251,6.853533],[79.875284,6.853685],[79.875324,6.853913],[79.875554,6.853933],[79.875637,6.853937],[79.875657,6.853987],[79.875691,6.854423],[79.875438,6.854473],[79.875452,6.854685],[79.875464,6.854796],[79.875483,6.854808],[79.875637,6.854804],[79.875627,6.854559],[79.875834,6.854554],[79.875848,6.854635],[79.8759,6.854636],[79.875976,6.854643],[79.87616,6.85464],[79.876228,6.854629],[79.876307,6.854629],[79.876356,6.854614],[79.876401,6.854584],[79.876423,6.85455],[79.876465,6.854505],[79.876503,6.854475],[79.876567,6.854445],[79.876649,6.854434],[79.876785,6.854434],[79.876837,6.854412],[79.876849,6.854393],[79.876837,6.854309],[79.87681,6.854192],[79.876765,6.85412]]]}},{"type":"Feature","properties":{"sub":"Temple/Shrine","name":"Sri Piyarathanaramaya","area":0.19198745987,"main":"Cultural","domain":"Built-up"},"geometry":{"type":"Polygon","coordinates":[[[79.875554,6.853933],[79.875324,6.853913],[79.875321,6.854011],[79.875379,6.854234],[79.875411,6.854329],[79.875438,6.854473],[79.875691,6.854423],[79.875657,6.853987],[79.875637,6.853937],[79.875554,6.853933]]]}},{"type":"Feature","properties":{"sub":"Low Rise","name":null,"area":2.20130870236,"main":"Residential","domain":"Built-up"},"geometry":{"type":"Polygon","coordinates":[[[79.876958,6.854997],[79.8767,6.855059],[79.876679,6.854961],[79.876935,6.854896],[79.876927,6.854863],[79.876869,6.85447],[79.876762,6.854483],[79.876706,6.854483],[79.876604,6.854494],[79.87654,6.854513],[79.876446,6.85461],[79.876382,6.854652],[79.876295,6.854674],[79.876171,6.854681],[79.8761,6.854681],[79.875949,6.85467],[79.875863,6.854673],[79.875829,6.854692],[79.875802,6.854805],[79.875765,6.854835],[79.875742,6.854842],[79.875607,6.854838],[79.875524,6.854853],[79.875467,6.854873],[79.875468,6.854922],[79.875489,6.855059],[79.875507,6.855167],[79.875538,6.855277],[79.875579,6.855397],[79.875671,6.855617],[79.875716,6.855703],[79.875782,6.855804],[79.875841,6.855904],[79.87593,6.856036],[79.875973,6.85604],[79.876314,6.855999],[79.876482,6.855986],[79.876678,6.855953],[79.876897,6.855912],[79.877009,6.855893],[79.877082,6.855877],[79.87704,6.855736],[79.877011,6.855621],[79.876994,6.855566],[79.876981,6.855508],[79.876984,6.855457],[79.876988,6.855172],[79.876958,6.854997]]]}},{"type":"Feature","properties":{"sub":"Low Rise","name":null,"area":0.1827522243,"main":"Residential","domain":"Built-up"},"geometry":{"type":"Polygon","coordinates":[[[79.877787,6.855758],[79.877766,6.855603],[79.87776,6.855416],[79.877438,6.855454],[79.877449,6.855671],[79.877114,6.855789],[79.87715,6.85587],[79.877473,6.855804],[79.877787,6.855758]]]}},{"type":"Feature","properties":{"sub":"Temple/Shrine","name":"Galvihara Temple","area":0.30887279109,"main":"Cultural","domain":"Built-up"},"geometry":{"type":"Polygon","coordinates":[[[79.87776,6.855416],[79.877754,6.855249],[79.877031,6.855248],[79.877024,6.855334],[79.877027,6.855446],[79.877066,6.855662],[79.877114,6.855789],[79.877449,6.855671],[79.877438,6.855454],[79.87776,6.855416]]]}},{"type":"Feature","properties":{"sub":"Low Rise","name":null,"area":0.73639083813,"main":"Residential","domain":"Built-up"},"geometry":{"type":"Polygon","coordinates":[[[79.877754,6.855249],[79.877732,6.855055],[79.877635,6.854527],[79.877618,6.854406],[79.877432,6.854409],[79.877266,6.854416],[79.877202,6.854416],[79.876935,6.854453],[79.876901,6.854469],[79.876934,6.854745],[79.876997,6.855006],[79.877032,6.855234],[79.877031,6.855248],[79.877754,6.855249]]]}},{"type":"Feature","properties":{"sub":"Low Rise","name":null,"area":0.22667887137,"main":"Residential","domain":"Built-up"},"geometry":{"type":"Polygon","coordinates":[[[79.877284,6.855893],[79.877319,6.856122],[79.87747,6.856105],[79.877478,6.856279],[79.877576,6.856259],[79.877746,6.856233],[79.87785,6.856207],[79.877814,6.855966],[79.877794,6.855814],[79.877716,6.855823],[79.87743,6.855865],[79.877284,6.855893]]]}},{"type":"Feature","properties":{"sub":"Retail","name":null,"area":0.07431409354,"main":"Commercial","domain":"Built-up"},"geometry":{"type":"Polygon","coordinates":[[[79.877168,6.85614],[79.877163,6.856174],[79.87714,6.856247],[79.87712,6.856282],[79.87712,6.856305],[79.87714,6.856324],[79.877171,6.856324],[79.877333,6.856309],[79.877478,6.856279],[79.87747,6.856105],[79.877168,6.85614]]]}},{"type":"Feature","properties":{"sub":"Low Rise","name":null,"area":1.65446069698,"main":"Residential","domain":"Built-up"},"geometry":{"type":"Polygon","coordinates":[[[79.876935,6.856429],[79.877021,6.856883],[79.87679,6.856873],[79.876729,6.856494],[79.876664,6.856516],[79.876445,6.856604],[79.876455,6.856856],[79.876089,6.856797],[79.875958,6.857137],[79.876519,6.857276],[79.877971,6.85727],[79.877971,6.857239],[79.877936,6.856939],[79.877906,6.856745],[79.877875,6.856502],[79.87786,6.856306],[79.877847,6.856275],[79.877807,6.856271],[79.877392,6.856345],[79.877278,6.856362],[79.877203,6.85638],[79.877026,6.856402],[79.876935,6.856429]]]}},{"type":"Feature","properties":{"sub":"Retail","name":null,"area":0.02821503843,"main":"Commercial","domain":"Built-up"},"geometry":{"type":"Polygon","coordinates":[[[79.876316,6.85665],[79.876238,6.85668],[79.876145,6.856719],[79.876114,6.856737],[79.876094,6.856793],[79.876294,6.856825],[79.876316,6.85665]]]}},{"type":"Feature","properties":{"sub":"Government","name":null,"area":0.03892551098,"main":"Institutional","domain":"Built-up"},"geometry":{"type":"Polygon","coordinates":[[[79.87645,6.856599],[79.876316,6.85665],[79.876294,6.856825],[79.876459,6.856851],[79.87645,6.856599]]]}},{"type":"Feature","properties":{"sub":"Low Rise","name":null,"area":1.64852962032,"main":"Residential","domain":"Built-up"},"geometry":{"type":"Polygon","coordinates":[[[79.875697,6.859],[79.875821,6.858969],[79.876031,6.858969],[79.876254,6.859016],[79.876414,6.859086],[79.876503,6.859136],[79.876548,6.859113],[79.876614,6.859011],[79.876698,6.858936],[79.876783,6.858768],[79.877069,6.858069],[79.877005,6.858039],[79.876868,6.85802],[79.876644,6.857945],[79.876148,6.857907],[79.875773,6.857885],[79.87573,6.858118],[79.875481,6.858088],[79.87547,6.858136],[79.875457,6.858268],[79.875521,6.858261],[79.875577,6.858261],[79.875614,6.858298],[79.875633,6.858382],[79.875642,6.858597],[79.875688,6.858972],[79.875697,6.859]]]}},{"type":"Feature","properties":{"sub":"Retail","name":null,"area":0.0551616155,"main":"Commercial","domain":"Built-up"},"geometry":{"type":"Polygon","coordinates":[[[79.875702,6.857881],[79.8757,6.857885],[79.875616,6.857938],[79.875536,6.857969],[79.875505,6.857991],[79.875481,6.858088],[79.87573,6.858118],[79.875773,6.857885],[79.875702,6.857881]]]}},{"type":"Feature","properties":{"sub":"Retail","name":null,"area":0.05556632283,"main":"Commercial","domain":"Built-up"},"geometry":{"type":"Polygon","coordinates":[[[79.875448,6.858311],[79.875441,6.858341],[79.875405,6.858407],[79.875364,6.858426],[79.875372,6.858573],[79.875585,6.858554],[79.875584,6.858466],[79.875556,6.858335],[79.875508,6.858307],[79.875448,6.858311]]]}},{"type":"Feature","properties":{"sub":"Low Rise","name":null,"area":0.92286711121,"main":"Residential","domain":"Built-up"},"geometry":{"type":"Polygon","coordinates":[[[79.875364,6.858426],[79.875348,6.858434],[79.875277,6.858438],[79.874986,6.858473],[79.874942,6.858474],[79.874916,6.858648],[79.874797,6.858615],[79.874797,6.858477],[79.874664,6.858481],[79.874558,6.858476],[79.874507,6.858464],[79.874507,6.858506],[79.874523,6.858594],[79.874534,6.858698],[79.874557,6.858776],[79.874565,6.858853],[79.874549,6.858937],[79.874533,6.859007],[79.874512,6.85907],[79.874481,6.859178],[79.874479,6.859228],[79.87497,6.859222],[79.875274,6.859223],[79.875475,6.859168],[79.875586,6.859127],[79.875621,6.859064],[79.875587,6.85867],[79.875585,6.858554],[79.875372,6.858573],[79.875364,6.858426]]]}},{"type":"Feature","properties":{"sub":"Retail","name":null,"area":0.02540888399,"main":"Commercial","domain":"Built-up"},"geometry":{"type":"Polygon","coordinates":[[[79.874942,6.858474],[79.874797,6.858477],[79.874797,6.858615],[79.874916,6.858648],[79.874942,6.858474]]]}},{"type":"Feature","properties":{"sub":"Barren Land","name":null,"area":0.09988348012,"main":"Barren Land","domain":"Non Built-up"},"geometry":{"type":"Polygon","coordinates":[[[79.874393,6.858382],[79.874337,6.858348],[79.874271,6.858335],[79.874149,6.858337],[79.874059,6.858418],[79.874027,6.858451],[79.874048,6.858527],[79.874113,6.858624],[79.8742,6.858635],[79.874287,6.858614],[79.874341,6.858571],[79.874393,6.858382]]]}},{"type":"Feature","properties":{"sub":"Low Rise","name":null,"area":2.76849343263,"main":"Residential","domain":"Built-up"},"geometry":{"type":"Polygon","coordinates":[[[79.87152,6.85978],[79.871722,6.859592],[79.871824,6.859642],[79.871857,6.859545],[79.871717,6.859283],[79.871786,6.859219],[79.872024,6.859397],[79.872231,6.85944],[79.872255,6.859566],[79.872179,6.859616],[79.871976,6.859564],[79.871906,6.860128],[79.872,6.860193],[79.872434,6.86028],[79.872699,6.86035],[79.872831,6.860409],[79.872959,6.860456],[79.872979,6.860402],[79.873049,6.860148],[79.873189,6.859444],[79.873189,6.859363],[79.873143,6.85927],[79.873016,6.859085],[79.872797,6.858912],[79.872509,6.858623],[79.872451,6.858588],[79.872324,6.85868],[79.8721,6.858423],[79.871958,6.85856],[79.871746,6.858753],[79.871503,6.858925],[79.871041,6.859291],[79.871163,6.859457],[79.871311,6.859309],[79.871494,6.859436],[79.871344,6.859606],[79.87152,6.85978]]]}},{"type":"Feature","properties":{"sub":"Low Rise","name":null,"area":3.89991966227,"main":"Residential","domain":"Built-up"},"geometry":{"type":"Polygon","coordinates":[[[79.873836,6.860971],[79.873843,6.860956],[79.873855,6.860906],[79.873927,6.860711],[79.873969,6.860626],[79.874,6.860576],[79.874066,6.860503],[79.874089,6.860461],[79.874135,6.860423],[79.874228,6.860319],[79.874313,6.860219],[79.874365,6.860167],[79.873807,6.860228],[79.873818,6.85999],[79.873671,6.859973],[79.873688,6.859599],[79.8741,6.859665],[79.874247,6.859671],[79.874247,6.859453],[79.874436,6.859439],[79.874436,6.859369],[79.874429,6.859246],[79.874441,6.859161],[79.874456,6.859091],[79.874487,6.858995],[79.874503,6.858933],[79.874514,6.858864],[79.874522,6.858795],[79.874522,6.858714],[79.874503,6.858648],[79.874488,6.858571],[79.874476,6.858454],[79.874443,6.858427],[79.874393,6.858382],[79.874341,6.858571],[79.874287,6.858614],[79.8742,6.858635],[79.874113,6.858624],[79.874048,6.858527],[79.874027,6.858451],[79.874059,6.858418],[79.874149,6.858337],[79.874046,6.858339],[79.873927,6.858334],[79.873863,6.858323],[79.87377,6.858283],[79.873638,6.85819],[79.873501,6.858132],[79.873453,6.858119],[79.873387,6.85811],[79.873325,6.858119],[79.873241,6.858158],[79.873078,6.858211],[79.873033,6.858229],[79.872985,6.858242],[79.872932,6.858224],[79.872848,6.858184],[79.872712,6.858065],[79.872659,6.858034],[79.872623,6.85802],[79.872579,6.85802],[79.872553,6.858029],[79.872367,6.858166],[79.872135,6.858389],[79.872324,6.858611],[79.872358,6.858611],[79.872486,6.858519],[79.872636,6.858681],[79.872935,6.858935],[79.873085,6.859097],[79.873212,6.859259],[79.873258,6.859328],[79.873258,6.859375],[79.873246,6.859502],[79.873223,6.859605],[79.873153,6.859859],[79.873025,6.860425],[79.873002,6.860476],[79.873091,6.860531],[79.873264,6.860645],[79.873418,6.860782],[79.873519,6.860896],[79.873632,6.860948],[79.873764,6.860978],[79.873836,6.860971]]]}},{"type":"Feature","properties":{"sub":"Temple/Shrine","name":"Sri Prathibimbaramaya Temple","area":0.47546172992,"main":"Cultural","domain":"Built-up"},"geometry":{"type":"Polygon","coordinates":[[[79.87445,6.859678],[79.8741,6.859665],[79.873688,6.859599],[79.873671,6.859973],[79.873818,6.85999],[79.873807,6.860228],[79.874365,6.860167],[79.874391,6.860142],[79.874425,6.860095],[79.874452,6.860049],[79.874456,6.860011],[79.874462,6.859851],[79.87445,6.859678]]]}},{"type":"Feature","properties":{"sub":"Low Rise","name":null,"area":0.31017356897,"main":"Residential","domain":"Built-up"},"geometry":{"type":"Polygon","coordinates":[[[79.875197,6.859735],[79.875177,6.859658],[79.875011,6.859278],[79.874743,6.859277],[79.874634,6.859298],[79.874662,6.859528],[79.874519,6.859549],[79.874526,6.859691],[79.874675,6.859666],[79.874713,6.859846],[79.875197,6.859735]]]}},{"type":"Feature","properties":{"sub":"Low Rise","name":null,"area":3.99986246317,"main":"Residential","domain":"Built-up"},"geometry":{"type":"Polygon","coordinates":[[[79.874654,6.86023],[79.874676,6.860782],[79.874631,6.860785],[79.874617,6.860233],[79.874416,6.860178],[79.874373,6.860228],[79.874315,6.860274],[79.874238,6.860367],[79.874213,6.860392],[79.874218,6.860732],[79.874206,6.861011],[79.874188,6.861233],[79.874188,6.861381],[79.874154,6.861381],[79.874148,6.861324],[79.874172,6.860977],[79.874189,6.86059],[79.874184,6.860453],[79.874175,6.860429],[79.874079,6.860544],[79.874006,6.86064],[79.873967,6.860721],[79.873932,6.860763],[79.873891,6.860896],[79.873871,6.861002],[79.873844,6.861087],[79.873844,6.861137],[79.873813,6.861251],[79.873782,6.861344],[79.873764,6.861612],[79.874201,6.861576],[79.874679,6.861551],[79.875075,6.861485],[79.875757,6.861272],[79.875878,6.86118],[79.8758,6.861077],[79.875506,6.860699],[79.875467,6.860636],[79.875489,6.860553],[79.875636,6.860417],[79.875728,6.860279],[79.87583,6.86012],[79.875887,6.859958],[79.875905,6.859887],[79.875928,6.859824],[79.876008,6.859739],[79.876339,6.859529],[79.876409,6.859432],[79.87645,6.859356],[79.876485,6.859218],[79.876423,6.85917],[79.876043,6.859072],[79.875911,6.859058],[79.875773,6.859065],[79.875544,6.859203],[79.875364,6.859251],[79.875343,6.859271],[79.875405,6.859548],[79.875364,6.859555],[79.875295,6.859251],[79.875101,6.859264],[79.875066,6.859285],[79.875253,6.859659],[79.875473,6.860226],[79.875404,6.860254],[79.875225,6.859783],[79.874603,6.859913],[79.874669,6.859947],[79.874749,6.859993],[79.874783,6.86005],[79.874789,6.860164],[79.874817,6.860261],[79.875079,6.860153],[79.875108,6.860187],[79.874857,6.860289],[79.874783,6.860312],[79.874783,6.860289],[79.87476,6.860141],[79.874715,6.860021],[79.874675,6.860021],[79.874654,6.86023]]]}},{"type":"Feature","properties":{"sub":"Low Rise","name":null,"area":3.03905619994,"main":"Residential","domain":"Built-up"},"geometry":{"type":"Polygon","coordinates":[[[79.873556,6.861645],[79.873559,6.861433],[79.873742,6.86143],[79.873754,6.861301],[79.873047,6.861275],[79.873047,6.861237],[79.873264,6.861237],[79.873374,6.861246],[79.873672,6.861264],[79.873759,6.861267],[79.87381,6.86117],[79.873635,6.861162],[79.873629,6.861001],[79.873535,6.86097],[79.87349,6.860942],[79.873398,6.860856],[79.873364,6.860815],[79.873295,6.86075],[79.873182,6.860667],[79.873082,6.860596],[79.872989,6.860542],[79.872841,6.860463],[79.872715,6.860413],[79.872551,6.860359],[79.872372,6.860312],[79.872223,6.860279],[79.872116,6.860261],[79.872055,6.860254],[79.872009,6.86024],[79.871968,6.860222],[79.871883,6.860169],[79.871801,6.860112],[79.871581,6.859897],[79.871457,6.859789],[79.8712,6.859549],[79.871048,6.859395],[79.870995,6.85935],[79.870954,6.859385],[79.870941,6.85939],[79.870908,6.859417],[79.870546,6.859777],[79.870721,6.859924],[79.871094,6.860267],[79.871363,6.860507],[79.871477,6.860569],[79.871684,6.860715],[79.872089,6.860902],[79.872296,6.860986],[79.87239,6.861048],[79.872431,6.860996],[79.872473,6.860893],[79.872546,6.860913],[79.872452,6.861152],[79.872379,6.86138],[79.872378,6.86166],[79.872383,6.861686],[79.873556,6.861645]]]}},{"type":"Feature","properties":{"sub":"Low Rise","name":null,"area":0.67706871607,"main":"Residential","domain":"Built-up"},"geometry":{"type":"Polygon","coordinates":[[[79.867734,6.859803],[79.867637,6.859809],[79.867647,6.859625],[79.86757,6.859657],[79.86752,6.859674],[79.867457,6.859683],[79.867366,6.859719],[79.867304,6.859732],[79.867246,6.859751],[79.867193,6.859771],[79.867147,6.859797],[79.867137,6.859806],[79.867136,6.860183],[79.866962,6.860237],[79.866897,6.86028],[79.866795,6.860331],[79.866683,6.860508],[79.866641,6.860586],[79.866594,6.860697],[79.866619,6.860706],[79.866664,6.860716],[79.866728,6.860706],[79.866803,6.860656],[79.866913,6.860567],[79.867053,6.860473],[79.867142,6.860443],[79.867212,6.860438],[79.867332,6.860423],[79.867581,6.860424],[79.867715,6.860428],[79.867734,6.859803]]]}},{"type":"Feature","properties":{"sub":"Retail","name":null,"area":0.08834429574,"main":"Commercial","domain":"Built-up"},"geometry":{"type":"Polygon","coordinates":[[[79.867137,6.859806],[79.867064,6.859872],[79.867018,6.85993],[79.866958,6.860033],[79.866795,6.860331],[79.866897,6.86028],[79.866962,6.860237],[79.867136,6.860183],[79.867137,6.859806]]]}},{"type":"Feature","properties":{"sub":"Low Rise","name":null,"area":0.6341453472,"main":"Residential","domain":"Built-up"},"geometry":{"type":"Polygon","coordinates":[[[79.867547,6.860478],[79.867605,6.861385],[79.867662,6.861393],[79.867724,6.861398],[79.867856,6.861419],[79.867932,6.860841],[79.868556,6.860851],[79.868518,6.860709],[79.868498,6.860563],[79.868471,6.86049],[79.868214,6.86048],[79.867547,6.860478]]]}},{"type":"Feature","properties":{"sub":"Banks","name":"National Savings Bank","area":0.05802040125,"main":"Commercial","domain":"Built-up"},"geometry":{"type":"Polygon","coordinates":[[[79.862965,6.85069],[79.863082,6.850707],[79.86321,6.850739],[79.863241,6.850627],[79.863253,6.850556],[79.862992,6.850508],[79.862965,6.85069]]]}},{"type":"Feature","properties":{"sub":"Retail","name":null,"area":0.0790629615,"main":"Commercial","domain":"Built-up"},"geometry":{"type":"Polygon","coordinates":[[[79.862743,6.850657],[79.862965,6.85069],[79.863008,6.850399],[79.862799,6.850363],[79.862743,6.850657]]]}},{"type":"Feature","properties":{"sub":"Low Rise","name":"Salvation Army Girls Home","area":0.43531789761,"main":"Residential","domain":"Built-up"},"geometry":{"type":"Polygon","coordinates":[[[79.862692,6.850324],[79.862743,6.850037],[79.862798,6.850057],[79.863324,6.85015],[79.863372,6.849867],[79.862788,6.84978],[79.862783,6.849813],[79.862408,6.849763],[79.862341,6.850152],[79.862325,6.850256],[79.862692,6.850324]]]}},{"type":"Feature","properties":{"sub":"Retail","name":null,"area":0.10819969115,"main":"Commercial","domain":"Built-up"},"geometry":{"type":"Polygon","coordinates":[[[79.862286,6.850508],[79.862326,6.850562],[79.862463,6.85061],[79.862555,6.850626],[79.86261,6.850309],[79.862325,6.850256],[79.862293,6.850473],[79.862286,6.850508]]]}},{"type":"Feature","properties":{"sub":"Low Rise","name":null,"area":0.07305489946,"main":"Residential","domain":"Built-up"},"geometry":{"type":"Polygon","coordinates":[[[79.862555,6.850626],[79.862743,6.850657],[79.862799,6.850363],[79.862688,6.850345],[79.862692,6.850324],[79.86261,6.850309],[79.862555,6.850626]]]}},{"type":"Feature","properties":{"sub":"School","name":"Presbyterian Girls' School","area":0.67754042708,"main":"Institutional","domain":"Built-up"},"geometry":{"type":"Polygon","coordinates":[[[79.864535,6.850106],[79.864467,6.850091],[79.864419,6.850077],[79.86426,6.850057],[79.863585,6.849954],[79.863408,6.849931],[79.863392,6.850022],[79.863353,6.850276],[79.863318,6.850452],[79.864163,6.850629],[79.86424,6.850312],[79.864491,6.850359],[79.864535,6.850106]]]}},{"type":"Feature","properties":{"sub":"Low Rise","name":null,"area":0.0720201234,"main":"Residential","domain":"Built-up"},"geometry":{"type":"Polygon","coordinates":[[[79.863259,6.850751],[79.863438,6.850795],[79.863513,6.850493],[79.863318,6.850452],[79.863259,6.850751]]]}},{"type":"Feature","properties":{"sub":"Church","name":"Christian Reformed Church","area":0.24658054757,"main":"Cultural","domain":"Built-up"},"geometry":{"type":"Polygon","coordinates":[[[79.863438,6.850795],[79.86395,6.850892],[79.864092,6.850911],[79.864163,6.850629],[79.863513,6.850493],[79.863438,6.850795]]]}},{"type":"Feature","properties":{"sub":"Retail","name":null,"area":0.23700162165,"main":"Commercial","domain":"Built-up"},"geometry":{"type":"Polygon","coordinates":[[[79.865898,6.849438],[79.865782,6.849428],[79.865582,6.849426],[79.865595,6.850019],[79.865598,6.850048],[79.865908,6.850049],[79.865898,6.849438]]]}},{"type":"Feature","properties":{"sub":"Retail","name":null,"area":0.02573942043,"main":"Commercial","domain":"Built-up"},"geometry":{"type":"Polygon","coordinates":[[[79.865598,6.850048],[79.865602,6.850113],[79.86591,6.85012],[79.865908,6.850049],[79.865598,6.850048]]]}},{"type":"Feature","properties":{"sub":"Retail","name":null,"area":0.87803074628,"main":"Commercial","domain":"Built-up"},"geometry":{"type":"Polygon","coordinates":[[[79.865888,6.851092],[79.8659,6.850954],[79.865913,6.850334],[79.86591,6.85012],[79.865602,6.850113],[79.86561,6.850213],[79.865343,6.85022],[79.865343,6.850501],[79.865667,6.850501],[79.865666,6.850588],[79.865422,6.850601],[79.865415,6.85067],[79.865515,6.850688],[79.865504,6.850767],[79.864903,6.850708],[79.864841,6.851103],[79.86511,6.851143],[79.865501,6.851191],[79.865674,6.851217],[79.865753,6.851211],[79.865888,6.851092]]]}},{"type":"Feature","properties":{"sub":"Retail","name":null,"area":0.191307776,"main":"Commercial","domain":"Built-up"},"geometry":{"type":"Polygon","coordinates":[[[79.865906,6.849403],[79.865897,6.84889],[79.865899,6.8488],[79.865893,6.848787],[79.865874,6.848772],[79.865642,6.848792],[79.865648,6.848977],[79.865741,6.84897],[79.865741,6.849085],[79.865561,6.849084],[79.865547,6.849185],[79.865652,6.849187],[79.865647,6.849221],[79.86564,6.849394],[79.865906,6.849403]]]}},{"type":"Feature","properties":{"sub":"Low Rise","name":null,"area":1.4944589713,"main":"Residential","domain":"Built-up"},"geometry":{"type":"Polygon","coordinates":[[[79.865647,6.849221],[79.865652,6.849187],[79.865547,6.849185],[79.865561,6.849084],[79.865741,6.849085],[79.865741,6.84897],[79.865648,6.848977],[79.865642,6.848792],[79.865581,6.848797],[79.865495,6.848764],[79.86533,6.848685],[79.865222,6.848639],[79.865124,6.848605],[79.865061,6.848605],[79.865004,6.84862],[79.864903,6.848628],[79.864596,6.848627],[79.86447,6.848636],[79.864446,6.848818],[79.8644,6.849077],[79.863901,6.849033],[79.863784,6.849031],[79.86345,6.848999],[79.863313,6.848991],[79.862893,6.848946],[79.862725,6.84892],[79.862722,6.848894],[79.862734,6.848896],[79.862592,6.848858],[79.862559,6.849077],[79.862795,6.84911],[79.863574,6.84921],[79.863817,6.849249],[79.864335,6.849288],[79.864483,6.849304],[79.864749,6.849343],[79.865021,6.849369],[79.865137,6.849386],[79.865567,6.849391],[79.86564,6.849394],[79.865647,6.849221]]]}},{"type":"Feature","properties":{"sub":"Barren Land","name":null,"area":0.0692153161,"main":"Barren Land","domain":"Non Built-up"},"geometry":{"type":"Polygon","coordinates":[[[79.862611,6.848694],[79.862592,6.848858],[79.862734,6.848896],[79.862898,6.848923],[79.862921,6.848734],[79.862611,6.848694]]]}},{"type":"Feature","properties":{"sub":"Barren Land","name":null,"area":0.11497109819,"main":"Barren Land","domain":"Non Built-up"},"geometry":{"type":"Polygon","coordinates":[[[79.863421,6.848803],[79.862921,6.848734],[79.862898,6.848923],[79.86296,6.848933],[79.863399,6.84898],[79.863421,6.848803]]]}},{"type":"Feature","properties":{"sub":"Low Rise","name":null,"area":2.93077191282,"main":"Residential","domain":"Built-up"},"geometry":{"type":"Polygon","coordinates":[[[79.865343,6.850501],[79.865343,6.85022],[79.86561,6.850213],[79.865595,6.850019],[79.865582,6.849426],[79.865394,6.849423],[79.865221,6.849427],[79.864979,6.849405],[79.86407,6.849311],[79.86404,6.849545],[79.8639,6.849523],[79.863925,6.849296],[79.863795,6.849282],[79.863352,6.849219],[79.862833,6.849156],[79.862501,6.849118],[79.862453,6.849494],[79.862665,6.84953],[79.862843,6.849548],[79.863121,6.84959],[79.863425,6.849654],[79.863445,6.849646],[79.863497,6.849654],[79.863928,6.849738],[79.864314,6.849794],[79.864777,6.849806],[79.864781,6.849851],[79.864673,6.849854],[79.864516,6.849847],[79.864443,6.849833],[79.864182,6.849815],[79.864019,6.84979],[79.863831,6.849759],[79.863549,6.849702],[79.863448,6.849702],[79.863415,6.849891],[79.863714,6.849934],[79.864056,6.849992],[79.864419,6.850043],[79.864599,6.850078],[79.864595,6.850118],[79.864535,6.850106],[79.864491,6.850359],[79.864683,6.850395],[79.864671,6.850446],[79.864441,6.850391],[79.864327,6.850373],[79.864298,6.850378],[79.864272,6.850387],[79.864225,6.850564],[79.864903,6.850708],[79.865504,6.850767],[79.865515,6.850688],[79.865415,6.85067],[79.865422,6.850601],[79.865666,6.850588],[79.865667,6.850501],[79.865343,6.850501]]]}},{"type":"Feature","properties":{"sub":"Barren Land","name":null,"area":0.03491437912,"main":"Barren Land","domain":"Non Built-up"},"geometry":{"type":"Polygon","coordinates":[[[79.863888,6.848026],[79.863745,6.848024],[79.863707,6.848007],[79.8637,6.848176],[79.86388,6.848185],[79.863888,6.848026]]]}},{"type":"Feature","properties":{"sub":"Low Rise","name":null,"area":0.8679327774,"main":"Residential","domain":"Built-up"},"geometry":{"type":"Polygon","coordinates":[[[79.862708,6.848055],[79.862686,6.848192],[79.862675,6.84832],[79.862666,6.848384],[79.862695,6.8484],[79.862995,6.848442],[79.86306,6.848456],[79.863108,6.848472],[79.863242,6.848478],[79.863453,6.848493],[79.863484,6.84817],[79.863518,6.84817],[79.863487,6.848496],[79.863973,6.84853],[79.864022,6.848192],[79.8637,6.848176],[79.863707,6.848007],[79.863672,6.847988],[79.863603,6.847939],[79.863523,6.847874],[79.863438,6.847813],[79.863365,6.847785],[79.863183,6.847732],[79.863134,6.847724],[79.863124,6.847881],[79.862737,6.847855],[79.862708,6.848055]]]}},{"type":"Feature","properties":{"sub":"Agriculture","name":null,"area":0.03988311913,"main":"Agriculture","domain":"Non Built-up"},"geometry":{"type":"Polygon","coordinates":[[[79.863652,6.847913],[79.863727,6.847976],[79.863794,6.847987],[79.863795,6.847737],[79.863646,6.847736],[79.863652,6.847913]]]}},{"type":"Feature","properties":{"sub":"Barren Land","name":null,"area":0.0384473084,"main":"Barren Land","domain":"Non Built-up"},"geometry":{"type":"Polygon","coordinates":[[[79.864862,6.848058],[79.864705,6.848053],[79.864704,6.848256],[79.864861,6.848256],[79.864862,6.848058]]]}},{"type":"Feature","properties":{"sub":"Church","name":"Christ Church","area":0.12678591696,"main":"Cultural","domain":"Built-up"},"geometry":{"type":"Polygon","coordinates":[[[79.865907,6.848254],[79.86546,6.848236],[79.865463,6.848477],[79.865906,6.848478],[79.865907,6.848254]]]}},{"type":"Feature","properties":{"sub":"Low Rise","name":null,"area":2.5602431414,"main":"Residential","domain":"Built-up"},"geometry":{"type":"Polygon","coordinates":[[[79.864792,6.847684],[79.864785,6.847551],[79.864759,6.847553],[79.864777,6.847441],[79.864795,6.84743],[79.864819,6.847427],[79.864953,6.84743],[79.864964,6.84742],[79.864974,6.847392],[79.865002,6.846948],[79.864466,6.846891],[79.86443,6.84732],[79.864244,6.8473],[79.864299,6.846873],[79.864004,6.846851],[79.863658,6.846814],[79.863637,6.847196],[79.863411,6.847189],[79.863406,6.847244],[79.86331,6.847241],[79.863307,6.847317],[79.863102,6.847287],[79.8631,6.847162],[79.863273,6.847171],[79.863286,6.846773],[79.863247,6.846769],[79.863141,6.846744],[79.86309,6.846736],[79.862848,6.846708],[79.862815,6.846726],[79.86277,6.847503],[79.862782,6.847517],[79.862823,6.847549],[79.862855,6.847574],[79.8629,6.847602],[79.863051,6.847663],[79.863112,6.847683],[79.863193,6.847704],[79.863375,6.847736],[79.86341,6.847753],[79.863404,6.847535],[79.863642,6.84755],[79.863646,6.847736],[79.863795,6.847737],[79.863794,6.847987],[79.863836,6.847996],[79.86401,6.848005],[79.864494,6.84801],[79.865117,6.848027],[79.865624,6.848052],[79.865631,6.847787],[79.865466,6.847763],[79.864792,6.847684]]]}},{"type":"Feature","properties":{"sub":"Low Rise","name":null,"area":0.32878025794,"main":"Residential","domain":"Built-up"},"geometry":{"type":"Polygon","coordinates":[[[79.865593,6.847018],[79.865241,6.846984],[79.865048,6.846955],[79.86501,6.847416],[79.865021,6.847452],[79.865545,6.847512],[79.865593,6.847018]]]}},{"type":"Feature","properties":{"sub":"Retail","name":null,"area":0.67713155633,"main":"Commercial","domain":"Built-up"},"geometry":{"type":"Polygon","coordinates":[[[79.865624,6.848052],[79.865886,6.848065],[79.865907,6.848049],[79.865911,6.848042],[79.865959,6.847067],[79.865943,6.847052],[79.865912,6.847049],[79.865831,6.847045],[79.865593,6.847018],[79.865545,6.847512],[79.865021,6.847452],[79.865024,6.847462],[79.864981,6.847459],[79.86483,6.847462],[79.864816,6.847469],[79.864795,6.84755],[79.864785,6.847551],[79.864792,6.847684],[79.865466,6.847763],[79.865631,6.847787],[79.865624,6.848052]]]}},{"type":"Feature","properties":{"sub":"Retail","name":null,"area":0.17826673539,"main":"Commercial","domain":"Built-up"},"geometry":{"type":"Polygon","coordinates":[[[79.866095,6.845789],[79.866141,6.845312],[79.865895,6.845325],[79.865918,6.845536],[79.865714,6.84556],[79.865701,6.845783],[79.866095,6.845789]]]}},{"type":"Feature","properties":{"sub":"Retail","name":null,"area":0.38611276568,"main":"Commercial","domain":"Built-up"},"geometry":{"type":"Polygon","coordinates":[[[79.866,6.846668],[79.866017,6.846455],[79.866049,6.846282],[79.866049,6.846164],[79.866064,6.846061],[79.866089,6.845855],[79.865842,6.845865],[79.86583,6.845937],[79.865765,6.845936],[79.86576,6.846054],[79.865712,6.846454],[79.865696,6.846642],[79.865607,6.846642],[79.865591,6.846833],[79.865975,6.84686],[79.866,6.846668]]]}},{"type":"Feature","properties":{"sub":"School","name":"Kristhudeva Vidyalaya","area":0.23370368558,"main":"Institutional","domain":"Built-up"},"geometry":{"type":"Polygon","coordinates":[[[79.865164,6.846916],[79.86558,6.846964],[79.865607,6.846642],[79.865594,6.846642],[79.865594,6.846485],[79.865194,6.846476],[79.865164,6.846916]]]}},{"type":"Feature","properties":{"sub":"Low Rise","name":null,"area":0.06466765261,"main":"Residential","domain":"Built-up"},"geometry":{"type":"Polygon","coordinates":[[[79.86558,6.846964],[79.865951,6.847003],[79.865963,6.846995],[79.865965,6.846937],[79.865975,6.84686],[79.865591,6.846833],[79.86558,6.846964]]]}},{"type":"Feature","properties":{"sub":"Barren Land","name":null,"area":0.0389957341,"main":"Barren Land","domain":"Non Built-up"},"geometry":{"type":"Polygon","coordinates":[[[79.86485,6.84577],[79.864693,6.845769],[79.864685,6.845973],[79.864842,6.845974],[79.86485,6.84577]]]}},{"type":"Feature","properties":{"sub":"Low Rise","name":null,"area":0.64205902434,"main":"Residential","domain":"Built-up"},"geometry":{"type":"Polygon","coordinates":[[[79.864147,6.845683],[79.86415,6.845388],[79.864444,6.84538],[79.864424,6.845693],[79.864659,6.845701],[79.864659,6.845514],[79.864884,6.845519],[79.864875,6.845251],[79.864818,6.845254],[79.864665,6.845245],[79.864492,6.845249],[79.86418,6.845254],[79.864,6.845251],[79.863996,6.844986],[79.863978,6.844944],[79.863937,6.844942],[79.863896,6.844955],[79.863741,6.844947],[79.863702,6.844962],[79.863674,6.84499],[79.86363,6.845049],[79.863625,6.845093],[79.863628,6.845346],[79.863623,6.845621],[79.863625,6.84565],[79.863646,6.845665],[79.864147,6.845683]]]}},{"type":"Feature","properties":{"sub":"Barren Land","name":null,"area":0.05289581875,"main":"Barren Land","domain":"Non Built-up"},"geometry":{"type":"Polygon","coordinates":[[[79.864898,6.84568],[79.864887,6.845588],[79.864884,6.845519],[79.864659,6.845514],[79.864659,6.845701],[79.864834,6.845706],[79.864893,6.845703],[79.864898,6.84568]]]}},{"type":"Feature","properties":{"sub":"Barren Land","name":null,"area":0.04766945008,"main":"Barren Land","domain":"Non Built-up"},"geometry":{"type":"Polygon","coordinates":[[[79.864917,6.845519],[79.864935,6.845608],[79.864933,6.845647],[79.864935,6.845669],[79.864929,6.845708],[79.865011,6.845706],[79.865078,6.845711],[79.865128,6.845712],[79.865143,6.845519],[79.864917,6.845519]]]}},{"type":"Feature","properties":{"sub":"Playground","name":null,"area":0.1035496356,"main":"Public Space","domain":"Built-up"},"geometry":{"type":"Polygon","coordinates":[[[79.864323,6.845037],[79.864216,6.845034],[79.864218,6.844867],[79.86402,6.844871],[79.864033,6.845171],[79.864038,6.845205],[79.864062,6.845218],[79.86425,6.845226],[79.864314,6.845203],[79.864323,6.845037]]]}},{"type":"Feature","properties":{"sub":"Low Rise","name":null,"area":0.75506544452,"main":"Residential","domain":"Built-up"},"geometry":{"type":"Polygon","coordinates":[[[79.865058,6.844913],[79.865095,6.844473],[79.864932,6.844465],[79.86466,6.844459],[79.864118,6.844427],[79.864069,6.844427],[79.864049,6.84444],[79.864034,6.844584],[79.864022,6.844776],[79.864336,6.844786],[79.864314,6.845203],[79.86433,6.845198],[79.864466,6.84519],[79.864853,6.845219],[79.864915,6.845216],[79.864917,6.845237],[79.864926,6.844917],[79.865058,6.844913]]]}},{"type":"Feature","properties":{"sub":"Cemetery","name":"Nisala Sewana, Cemetery Dehiwala, Munt Lavinia","area":1.26892308397,"main":"Public Space","domain":"Built-up"},"geometry":{"type":"Polygon","coordinates":[[[79.865238,6.84448],[79.865095,6.844473],[79.865058,6.844913],[79.864926,6.844917],[79.864917,6.845237],[79.864928,6.845338],[79.864928,6.845391],[79.864914,6.845503],[79.864917,6.845519],[79.865125,6.845519],[79.865125,6.845386],[79.865896,6.84533],[79.865895,6.845325],[79.866141,6.845312],[79.866158,6.845077],[79.866214,6.844544],[79.866198,6.844529],[79.866147,6.844516],[79.866054,6.84451],[79.865941,6.844508],[79.865646,6.844494],[79.865238,6.84448]]]}},{"type":"Feature","properties":{"sub":"Retail","name":null,"area":0.06385451132,"main":"Commercial","domain":"Built-up"},"geometry":{"type":"Polygon","coordinates":[[[79.866254,6.844199],[79.86628,6.843988],[79.866021,6.84398],[79.866021,6.844193],[79.866254,6.844199]]]}},{"type":"Feature","properties":{"sub":"Retail","name":"Odeon Cinema","area":0.18075825652,"main":"Commercial","domain":"Built-up"},"geometry":{"type":"Polygon","coordinates":[[[79.865621,6.844438],[79.86588,6.844448],[79.866096,6.844444],[79.866221,6.84443],[79.866235,6.84442],[79.866236,6.844415],[79.866254,6.844199],[79.866021,6.844193],[79.86602,6.844208],[79.865621,6.844211],[79.865621,6.844438]]]}},{"type":"Feature","properties":{"sub":"Temple/Shrine","name":"Sri Subodharama Raja Maha Viharaya","area":0.97091648092,"main":"Cultural","domain":"Built-up"},"geometry":{"type":"Polygon","coordinates":[[[79.868071,6.848269],[79.868004,6.848743],[79.86785,6.848776],[79.867915,6.849162],[79.867889,6.849165],[79.868027,6.849339],[79.868599,6.849373],[79.868766,6.84859],[79.868689,6.84827],[79.868071,6.848269]]]}},{"type":"Feature","properties":{"sub":"School","name":"Subodha Girls School","area":0.16680104079,"main":"Institutional","domain":"Built-up"},"geometry":{"type":"Polygon","coordinates":[[[79.867889,6.849165],[79.867705,6.849184],[79.867693,6.849636],[79.868013,6.849625],[79.868025,6.849339],[79.868027,6.849339],[79.867889,6.849165]]]}},{"type":"Feature","properties":{"sub":"Retail","name":null,"area":3.3514805567,"main":"Commercial","domain":"Built-up"},"geometry":{"type":"Polygon","coordinates":[[[79.867076,6.851133],[79.867209,6.851105],[79.86721,6.851108],[79.867462,6.851056],[79.867462,6.851054],[79.86768,6.851009],[79.867681,6.851012],[79.867845,6.850978],[79.868109,6.850922],[79.868108,6.85092],[79.868436,6.85085],[79.868415,6.850545],[79.868027,6.850562],[79.867904,6.850645],[79.867686,6.850479],[79.867567,6.850483],[79.867584,6.850751],[79.867433,6.850772],[79.867393,6.850697],[79.867238,6.850732],[79.86723,6.850887],[79.866897,6.850883],[79.866809,6.850777],[79.866683,6.850743],[79.866655,6.850617],[79.866556,6.850526],[79.8666,6.85034],[79.866457,6.850324],[79.866469,6.85013],[79.866675,6.85011],[79.866754,6.849816],[79.866794,6.849535],[79.866473,6.849527],[79.866509,6.84921],[79.8666,6.84919],[79.866604,6.849007],[79.866687,6.849007],[79.866667,6.848825],[79.866524,6.848837],[79.866528,6.848686],[79.866556,6.848369],[79.86658,6.848131],[79.866766,6.848167],[79.86698,6.848174],[79.866978,6.848065],[79.866973,6.848062],[79.866924,6.847728],[79.866409,6.847571],[79.866331,6.847561],[79.866247,6.847556],[79.86607,6.847556],[79.866064,6.847619],[79.866047,6.848432],[79.866046,6.848772],[79.866052,6.848775],[79.866049,6.849988],[79.866081,6.850348],[79.866103,6.850705],[79.866112,6.851019],[79.866158,6.851183],[79.866272,6.851212],[79.866529,6.851173],[79.867076,6.851133]]]}},{"type":"Feature","properties":{"sub":"Retail","name":null,"area":0.28640416872,"main":"Commercial","domain":"Built-up"},"geometry":{"type":"Polygon","coordinates":[[[79.869495,6.850625],[79.870183,6.850475],[79.870184,6.850195],[79.870059,6.850195],[79.869783,6.850214],[79.869496,6.850224],[79.869495,6.850625]]]}},{"type":"Feature","properties":{"sub":"Retail","name":null,"area":0.78935859496,"main":"Commercial","domain":"Built-up"},"geometry":{"type":"Polygon","coordinates":[[[79.871488,6.850249],[79.871459,6.849806],[79.871446,6.849764],[79.871301,6.849775],[79.871301,6.849854],[79.871244,6.849861],[79.871066,6.849835],[79.871047,6.849942],[79.870916,6.84994],[79.870911,6.849821],[79.87034,6.849835],[79.87034,6.849975],[79.87021,6.849975],[79.870213,6.850476],[79.871488,6.850249]]]}},{"type":"Feature","properties":{"sub":"Low Rise","name":null,"area":2.5958575986,"main":"Residential","domain":"Built-up"},"geometry":{"type":"Polygon","coordinates":[[[79.871446,6.849764],[79.871433,6.849722],[79.871364,6.849648],[79.87127,6.849527],[79.871233,6.849474],[79.871218,6.849385],[79.871239,6.849143],[79.871351,6.848581],[79.871528,6.847955],[79.871475,6.847931],[79.871309,6.847896],[79.871194,6.847864],[79.871073,6.847815],[79.870997,6.847791],[79.870873,6.847759],[79.870841,6.847746],[79.87072,6.847747],[79.870654,6.848329],[79.870312,6.84835],[79.870311,6.848648],[79.870009,6.848689],[79.870061,6.848849],[79.870116,6.849083],[79.870205,6.849512],[79.870211,6.849649],[79.87021,6.849975],[79.87034,6.849975],[79.87034,6.849835],[79.870911,6.849821],[79.870916,6.84994],[79.871047,6.849942],[79.871066,6.849835],[79.871244,6.849861],[79.871301,6.849854],[79.871301,6.849775],[79.871446,6.849764]]]}},{"type":"Feature","properties":{"sub":"Low Rise","name":null,"area":9.82105748399,"main":"Residential","domain":"Built-up"},"geometry":{"type":"Polygon","coordinates":[[[79.868121,6.847839],[79.868012,6.847815],[79.867969,6.847925],[79.867517,6.847861],[79.86747,6.847652],[79.867382,6.84764],[79.867237,6.847691],[79.867115,6.847711],[79.866929,6.847729],[79.866977,6.848063],[79.86698,6.848172],[79.866766,6.848165],[79.866579,6.848129],[79.866555,6.848367],[79.866528,6.848684],[79.866524,6.848835],[79.866666,6.848823],[79.866686,6.849005],[79.866603,6.849005],[79.866599,6.849188],[79.866508,6.849208],[79.866472,6.849525],[79.866793,6.849533],[79.866754,6.849814],[79.866674,6.850108],[79.866468,6.850128],[79.866456,6.850322],[79.866599,6.850338],[79.866555,6.850524],[79.866654,6.850615],[79.866683,6.850743],[79.866807,6.850775],[79.866896,6.850881],[79.86723,6.850885],[79.867237,6.85073],[79.867392,6.850695],[79.867432,6.85077],[79.867584,6.850751],[79.867567,6.850481],[79.867686,6.850477],[79.867904,6.850643],[79.868027,6.85056],[79.868415,6.850545],[79.868383,6.849812],[79.868363,6.849754],[79.868106,6.849634],[79.868106,6.84956],[79.868102,6.849517],[79.868241,6.849527],[79.868439,6.849578],[79.868584,6.849628],[79.868615,6.849672],[79.868622,6.850075],[79.868657,6.8505],[79.868822,6.850466],[79.869186,6.850456],[79.869227,6.85068],[79.869495,6.850625],[79.869496,6.850225],[79.869783,6.850214],[79.870059,6.850193],[79.870183,6.850193],[79.870178,6.84992],[79.870164,6.849533],[79.87014,6.849371],[79.870077,6.849081],[79.870033,6.848895],[79.869972,6.848696],[79.869894,6.848539],[79.869816,6.848358],[79.869747,6.848181],[79.869679,6.847985],[79.869621,6.847838],[79.869591,6.847818],[79.869361,6.847847],[79.86911,6.847866],[79.869007,6.847871],[79.86888,6.847866],[79.868783,6.847849],[79.868782,6.847846],[79.868673,6.847827],[79.868673,6.847829],[79.868529,6.847804],[79.868142,6.847742],[79.868121,6.847839]],[[79.868603,6.849374],[79.868029,6.849339],[79.868018,6.849626],[79.867698,6.849637],[79.86771,6.849184],[79.867919,6.849163],[79.867854,6.848777],[79.868009,6.848744],[79.868076,6.848269],[79.868694,6.848271],[79.86877,6.848591],[79.868603,6.849374]]]}},{"type":"Feature","properties":{"sub":"Low Rise","name":null,"area":2.23750375792,"main":"Residential","domain":"Built-up"},"geometry":{"type":"Polygon","coordinates":[[[79.872453,6.849702],[79.872453,6.84965],[79.87248,6.849167],[79.872491,6.848904],[79.872517,6.848857],[79.87257,6.848752],[79.872565,6.848662],[79.872539,6.848536],[79.872471,6.8483],[79.872336,6.847958],[79.872149,6.848041],[79.872055,6.848073],[79.872035,6.848115],[79.872197,6.848788],[79.87228,6.849087],[79.872249,6.849098],[79.87203,6.84822],[79.871988,6.848094],[79.87197,6.848076],[79.871849,6.848076],[79.871791,6.848063],[79.871676,6.848011],[79.871582,6.847976],[79.871451,6.848398],[79.871324,6.848944],[79.871276,6.849243],[79.871276,6.849396],[79.871302,6.849501],[79.871365,6.84959],[79.871449,6.849674],[79.871472,6.849731],[79.871943,6.849732],[79.872453,6.849702]]]}},{"type":"Feature","properties":{"sub":"Government","name":"Police Station","area":0.2591119027,"main":"Institutional","domain":"Built-up"},"geometry":{"type":"Polygon","coordinates":[[[79.871549,6.850237],[79.871592,6.850229],[79.871973,6.85018],[79.871937,6.849732],[79.871472,6.849731],[79.871485,6.849764],[79.871516,6.850027],[79.871549,6.850237]]]}},{"type":"Feature","properties":{"sub":"Retail","name":null,"area":0.26542549237,"main":"Commercial","domain":"Built-up"},"geometry":{"type":"Polygon","coordinates":[[[79.871973,6.85018],[79.872356,6.850131],[79.872457,6.850121],[79.872453,6.849702],[79.871937,6.849732],[79.871973,6.85018]]]}},{"type":"Feature","properties":{"sub":"Low Rise","name":null,"area":2.02822574583,"main":"Residential","domain":"Built-up"},"geometry":{"type":"Polygon","coordinates":[[[79.872524,6.849655],[79.872878,6.849643],[79.872919,6.850071],[79.873042,6.850058],[79.873023,6.849729],[79.873278,6.849735],[79.873491,6.849745],[79.873492,6.84891],[79.873467,6.848804],[79.873361,6.848471],[79.873317,6.848289],[79.873274,6.848132],[79.873255,6.848056],[79.873205,6.848019],[79.873105,6.848019],[79.873067,6.848031],[79.873023,6.848018],[79.872985,6.847974],[79.872879,6.847799],[79.872835,6.847717],[79.872796,6.847692],[79.872787,6.847699],[79.872733,6.847731],[79.872602,6.84782],[79.872432,6.847915],[79.872384,6.847937],[79.872398,6.847958],[79.872498,6.848252],[79.872586,6.848568],[79.872618,6.848699],[79.872612,6.848741],[79.87256,6.848852],[79.872544,6.848936],[79.872533,6.849062],[79.872524,6.849655]]]}},{"type":"Feature","properties":{"sub":"Banks","name":"Sampath Bank","area":0.07495737192,"main":"Commercial","domain":"Built-up"},"geometry":{"type":"Polygon","coordinates":[[[79.873267,6.850034],[79.873484,6.850011],[79.87349,6.849971],[79.873491,6.849745],[79.873278,6.849735],[79.873267,6.850034]]]}},{"type":"Feature","properties":{"sub":"Retail","name":null,"area":0.12112185949,"main":"Commercial","domain":"Built-up"},"geometry":{"type":"Polygon","coordinates":[[[79.87389,6.849985],[79.874108,6.849972],[79.874145,6.849968],[79.874101,6.849597],[79.87383,6.849625],[79.873852,6.849791],[79.873847,6.849793],[79.87389,6.849985]]]}},{"type":"Feature","properties":{"sub":"Low Rise","name":null,"area":4.39552649123,"main":"Residential","domain":"Built-up"},"geometry":{"type":"Polygon","coordinates":[[[79.874161,6.849508],[79.874402,6.849542],[79.874618,6.849555],[79.874789,6.849577],[79.875062,6.849583],[79.87505,6.849447],[79.875363,6.849462],[79.875321,6.849346],[79.875294,6.84926],[79.875263,6.849202],[79.875197,6.849059],[79.875089,6.848834],[79.875064,6.848763],[79.874991,6.848623],[79.874941,6.848507],[79.874891,6.848414],[79.874848,6.848298],[79.874821,6.848205],[79.874795,6.848077],[79.874775,6.848012],[79.874748,6.847868],[79.874618,6.847377],[79.87458,6.847156],[79.874552,6.847125],[79.874542,6.847117],[79.874312,6.847132],[79.873842,6.847175],[79.873707,6.847191],[79.873579,6.84722],[79.87348,6.847255],[79.873343,6.847328],[79.873229,6.847393],[79.873072,6.847485],[79.8729,6.847606],[79.872854,6.847644],[79.872854,6.847667],[79.872867,6.847704],[79.872954,6.847855],[79.873054,6.847993],[79.873086,6.848006],[79.87318,6.847994],[79.873255,6.847987],[79.873299,6.848013],[79.873312,6.848082],[79.87333,6.848257],[79.873455,6.848628],[79.873524,6.848841],[79.873549,6.848935],[79.873547,6.850007],[79.87389,6.849985],[79.873847,6.849793],[79.873852,6.849791],[79.87383,6.849625],[79.874101,6.849597],[79.874063,6.849256],[79.874052,6.849219],[79.873942,6.849228],[79.873832,6.84871],[79.873855,6.84828],[79.874385,6.848269],[79.874363,6.848391],[79.874197,6.848611],[79.874096,6.849096],[79.874096,6.849183],[79.874107,6.849181],[79.87415,6.84942],[79.874161,6.849508]]]}},{"type":"Feature","properties":{"sub":"Retail","name":null,"area":0.55386168927,"main":"Commercial","domain":"Built-up"},"geometry":{"type":"Polygon","coordinates":[[[79.875394,6.849593],[79.875363,6.849462],[79.87505,6.849447],[79.875062,6.849583],[79.874789,6.849577],[79.874618,6.849555],[79.874402,6.849542],[79.874161,6.849508],[79.874187,6.849721],[79.874218,6.849884],[79.874223,6.84996],[79.875449,6.84983],[79.875461,6.849804],[79.875419,6.849688],[79.875394,6.849593]]]}},{"type":"Feature","properties":{"sub":"Temple/Shrine","name":"Sastrananda Pirivena Temple","area":0.38252208243,"main":"Cultural","domain":"Built-up"},"geometry":{"type":"Polygon","coordinates":[[[79.874052,6.849219],[79.874044,6.849194],[79.874096,6.849183],[79.874096,6.849096],[79.874197,6.848611],[79.874363,6.848391],[79.874385,6.848269],[79.873855,6.84828],[79.873832,6.84871],[79.873942,6.849228],[79.874052,6.849219]]]}},{"type":"Feature","properties":{"sub":"Retail","name":null,"area":0.20971410521,"main":"Commercial","domain":"Built-up"},"geometry":{"type":"Polygon","coordinates":[[[79.875912,6.849395],[79.875421,6.849472],[79.875517,6.849807],[79.875553,6.849816],[79.87595,6.849764],[79.87595,6.849683],[79.875938,6.849568],[79.875912,6.849395]]]}},{"type":"Feature","properties":{"sub":"Factory","name":"Winter Quilts Private Limited","area":2.82648532203,"main":"Industrial","domain":"Built-up"},"geometry":{"type":"Polygon","coordinates":[[[79.875773,6.848478],[79.875999,6.848521],[79.875999,6.848632],[79.875837,6.848678],[79.875814,6.848687],[79.875843,6.84892],[79.875907,6.84892],[79.875916,6.848978],[79.876437,6.848968],[79.876461,6.848448],[79.876523,6.848355],[79.877109,6.848319],[79.877134,6.847662],[79.877145,6.847276],[79.877139,6.847129],[79.877119,6.847129],[79.876928,6.847112],[79.876439,6.847083],[79.875442,6.847106],[79.875441,6.847413],[79.875467,6.847643],[79.875588,6.847836],[79.875703,6.848041],[79.87578,6.848253],[79.87578,6.848388],[79.875773,6.848478]]]}},{"type":"Feature","properties":{"sub":"Low Rise","name":null,"area":0.43468403543,"main":"Residential","domain":"Built-up"},"geometry":{"type":"Polygon","coordinates":[[[79.876845,6.848981],[79.877078,6.848988],[79.877109,6.848319],[79.876987,6.848329],[79.876523,6.848355],[79.87646,6.84845],[79.876441,6.84886],[79.876837,6.848832],[79.876845,6.848981]]]}},{"type":"Feature","properties":{"sub":"Retail","name":null,"area":0.02187535158,"main":"Commercial","domain":"Built-up"},"geometry":{"type":"Polygon","coordinates":[[[79.873363,6.846397],[79.873355,6.846404],[79.873423,6.846515],[79.873434,6.846508],[79.873363,6.846397]]]}},{"type":"Feature","properties":{"sub":"Low Rise","name":null,"area":8.7952682731,"main":"Residential","domain":"Built-up"},"geometry":{"type":"MultiPolygon","coordinates":[[[[79.873644,6.846873],[79.873638,6.84686],[79.873442,6.84652],[79.873434,6.846508],[79.873423,6.846515],[79.873644,6.846873]]],[[[79.873363,6.846397],[79.873288,6.846286],[79.873288,6.846285],[79.873303,6.846319],[79.873355,6.846404],[79.873363,6.846397]]],[[[79.872839,6.84568],[79.872837,6.845677],[79.872688,6.845418],[79.872731,6.84558],[79.872832,6.845724],[79.872839,6.84568]]]]}},{"type":"Feature","properties":{"sub":"Retail","name":null,"area":0.06115873275,"main":"Commercial","domain":"Built-up"},"geometry":{"type":"Polygon","coordinates":[[[79.872522,6.84518],[79.872458,6.845202],[79.872377,6.845256],[79.872502,6.845541],[79.872637,6.845474],[79.872522,6.84518]]]}},{"type":"Feature","properties":{"sub":"Retail","name":null,"area":0.02350250243,"main":"Commercial","domain":"Built-up"},"geometry":{"type":"Polygon","coordinates":[[[79.873457,6.846645],[79.873395,6.846547],[79.873251,6.846624],[79.87331,6.846725],[79.873457,6.846645]]]}},{"type":"Feature","properties":{"sub":"Low Rise","name":null,"area":6.16382640598,"main":"Residential","domain":"Built-up"},"geometry":{"type":"Polygon","coordinates":[[[79.871677,6.846261],[79.871583,6.846533],[79.871562,6.846643],[79.871546,6.84664],[79.871523,6.846706],[79.871408,6.846688],[79.871435,6.846621],[79.871364,6.846609],[79.871371,6.846583],[79.871253,6.846514],[79.871433,6.84619],[79.87141,6.846183],[79.871319,6.846141],[79.871022,6.84639],[79.870798,6.846654],[79.870162,6.847478],[79.870425,6.847599],[79.870413,6.847718],[79.87062,6.847702],[79.870768,6.847697],[79.870892,6.84772],[79.871273,6.847834],[79.871388,6.847476],[79.871443,6.847476],[79.871315,6.847846],[79.871604,6.847938],[79.871785,6.847463],[79.871867,6.847341],[79.871908,6.847354],[79.871798,6.847627],[79.871631,6.847947],[79.871665,6.847958],[79.871875,6.848038],[79.871916,6.848038],[79.872017,6.848033],[79.872206,6.847956],[79.872292,6.847926],[79.872244,6.847791],[79.872366,6.847758],[79.872401,6.847874],[79.872502,6.847821],[79.87276,6.847645],[79.872523,6.847301],[79.872577,6.84726],[79.872807,6.847613],[79.873005,6.847479],[79.873067,6.847444],[79.873009,6.847346],[79.873125,6.847277],[79.873185,6.847377],[79.873359,6.847279],[79.873484,6.847203],[79.873667,6.84715],[79.873679,6.847149],[79.87363,6.846989],[79.873599,6.846926],[79.87346,6.847021],[79.873405,6.846966],[79.873554,6.846837],[79.873467,6.846661],[79.873457,6.846645],[79.87331,6.846725],[79.873251,6.846624],[79.873395,6.846547],[79.873235,6.846292],[79.873044,6.846045],[79.872812,6.845826],[79.872663,6.845539],[79.872637,6.845474],[79.872502,6.845541],[79.872377,6.845256],[79.872291,6.845314],[79.872063,6.845452],[79.871933,6.845546],[79.871773,6.845646],[79.871623,6.845766],[79.87156,6.845871],[79.871369,6.8461],[79.871586,6.846183],[79.871729,6.846224],[79.871904,6.846252],[79.872072,6.846268],[79.872243,6.84631],[79.872457,6.846444],[79.872566,6.846546],[79.872616,6.846631],[79.872604,6.846647],[79.87254,6.846548],[79.872417,6.846448],[79.872253,6.846341],[79.872074,6.846294],[79.871753,6.84628],[79.871677,6.846261]]]}},{"type":"Feature","properties":{"sub":"Retail","name":null,"area":0.01954248509,"main":"Commercial","domain":"Built-up"},"geometry":{"type":"Polygon","coordinates":[[[79.873599,6.846926],[79.873554,6.846837],[79.873405,6.846966],[79.87346,6.847021],[79.873599,6.846926]]]}},{"type":"Feature","properties":{"sub":"Retail","name":null,"area":0.02009788886,"main":"Commercial","domain":"Built-up"},"geometry":{"type":"Polygon","coordinates":[[[79.872292,6.847926],[79.872324,6.847915],[79.872401,6.847874],[79.872366,6.847758],[79.872244,6.847791],[79.872292,6.847926]]]}},{"type":"Feature","properties":{"sub":"Temple/Shrine","name":"Sri Shantharama Viharaya","area":0.15061460436,"main":"Cultural","domain":"Built-up"},"geometry":{"type":"Polygon","coordinates":[[[79.871523,6.846706],[79.871546,6.84664],[79.871562,6.846643],[79.871583,6.846533],[79.871677,6.846261],[79.8716,6.846242],[79.871433,6.84619],[79.871253,6.846514],[79.871371,6.846583],[79.871364,6.846609],[79.871435,6.846621],[79.871408,6.846688],[79.871523,6.846706]]]}},{"type":"Feature","properties":{"sub":"Low Rise","name":null,"area":0.12804817769,"main":"Residential","domain":"Built-up"},"geometry":{"type":"Polygon","coordinates":[[[79.870058,6.847766],[79.870058,6.848013],[79.86975,6.848049],[79.869818,6.848207],[79.870235,6.848085],[79.870257,6.84777],[79.870058,6.847766]]]}},{"type":"Feature","properties":{"sub":"Other higher edu.","name":"Sri Lanka Youth Vocational Training Center","area":0.55755005105,"main":"Institutional","domain":"Built-up"},"geometry":{"type":"Polygon","coordinates":[[[79.87072,6.847747],[79.870317,6.847771],[79.870257,6.84777],[79.870235,6.848085],[79.869818,6.848207],[79.869895,6.848385],[79.869991,6.848634],[79.870009,6.848689],[79.870311,6.848648],[79.870312,6.84835],[79.870654,6.848329],[79.87072,6.847747]]]}},{"type":"Feature","properties":{"sub":"Low Rise","name":null,"area":3.37857554449,"main":"Residential","domain":"Built-up"},"geometry":{"type":"Polygon","coordinates":[[[79.868066,6.847542],[79.868102,6.847509],[79.86817,6.847524],[79.868181,6.847458],[79.868337,6.847484],[79.868477,6.846813],[79.868524,6.846642],[79.868596,6.846365],[79.868643,6.846218],[79.868726,6.846088],[79.868779,6.846017],[79.868886,6.845935],[79.869128,6.845735],[79.869406,6.845523],[79.869648,6.845358],[79.869843,6.845211],[79.869955,6.845152],[79.870003,6.845111],[79.870044,6.845046],[79.870044,6.845023],[79.870017,6.845002],[79.86991,6.844892],[79.869877,6.844856],[79.869864,6.844833],[79.869848,6.844815],[79.869758,6.844955],[79.869741,6.845008],[79.869729,6.845067],[79.869704,6.845143],[79.86957,6.845255],[79.869375,6.845398],[79.869193,6.845513],[79.869079,6.845588],[79.86893,6.845696],[79.868832,6.845754],[79.868763,6.84582],[79.868634,6.84598],[79.868568,6.846072],[79.86842,6.846185],[79.868325,6.846249],[79.868191,6.846323],[79.868158,6.84635],[79.868097,6.846271],[79.868023,6.846144],[79.867889,6.845942],[79.867809,6.845832],[79.867831,6.845816],[79.86798,6.846015],[79.868125,6.845919],[79.868088,6.845863],[79.868014,6.845761],[79.867824,6.845441],[79.867652,6.8455],[79.867512,6.845553],[79.867337,6.84557],[79.867336,6.845752],[79.867347,6.845827],[79.867138,6.845895],[79.867164,6.846138],[79.866987,6.846191],[79.866933,6.846071],[79.866861,6.846038],[79.86683,6.84559],[79.866582,6.845585],[79.866534,6.845578],[79.866443,6.845572],[79.866442,6.846147],[79.866471,6.846149],[79.86647,6.846484],[79.866848,6.846465],[79.866858,6.846802],[79.867141,6.846822],[79.867155,6.84694],[79.867405,6.846876],[79.867439,6.847166],[79.86775,6.847167],[79.867774,6.847293],[79.867983,6.84734],[79.867943,6.847547],[79.868066,6.847542]]]}},{"type":"Feature","properties":{"sub":"Retail","name":null,"area":2.02511970324,"main":"Commercial","domain":"Built-up"},"geometry":{"type":"Polygon","coordinates":[[[79.867292,6.847595],[79.867257,6.847219],[79.867435,6.847215],[79.867466,6.847606],[79.867712,6.847628],[79.868168,6.847707],[79.868254,6.847718],[79.868266,6.847706],[79.868278,6.847682],[79.868295,6.847629],[79.868337,6.847484],[79.868181,6.847458],[79.86817,6.847524],[79.868102,6.847509],[79.868066,6.847542],[79.867943,6.847547],[79.867983,6.84734],[79.867774,6.847293],[79.86775,6.847167],[79.867439,6.847166],[79.867405,6.846876],[79.867155,6.84694],[79.867141,6.846822],[79.866858,6.846802],[79.866848,6.846465],[79.866472,6.846484],[79.866471,6.846149],[79.866442,6.846147],[79.866443,6.845572],[79.86625,6.845561],[79.866245,6.845629],[79.866136,6.846567],[79.866128,6.846876],[79.866076,6.847486],[79.866096,6.847495],[79.866396,6.847494],[79.866631,6.847566],[79.866878,6.847625],[79.867094,6.847598],[79.867266,6.847594],[79.867292,6.847595]]]}},{"type":"Feature","properties":{"sub":"Retail","name":null,"area":0.02695040907,"main":"Commercial","domain":"Built-up"},"geometry":{"type":"Polygon","coordinates":[[[79.868733,6.846133],[79.868691,6.8462],[79.868653,6.846288],[79.86864,6.846344],[79.868704,6.846372],[79.868826,6.846207],[79.868733,6.846133]]]}},{"type":"Feature","properties":{"sub":"Retail","name":null,"area":0.29196105874,"main":"Commercial","domain":"Built-up"},"geometry":{"type":"Polygon","coordinates":[[[79.869223,6.84773],[79.869231,6.847636],[79.869154,6.847653],[79.869154,6.847654],[79.869056,6.84767],[79.868807,6.847625],[79.868845,6.847421],[79.868401,6.847329],[79.868337,6.847707],[79.868772,6.847793],[79.868805,6.847798],[79.868919,6.847809],[79.869076,6.847809],[79.869213,6.847798],[79.869223,6.847775],[79.869223,6.84773]]]}},{"type":"Feature","properties":{"sub":"Retail","name":null,"area":0.04613217545,"main":"Commercial","domain":"Built-up"},"geometry":{"type":"Polygon","coordinates":[[[79.869068,6.847416],[79.869254,6.847421],[79.869275,6.847222],[79.869081,6.847217],[79.869068,6.847416]]]}},{"type":"Feature","properties":{"sub":"Retail","name":null,"area":0.32236802409,"main":"Commercial","domain":"Built-up"},"geometry":{"type":"Polygon","coordinates":[[[79.869909,6.847648],[79.870211,6.84729],[79.869928,6.847202],[79.869872,6.847301],[79.869713,6.847506],[79.86928,6.847466],[79.869269,6.847564],[79.869268,6.847793],[79.86958,6.847767],[79.869783,6.847746],[79.869841,6.847731],[79.869909,6.847648]]]}},{"type":"Feature","properties":{"sub":"Factory","name":null,"area":0.26143354324,"main":"Industrial","domain":"Built-up"},"geometry":{"type":"Polygon","coordinates":[[[79.870314,6.845742],[79.870278,6.845775],[79.870229,6.845839],[79.870199,6.845906],[79.870161,6.845959],[79.870138,6.846016],[79.870097,6.846069],[79.870051,6.846118],[79.870021,6.84614],[79.87,6.846146],[79.870293,6.846375],[79.870526,6.846111],[79.87067,6.845858],[79.870314,6.845742]]]}},{"type":"Feature","properties":{"sub":"Low Rise","name":null,"area":2.15046023514,"main":"Residential","domain":"Built-up"},"geometry":{"type":"Polygon","coordinates":[[[79.869872,6.847301],[79.869928,6.847202],[79.870211,6.84729],[79.870311,6.847169],[79.870448,6.846998],[79.870629,6.846748],[79.870856,6.846452],[79.870976,6.846335],[79.87108,6.846212],[79.871187,6.846109],[79.871264,6.846043],[79.871348,6.845967],[79.871341,6.84595],[79.871234,6.845873],[79.871134,6.84582],[79.870908,6.845663],[79.870815,6.845606],[79.870775,6.845591],[79.870728,6.84559],[79.870687,6.845594],[79.870585,6.845617],[79.870483,6.845643],[79.870392,6.845692],[79.870324,6.845733],[79.870314,6.845742],[79.87067,6.845858],[79.870526,6.846111],[79.870293,6.846375],[79.87,6.846146],[79.869983,6.846151],[79.869885,6.846136],[79.869779,6.84614],[79.869726,6.846162],[79.869677,6.846204],[79.869615,6.846307],[79.869473,6.846529],[79.86943,6.8466],[79.869397,6.846661],[79.869387,6.846736],[79.869382,6.846821],[79.869344,6.847024],[79.869323,6.847116],[79.86928,6.847466],[79.869713,6.847506],[79.869872,6.847301]]]}},{"type":"Feature","properties":{"sub":"Government","name":"Ceylon Electricity Board - Primary base station","area":0.26368226642,"main":"Institutional","domain":"Built-up"},"geometry":{"type":"Polygon","coordinates":[[[79.867337,6.84557],[79.86709,6.845595],[79.86683,6.84559],[79.866861,6.846038],[79.866933,6.846071],[79.866987,6.846191],[79.867164,6.846138],[79.867138,6.845895],[79.867347,6.845827],[79.867336,6.845752],[79.867337,6.84557]]]}},{"type":"Feature","properties":{"sub":"Retail","name":null,"area":0.18246653202,"main":"Commercial","domain":"Built-up"},"geometry":{"type":"Polygon","coordinates":[[[79.866293,6.845121],[79.866256,6.845508],[79.866357,6.845508],[79.866553,6.845521],[79.866554,6.845353],[79.86673,6.845332],[79.866742,6.845122],[79.866293,6.845121]]]}},{"type":"Feature","properties":{"sub":"Park/Square","name":"Children Park","area":0.08772229619,"main":"Public Space","domain":"Built-up"},"geometry":{"type":"Polygon","coordinates":[[[79.866575,6.844682],[79.866408,6.844689],[79.866333,6.844703],[79.866306,6.844987],[79.866565,6.844967],[79.866575,6.844682]]]}},{"type":"Feature","properties":{"sub":"Low Rise","name":null,"area":2.35533420412,"main":"Residential","domain":"Built-up"},"geometry":{"type":"Polygon","coordinates":[[[79.867894,6.845364],[79.867808,6.845145],[79.867782,6.84491],[79.867827,6.844905],[79.867841,6.844864],[79.867787,6.8448],[79.867582,6.844772],[79.867584,6.844707],[79.867891,6.844674],[79.868036,6.844736],[79.867991,6.8449],[79.868122,6.844971],[79.867948,6.845067],[79.867993,6.845325],[79.868085,6.845289],[79.868212,6.845212],[79.868226,6.845201],[79.868333,6.845092],[79.8685,6.844989],[79.868698,6.84487],[79.868886,6.844711],[79.868962,6.84464],[79.869042,6.844513],[79.869181,6.844278],[79.869202,6.844216],[79.869046,6.844228],[79.868958,6.844245],[79.86859,6.844295],[79.868019,6.84438],[79.867655,6.844465],[79.867448,6.844535],[79.867171,6.844603],[79.86691,6.844653],[79.866575,6.844682],[79.866565,6.844967],[79.866306,6.844987],[79.866293,6.845121],[79.866742,6.845122],[79.86673,6.845332],[79.866554,6.845353],[79.866553,6.845521],[79.866629,6.845526],[79.866837,6.845568],[79.867181,6.845555],[79.867522,6.8455],[79.86778,6.845408],[79.867894,6.845364]]]}},{"type":"Feature","properties":{"sub":"Retail","name":null,"area":0.02375643985,"main":"Commercial","domain":"Built-up"},"geometry":{"type":"Polygon","coordinates":[[[79.871456,6.845865],[79.871501,6.845807],[79.871571,6.845752],[79.871509,6.845672],[79.871354,6.845782],[79.871456,6.845865]]]}},{"type":"Feature","properties":{"sub":"Temple/Shrine","name":"Anusubodarama Viharaya","area":0.47605088409,"main":"Cultural","domain":"Built-up"},"geometry":{"type":"Polygon","coordinates":[[[79.872087,6.844544],[79.872066,6.844515],[79.871983,6.844626],[79.87197,6.844651],[79.871957,6.844656],[79.871936,6.844656],[79.871914,6.844647],[79.871858,6.844608],[79.871824,6.844595],[79.871785,6.844608],[79.871759,6.844629],[79.871705,6.844706],[79.871853,6.844845],[79.871885,6.845066],[79.871907,6.845198],[79.87205,6.845364],[79.872091,6.845384],[79.872244,6.845278],[79.872446,6.845159],[79.872472,6.845149],[79.872479,6.845127],[79.87247,6.845084],[79.872362,6.844898],[79.872294,6.844799],[79.872087,6.844544]]]}},{"type":"Feature","properties":{"sub":"Low Rise","name":null,"area":3.73131327197,"main":"Residential","domain":"Built-up"},"geometry":{"type":"Polygon","coordinates":[[[79.87163,6.843907],[79.871475,6.844176],[79.871445,6.844154],[79.871561,6.843947],[79.87161,6.84388],[79.8714,6.843583],[79.871167,6.843352],[79.871132,6.843393],[79.871086,6.843437],[79.870906,6.843628],[79.87106,6.843777],[79.870946,6.843889],[79.870979,6.843911],[79.870906,6.843977],[79.870708,6.843838],[79.870433,6.844129],[79.87006,6.844626],[79.869903,6.844793],[79.869922,6.84484],[79.869998,6.844922],[79.870085,6.845003],[79.870223,6.84509],[79.870329,6.845138],[79.870424,6.845186],[79.870496,6.845253],[79.870577,6.84532],[79.870663,6.845411],[79.870735,6.845512],[79.870778,6.845555],[79.871036,6.845709],[79.871132,6.845771],[79.871266,6.845848],[79.871342,6.84592],[79.871366,6.84593],[79.8714,6.84592],[79.871442,6.845883],[79.871456,6.845865],[79.871354,6.845782],[79.871509,6.845672],[79.871571,6.845752],[79.871667,6.845679],[79.871756,6.845618],[79.871835,6.84555],[79.87202,6.845434],[79.872091,6.845384],[79.87205,6.845364],[79.871907,6.845198],[79.871885,6.845066],[79.871853,6.844845],[79.871705,6.844706],[79.871698,6.844716],[79.871655,6.84469],[79.87175,6.844569],[79.871776,6.844556],[79.871828,6.844565],[79.87191,6.844599],[79.871953,6.844582],[79.872044,6.844484],[79.87163,6.843907]]]}},{"type":"Feature","properties":{"sub":"Retail","name":null,"area":0.1090079196,"main":"Commercial","domain":"Built-up"},"geometry":{"type":"Polygon","coordinates":[[[79.863658,6.846814],[79.86343,6.846789],[79.863411,6.847189],[79.863637,6.847196],[79.863658,6.846814]]]}},{"type":"Feature","properties":{"sub":"Temple/Shrine","name":"Dharmaplarama Viharaya","area":0.21103379612,"main":"Cultural","domain":"Built-up"},"geometry":{"type":"Polygon","coordinates":[[[79.864815,6.844407],[79.86495,6.844415],[79.865192,6.844422],[79.865206,6.844215],[79.865196,6.844215],[79.865197,6.843973],[79.864824,6.843946],[79.864815,6.844407]]]}},{"type":"Feature","properties":{"sub":"Retail","name":null,"area":0.11142470741,"main":"Commercial","domain":"Built-up"},"geometry":{"type":"Polygon","coordinates":[[[79.865192,6.844422],[79.865621,6.844438],[79.865621,6.844211],[79.865206,6.844215],[79.865192,6.844422]]]}},{"type":"Feature","properties":{"sub":"Retail","name":null,"area":0.0963118436,"main":"Commercial","domain":"Built-up"},"geometry":{"type":"Polygon","coordinates":[[[79.866329,6.843644],[79.866352,6.843482],[79.86636,6.843441],[79.865966,6.843433],[79.865932,6.843628],[79.866329,6.843644]]]}},{"type":"Feature","properties":{"sub":"Government","name":null,"area":0.05041324534,"main":"Institutional","domain":"Built-up"},"geometry":{"type":"Polygon","coordinates":[[[79.866069,6.84394],[79.866286,6.843944],[79.866312,6.843762],[79.866092,6.843746],[79.866069,6.84394]]]}},{"type":"Feature","properties":{"sub":"Low Rise","name":null,"area":4.10844033222,"main":"Residential","domain":"Built-up"},"geometry":{"type":"Polygon","coordinates":[[[79.87023,6.857925],[79.869983,6.858107],[79.869386,6.858597],[79.869108,6.858821],[79.869016,6.858889],[79.86896,6.858927],[79.868886,6.858948],[79.868739,6.859004],[79.868616,6.859039],[79.868388,6.859126],[79.868317,6.859144],[79.868268,6.859165],[79.868219,6.859203],[79.86811,6.859301],[79.868029,6.859392],[79.867955,6.859466],[79.867839,6.85956],[79.867825,6.859581],[79.867825,6.859606],[79.867857,6.85962],[79.868053,6.859634],[79.86819,6.859638],[79.86845,6.859667],[79.86846,6.859669],[79.86848,6.859278],[79.868552,6.859268],[79.868542,6.859692],[79.868576,6.859702],[79.868667,6.859734],[79.868727,6.859769],[79.868829,6.859816],[79.868993,6.859919],[79.86906,6.85994],[79.86913,6.859968],[79.869218,6.859989],[79.869565,6.860025],[79.869839,6.860038],[79.869948,6.860038],[79.87006,6.860031],[79.870176,6.86001],[79.870289,6.859944],[79.870419,6.859839],[79.870727,6.859528],[79.870579,6.859338],[79.870508,6.859209],[79.87047,6.859061],[79.870419,6.8587],[79.870477,6.8587],[79.870489,6.858913],[79.870515,6.859035],[79.870573,6.859196],[79.870662,6.859364],[79.870727,6.859441],[79.870771,6.859486],[79.870943,6.859324],[79.870969,6.859292],[79.870974,6.859298],[79.87102,6.85925],[79.87107,6.859177],[79.87099,6.859085],[79.870716,6.858785],[79.870606,6.85862],[79.870545,6.858436],[79.870441,6.858259],[79.87035,6.858094],[79.870271,6.857959],[79.87023,6.857925]]]}},{"type":"Feature","properties":{"sub":"Roads","name":null,"area":0.03859909439,"main":"Transport","domain":"Built-up"},"geometry":{"type":"Polygon","coordinates":[[[79.86846,6.859669],[79.868542,6.859692],[79.868552,6.859268],[79.86848,6.859278],[79.86846,6.859669]]]}},{"type":"Feature","properties":{"sub":"Temple/Shrine","name":"Buddhist Centre","area":0.08132079031,"main":"Cultural","domain":"Built-up"},"geometry":{"type":"Polygon","coordinates":[[[79.870896,6.857487],[79.870697,6.857601],[79.870848,6.857848],[79.871045,6.857755],[79.870896,6.857487]]]}},{"type":"Feature","properties":{"sub":"Retail","name":null,"area":0.01515344738,"main":"Commercial","domain":"Built-up"},"geometry":{"type":"Polygon","coordinates":[[[79.871035,6.859036],[79.87112,6.859125],[79.871149,6.859125],[79.871221,6.859074],[79.871094,6.858994],[79.871035,6.859036]]]}},{"type":"Feature","properties":{"sub":"Retail","name":null,"area":0.01470518086,"main":"Commercial","domain":"Built-up"},"geometry":{"type":"Polygon","coordinates":[[[79.871638,6.858589],[79.871683,6.858644],[79.871713,6.858673],[79.871733,6.858688],[79.871798,6.858631],[79.871725,6.858541],[79.871638,6.858589]]]}},{"type":"Feature","properties":{"sub":"Low Rise","name":null,"area":1.89266397299,"main":"Residential","domain":"Built-up"},"geometry":{"type":"Polygon","coordinates":[[[79.87122,6.857303],[79.871452,6.857709],[79.871295,6.8578],[79.871248,6.857745],[79.871112,6.857812],[79.87123,6.857978],[79.871342,6.858164],[79.871454,6.858321],[79.871566,6.858463],[79.871638,6.858589],[79.871725,6.858541],[79.871798,6.858631],[79.871874,6.858564],[79.871953,6.858481],[79.872311,6.858163],[79.87245,6.858046],[79.872354,6.857897],[79.872289,6.857721],[79.87228,6.857573],[79.872308,6.857452],[79.87241,6.857406],[79.872456,6.857379],[79.872447,6.857314],[79.872438,6.857166],[79.872355,6.856962],[79.872232,6.856688],[79.871937,6.856872],[79.871624,6.85705],[79.87122,6.857303]]]}},{"type":"Feature","properties":{"sub":"High Rise","name":"Uvpa Boys Hostel","area":0.59968558151,"main":"Residential","domain":"Built-up"},"geometry":{"type":"Polygon","coordinates":[[[79.873346,6.855046],[79.873457,6.854636],[79.873499,6.854559],[79.87352,6.854502],[79.873531,6.854425],[79.873535,6.854352],[79.873521,6.854288],[79.873517,6.854218],[79.873479,6.85413],[79.873341,6.853755],[79.873232,6.853795],[79.873251,6.854332],[79.8729,6.854352],[79.872837,6.854888],[79.873346,6.855046]]]}},{"type":"Feature","properties":{"sub":"Low Rise","name":null,"area":2.74684887006,"main":"Residential","domain":"Built-up"},"geometry":{"type":"Polygon","coordinates":[[[79.871111,6.855032],[79.8713,6.855929],[79.871434,6.85584],[79.871877,6.855514],[79.872911,6.855746],[79.87319,6.855793],[79.873255,6.855567],[79.873275,6.855468],[79.872865,6.855374],[79.872846,6.854891],[79.872837,6.854888],[79.8729,6.854352],[79.873251,6.854332],[79.873232,6.853795],[79.873341,6.853755],[79.873304,6.853672],[79.87328,6.853652],[79.873243,6.853652],[79.873227,6.853656],[79.873209,6.853681],[79.873129,6.853817],[79.873074,6.853929],[79.873003,6.854064],[79.872921,6.854198],[79.872866,6.854253],[79.872797,6.85428],[79.872747,6.854287],[79.872619,6.854276],[79.872393,6.854276],[79.872332,6.854294],[79.872297,6.854307],[79.872243,6.854332],[79.872112,6.85441],[79.872014,6.854464],[79.87185,6.85454],[79.871749,6.85459],[79.871582,6.854686],[79.871477,6.854749],[79.871111,6.855032]]]}},{"type":"Feature","properties":{"sub":"Temple/Shrine","name":"Upaliwanshikaramaya","area":0.25493741062,"main":"Cultural","domain":"Built-up"},"geometry":{"type":"Polygon","coordinates":[[[79.873275,6.855468],[79.873301,6.855293],[79.873315,6.855255],[79.873326,6.855146],[79.873346,6.855046],[79.872846,6.854891],[79.872865,6.855374],[79.873275,6.855468]]]}},{"type":"Feature","properties":{"sub":"Coastal area","name":null,"area":6.34564554457,"main":"Coastal area","domain":"Non Built-up"},"geometry":{"type":"MultiPolygon","coordinates":[[[[79.861605,6.847534],[79.8616,6.847562],[79.861603,6.847604],[79.86162,6.847675],[79.861634,6.847714],[79.861656,6.847743],[79.861684,6.847752],[79.861735,6.847743],[79.86175,6.847735],[79.861763,6.84772],[79.861798,6.847702],[79.861813,6.847697],[79.861852,6.847698],[79.861884,6.847713],[79.861946,6.847775],[79.86198,6.847842],[79.861982,6.847898],[79.861981,6.847989],[79.861979,6.848067],[79.861971,6.848151],[79.861968,6.848209],[79.861966,6.848411],[79.861956,6.848488],[79.861903,6.84865],[79.861884,6.84876],[79.861871,6.848872],[79.861863,6.848905],[79.861926,6.848914],[79.861955,6.848921],[79.861959,6.848931],[79.861935,6.849168],[79.861863,6.849367],[79.861784,6.849575],[79.861706,6.849829],[79.861627,6.850066],[79.861767,6.850064],[79.861632,6.850571],[79.861508,6.850918],[79.861415,6.851173],[79.86141,6.851324],[79.861395,6.85152],[79.86139,6.851716],[79.861346,6.851912],[79.861259,6.852179],[79.861211,6.852302],[79.861185,6.852377],[79.861157,6.852446],[79.861137,6.852519],[79.861124,6.852584],[79.8611,6.852652],[79.861068,6.852726],[79.861048,6.852782],[79.861017,6.852886],[79.860995,6.852934],[79.860998,6.852981],[79.860998,6.853047],[79.860994,6.853083],[79.860976,6.853096],[79.86097,6.853126],[79.860943,6.8532],[79.860913,6.853263],[79.860887,6.853345],[79.860881,6.853418],[79.86092,6.853498],[79.860893,6.853609],[79.860879,6.85369],[79.860879,6.853729],[79.860868,6.853859],[79.860848,6.853969],[79.86083,6.854127],[79.860815,6.854233],[79.860794,6.854325],[79.860775,6.854429],[79.860754,6.854572],[79.860731,6.854841],[79.860709,6.854979],[79.860685,6.855075],[79.86067,6.855181],[79.860643,6.855309],[79.860632,6.855375],[79.860618,6.855421],[79.860601,6.855501],[79.860594,6.855645],[79.860552,6.855895],[79.860545,6.856326],[79.860538,6.856437],[79.860525,6.856548],[79.860518,6.856633],[79.860514,6.856725],[79.860506,6.856832],[79.860485,6.856968],[79.86046,6.8571],[79.860427,6.857242],[79.86037,6.857433],[79.860389,6.857374],[79.860531,6.857401],[79.860626,6.856941],[79.860531,6.85691],[79.860585,6.85666],[79.860598,6.856548],[79.860595,6.856495],[79.86056,6.856462],[79.860577,6.85635],[79.860662,6.855921],[79.860679,6.855738],[79.86076,6.855365],[79.860821,6.854968],[79.860858,6.85475],[79.860958,6.854245],[79.860947,6.853938],[79.860989,6.853763],[79.861038,6.853629],[79.86112,6.853462],[79.861149,6.853422],[79.861272,6.853075],[79.861262,6.852849],[79.861276,6.852639],[79.861332,6.852371],[79.861377,6.852135],[79.861342,6.852026],[79.861383,6.851923],[79.861506,6.851404],[79.861536,6.851219],[79.861582,6.851057],[79.861673,6.850896],[79.861691,6.850797],[79.86176,6.850563],[79.861824,6.850301],[79.861964,6.849763],[79.862016,6.849612],[79.862073,6.849424],[79.862127,6.849113],[79.862179,6.84874],[79.862228,6.848415],[79.862272,6.848019],[79.862303,6.847787],[79.862307,6.847593],[79.862323,6.847472],[79.862333,6.847311],[79.862325,6.847122],[79.862307,6.846886],[79.862327,6.846797],[79.862276,6.846672],[79.862323,6.846572],[79.862326,6.846454],[79.862287,6.846408],[79.862291,6.846347],[79.862328,6.846259],[79.862289,6.846134],[79.862235,6.845988],[79.862261,6.845841],[79.862303,6.845541],[79.862372,6.845429],[79.862368,6.845152],[79.862368,6.844964],[79.862384,6.844736],[79.862537,6.844711],[79.862511,6.84456],[79.862501,6.84448],[79.862426,6.844422],[79.86243,6.844307],[79.8624,6.844107],[79.862449,6.843865],[79.862554,6.843622],[79.862604,6.843471],[79.8626,6.843382],[79.862808,6.843372],[79.862817,6.84315],[79.862815,6.842987],[79.862798,6.842988],[79.862798,6.842985],[79.862642,6.842977],[79.86223,6.842962],[79.862208,6.843001],[79.862205,6.843068],[79.862221,6.843142],[79.862193,6.843255],[79.862216,6.843303],[79.862209,6.843396],[79.86218,6.843448],[79.86219,6.843611],[79.862177,6.843662],[79.862141,6.843736],[79.86216,6.843874],[79.862141,6.843922],[79.862133,6.844061],[79.862129,6.844507],[79.862106,6.84459],[79.862077,6.844667],[79.862096,6.844705],[79.862069,6.844845],[79.862052,6.844957],[79.862036,6.845043],[79.862052,6.845091],[79.862046,6.845168],[79.862023,6.845223],[79.862029,6.845325],[79.862013,6.845389],[79.861981,6.845472],[79.861978,6.845533],[79.86195,6.845618],[79.861944,6.845673],[79.861982,6.84573],[79.861979,6.845769],[79.861947,6.845817],[79.86193,6.845884],[79.861937,6.845926],[79.861908,6.845983],[79.861885,6.846048],[79.861904,6.846089],[79.861895,6.846147],[79.861875,6.846195],[79.861853,6.846815],[79.861812,6.847233],[79.861767,6.847422],[79.861738,6.847486],[79.86169,6.847518],[79.861617,6.847518],[79.861605,6.847534]]],[[[79.860352,6.857495],[79.860269,6.857765],[79.860246,6.857866],[79.860236,6.857952],[79.860216,6.858049],[79.860196,6.858169],[79.860183,6.858284],[79.860133,6.858471],[79.860112,6.858568],[79.860104,6.85865],[79.860082,6.858757],[79.860016,6.859155],[79.860005,6.859263],[79.859992,6.859547],[79.859943,6.85974],[79.859921,6.859896],[79.8599,6.860015],[79.859883,6.860378],[79.859874,6.860486],[79.859933,6.860478],[79.859964,6.860235],[79.859992,6.860078],[79.860004,6.859885],[79.860011,6.859666],[79.860028,6.859438],[79.860133,6.85889],[79.860135,6.858795],[79.860152,6.858712],[79.860282,6.858729],[79.860292,6.85865],[79.860419,6.857957],[79.860341,6.857931],[79.860343,6.85786],[79.860319,6.857806],[79.860349,6.857689],[79.860367,6.857545],[79.860352,6.857495]]],[[[79.859827,6.860686],[79.859806,6.860978],[79.859775,6.861132],[79.859757,6.861271],[79.859734,6.861401],[79.859689,6.86172],[79.859645,6.861856],[79.859572,6.862114],[79.859546,6.862244],[79.859511,6.862389],[79.859536,6.862402],[79.859605,6.862444],[79.85966,6.862481],[79.859724,6.862519],[79.859744,6.86252],[79.859747,6.862373],[79.859773,6.862306],[79.859764,6.862247],[79.859723,6.862187],[79.859721,6.861942],[79.859712,6.861759],[79.859754,6.861602],[79.859757,6.861426],[79.859788,6.861264],[79.859845,6.86088],[79.85985,6.860605],[79.859827,6.860686]]]]}},{"type":"Feature","properties":{"sub":"Slum","name":null,"area":1.30676273619,"main":"Residential","domain":"Built-up"},"geometry":{"type":"Polygon","coordinates":[[[79.862275,6.849655],[79.862016,6.849612],[79.861964,6.849763],[79.861824,6.850301],[79.86176,6.850563],[79.861691,6.850797],[79.861673,6.850896],[79.861582,6.851057],[79.861536,6.851219],[79.861506,6.851404],[79.861383,6.851923],[79.861342,6.852026],[79.861377,6.852135],[79.861304,6.852505],[79.86167,6.852576],[79.861868,6.851649],[79.862182,6.850124],[79.862275,6.849655]]]}},{"type":"Feature","properties":{"sub":"Low Rise","name":null,"area":1.04842604016,"main":"Residential","domain":"Built-up"},"geometry":{"type":"Polygon","coordinates":[[[79.864409,6.848041],[79.864416,6.848195],[79.864259,6.848201],[79.864251,6.848039],[79.864154,6.848042],[79.864138,6.848045],[79.864094,6.848058],[79.864079,6.848073],[79.864066,6.848099],[79.864047,6.848169],[79.864028,6.848337],[79.864028,6.848368],[79.864004,6.848518],[79.863985,6.848593],[79.864033,6.848611],[79.864093,6.848619],[79.864483,6.848604],[79.864948,6.848601],[79.865083,6.848575],[79.865147,6.848572],[79.865248,6.848606],[79.865589,6.848764],[79.865731,6.84876],[79.86587,6.848746],[79.865889,6.848742],[79.865901,6.848728],[79.865906,6.848478],[79.865463,6.848477],[79.865458,6.848076],[79.865334,6.848068],[79.864862,6.848058],[79.864861,6.848256],[79.864704,6.848256],[79.864705,6.848053],[79.864409,6.848041]]]}},{"type":"Feature","properties":{"sub":"High Rise","name":"Span Tower 6","area":0.17230550834,"main":"Residential","domain":"Built-up"},"geometry":{"type":"Polygon","coordinates":[[[79.865582,6.860125],[79.865426,6.860128],[79.865289,6.860118],[79.865174,6.86051],[79.865532,6.860585],[79.865582,6.860125]]]}},{"type":"Feature","properties":{"sub":"Retail","name":null,"area":0.05952382252,"main":"Commercial","domain":"Built-up"},"geometry":{"type":"Polygon","coordinates":[[[79.86595,6.860113],[79.865747,6.86012],[79.865711,6.860354],[79.865919,6.860354],[79.86595,6.860113]]]}},{"type":"Feature","properties":{"sub":"Retail","name":null,"area":0.01147444011,"main":"Commercial","domain":"Built-up"},"geometry":{"type":"Polygon","coordinates":[[[79.870353,6.845682],[79.870446,6.845642],[79.870425,6.84557],[79.870309,6.845593],[79.870353,6.845682]]]}},{"type":"Feature","properties":{"sub":"Retail","name":null,"area":0.01068782465,"main":"Commercial","domain":"Built-up"},"geometry":{"type":"Polygon","coordinates":[[[79.870198,6.845119],[79.870141,6.845094],[79.870119,6.845078],[79.87011,6.845077],[79.870075,6.845095],[79.870045,6.845119],[79.870029,6.845129],[79.8701,6.84518],[79.870198,6.845119]]]}},{"type":"Feature","properties":{"sub":"Low Rise","name":null,"area":2.63172100093,"main":"Residential","domain":"Built-up"},"geometry":{"type":"Polygon","coordinates":[[[79.869155,6.847654],[79.869232,6.847637],[79.869247,6.847463],[79.869254,6.847421],[79.869068,6.847416],[79.869081,6.847217],[79.869275,6.847222],[79.869314,6.847072],[79.869341,6.846952],[79.869341,6.846872],[79.869364,6.846729],[79.869372,6.846642],[79.869387,6.846608],[79.869527,6.846405],[79.869629,6.84625],[79.869659,6.846194],[79.869701,6.84616],[79.869807,6.846115],[79.86986,6.846111],[79.869966,6.846122],[79.870015,6.846115],[79.870045,6.846092],[79.870083,6.846055],[79.870124,6.845983],[79.870162,6.845911],[79.870208,6.845847],[79.870223,6.845795],[79.870257,6.845764],[79.870291,6.845723],[79.870329,6.845693],[79.870353,6.845682],[79.870309,6.845593],[79.870425,6.84557],[79.870446,6.845642],[79.870556,6.845606],[79.870684,6.845573],[79.870717,6.845551],[79.870656,6.845467],[79.870551,6.845348],[79.870508,6.845308],[79.870445,6.845258],[79.870351,6.845201],[79.870298,6.845164],[79.870198,6.845119],[79.8701,6.84518],[79.870029,6.845129],[79.869951,6.845177],[79.869785,6.845289],[79.869513,6.845483],[79.869194,6.845719],[79.86897,6.845895],[79.868817,6.846032],[79.868744,6.84612],[79.868735,6.846134],[79.868827,6.846208],[79.868705,6.846374],[79.868641,6.846345],[79.868595,6.846511],[79.868543,6.846739],[79.868454,6.847071],[79.868403,6.84733],[79.868847,6.847422],[79.868807,6.847625],[79.869056,6.84767],[79.869155,6.847654]]]}},{"type":"Feature","properties":{"sub":"Retail","name":null,"area":0.0191131277,"main":"Commercial","domain":"Built-up"},"geometry":{"type":"Polygon","coordinates":[[[79.873067,6.847444],[79.873185,6.847377],[79.873125,6.847277],[79.873009,6.847346],[79.873067,6.847444]]]}},{"type":"Feature","properties":{"sub":"Low Rise","name":null,"area":0.91368319991,"main":"Residential","domain":"Built-up"},"geometry":{"type":"Polygon","coordinates":[[[79.863529,6.860603],[79.863546,6.86039],[79.863934,6.860423],[79.863951,6.860266],[79.863913,6.860261],[79.861809,6.860056],[79.861735,6.860047],[79.861709,6.860053],[79.861672,6.860245],[79.861832,6.860276],[79.8618,6.860495],[79.861881,6.860498],[79.86192,6.860231],[79.862139,6.860257],[79.862102,6.860518],[79.862439,6.860561],[79.862904,6.860612],[79.862924,6.860394],[79.863143,6.860399],[79.863138,6.860511],[79.863312,6.860527],[79.863299,6.860678],[79.863624,6.860732],[79.863652,6.860733],[79.863681,6.860623],[79.863529,6.860603]]]}},{"type":"Feature","properties":{"sub":"Retail","name":null,"area":0.0390863049,"main":"Commercial","domain":"Built-up"},"geometry":{"type":"Polygon","coordinates":[[[79.864217,6.860803],[79.864356,6.860824],[79.8644,6.860594],[79.864265,6.860578],[79.864217,6.860803]]]}},{"type":"Feature","properties":{"sub":"School","name":"Methodist College","area":0.46486059662,"main":"Institutional","domain":"Built-up"},"geometry":{"type":"Polygon","coordinates":[[[79.865945,6.861349],[79.865991,6.861227],[79.866051,6.861242],[79.866078,6.861134],[79.865671,6.861047],[79.865154,6.86095],[79.864843,6.860897],[79.864597,6.860866],[79.864579,6.860953],[79.864338,6.860908],[79.864306,6.861032],[79.865945,6.861349]]]}},{"type":"Feature","properties":{"sub":"Government","name":"Medical Officer of Health","area":0.0770528328,"main":"Institutional","domain":"Built-up"},"geometry":{"type":"Polygon","coordinates":[[[79.866285,6.861448],[79.866331,6.861311],[79.865991,6.861227],[79.865945,6.861349],[79.865932,6.861414],[79.866193,6.861456],[79.866285,6.861448]]]}},{"type":"Feature","properties":{"sub":"Low Rise","name":null,"area":1.50397385737,"main":"Residential","domain":"Built-up"},"geometry":{"type":"Polygon","coordinates":[[[79.864597,6.860865],[79.864843,6.860896],[79.865154,6.86095],[79.865671,6.861046],[79.866078,6.861133],[79.866232,6.860514],[79.866064,6.860385],[79.866054,6.860336],[79.866069,6.860192],[79.866065,6.860111],[79.866037,6.86011],[79.86595,6.860113],[79.865919,6.860354],[79.865711,6.860354],[79.865747,6.86012],[79.865582,6.860125],[79.865532,6.860585],[79.865174,6.86051],[79.865289,6.860118],[79.865226,6.860114],[79.865057,6.860075],[79.864812,6.860014],[79.864621,6.859975],[79.864515,6.860356],[79.864709,6.860382],[79.864744,6.860404],[79.864712,6.860611],[79.864674,6.860627],[79.8644,6.860594],[79.864356,6.860824],[79.864597,6.860865]]]}},{"type":"Feature","properties":{"sub":"Retail","name":null,"area":0.02443229684,"main":"Commercial","domain":"Built-up"},"geometry":{"type":"Polygon","coordinates":[[[79.872654,6.852689],[79.872551,6.852713],[79.87253,6.85273],[79.872519,6.852749],[79.872541,6.852774],[79.872603,6.85285],[79.872731,6.852804],[79.872654,6.852689]]]}},{"type":"Feature","properties":{"sub":"Low Rise","name":null,"area":5.35048841571,"main":"Residential","domain":"Built-up"},"geometry":{"type":"Polygon","coordinates":[[[79.875469,6.852217],[79.875326,6.852118],[79.875209,6.852018],[79.874823,6.85207],[79.874788,6.851835],[79.875528,6.851839],[79.875507,6.851729],[79.875534,6.851564],[79.875566,6.851319],[79.875567,6.851159],[79.875583,6.851084],[79.875637,6.85061],[79.875651,6.850533],[79.875517,6.850515],[79.875539,6.85032],[79.875443,6.850301],[79.875017,6.850282],[79.874751,6.850298],[79.874494,6.850351],[79.874484,6.850313],[79.874266,6.850339],[79.874247,6.850253],[79.874123,6.850271],[79.874128,6.850443],[79.873823,6.850493],[79.873864,6.85086],[79.87389,6.850936],[79.87392,6.850977],[79.873971,6.851023],[79.874007,6.85107],[79.874012,6.851105],[79.874012,6.851203],[79.874017,6.851259],[79.874042,6.851336],[79.874078,6.851397],[79.87418,6.851505],[79.874211,6.851581],[79.87417,6.851689],[79.874154,6.851745],[79.874129,6.851755],[79.874088,6.85176],[79.873914,6.851739],[79.873796,6.851739],[79.873714,6.851764],[79.873678,6.85179],[79.873519,6.851823],[79.873449,6.851844],[79.873371,6.851852],[79.873244,6.851876],[79.873158,6.8519],[79.873142,6.851925],[79.873125,6.851982],[79.873125,6.852068],[79.873141,6.852289],[79.873145,6.852416],[79.873137,6.852465],[79.873112,6.852506],[79.873087,6.852539],[79.873051,6.852571],[79.873001,6.8526],[79.872846,6.852649],[79.872654,6.852689],[79.872731,6.852804],[79.872603,6.85285],[79.872759,6.853043],[79.87283,6.853118],[79.873342,6.852888],[79.874146,6.852688],[79.874879,6.85254],[79.875367,6.852403],[79.875431,6.852291],[79.875469,6.852217]]]}},{"type":"Feature","properties":{"sub":"Retail","name":null,"area":0.0607153664,"main":"Commercial","domain":"Built-up"},"geometry":{"type":"Polygon","coordinates":[[[79.871163,6.859457],[79.871244,6.859526],[79.871344,6.859606],[79.871494,6.859436],[79.871311,6.859309],[79.871163,6.859457]]]}},{"type":"Feature","properties":{"sub":"Water","name":null,"area":0.39995289911,"main":"Water","domain":"Non Built-up"},"geometry":{"type":"Polygon","coordinates":[[[79.868784,6.854669],[79.868873,6.854634],[79.868943,6.854563],[79.869218,6.854449],[79.869545,6.854282],[79.870014,6.854132],[79.870562,6.853992],[79.870554,6.853939],[79.870306,6.854018],[79.869917,6.854132],[79.869625,6.854229],[79.869395,6.854308],[79.8692,6.854414],[79.869023,6.854502],[79.86889,6.854572],[79.868767,6.854625],[79.868537,6.85466],[79.868077,6.854125],[79.868043,6.854323],[79.868208,6.854506],[79.868413,6.854792],[79.868297,6.854907],[79.868209,6.855004],[79.868112,6.855065],[79.867997,6.855101],[79.867908,6.855136],[79.867855,6.855162],[79.867766,6.855224],[79.867713,6.855294],[79.867678,6.855374],[79.867625,6.855471],[79.86758,6.855621],[79.8675,6.855762],[79.867394,6.855992],[79.86734,6.856124],[79.867261,6.856251],[79.86733,6.856271],[79.867376,6.856213],[79.867518,6.855913],[79.867562,6.855833],[79.867615,6.855656],[79.867686,6.855489],[79.867722,6.855374],[79.867793,6.855277],[79.867855,6.855224],[79.867926,6.85518],[79.86805,6.855127],[79.86812,6.855101],[79.868226,6.855039],[79.868334,6.854932],[79.868424,6.854924],[79.868612,6.854771],[79.868724,6.854736],[79.868784,6.854669]]]}},{"type":"Feature","properties":{"sub":"Parking","name":null,"area":0.08179955739,"main":"Transport","domain":"Built-up"},"geometry":{"type":"Polygon","coordinates":[[[79.863182,6.84301],[79.862907,6.842989],[79.862906,6.843132],[79.862903,6.843232],[79.863134,6.843253],[79.863176,6.843253],[79.863182,6.84301]]]}},{"type":"Feature","properties":{"sub":"Low Rise","name":null,"area":0.28515472598,"main":"Residential","domain":"Built-up"},"geometry":{"type":"Polygon","coordinates":[[[79.866116,6.859999],[79.866442,6.860019],[79.866609,6.860058],[79.866705,6.860068],[79.866768,6.860069],[79.866822,6.860046],[79.866858,6.860026],[79.866905,6.859981],[79.866954,6.859932],[79.866972,6.859905],[79.866996,6.859868],[79.866997,6.859842],[79.866992,6.859823],[79.866957,6.859823],[79.866868,6.859847],[79.866724,6.859862],[79.86666,6.859871],[79.866565,6.859861],[79.866402,6.859836],[79.866437,6.85943],[79.866257,6.859413],[79.866214,6.85968],[79.866116,6.859999]]]}},{"type":"Feature","properties":{"sub":"Retail","name":null,"area":0.03360706027,"main":"Commercial","domain":"Built-up"},"geometry":{"type":"Polygon","coordinates":[[[79.874526,6.859691],[79.874529,6.859735],[79.874557,6.85985],[79.874669,6.859856],[79.874713,6.859846],[79.874675,6.859666],[79.874526,6.859691]]]}},{"type":"Feature","properties":{"sub":"Low Rise","name":null,"area":0.16320062215,"main":"Residential","domain":"Built-up"},"geometry":{"type":"Polygon","coordinates":[[[79.863916,6.843004],[79.864055,6.843009],[79.86434,6.843015],[79.864358,6.842717],[79.863931,6.842678],[79.863916,6.843004]]]}},{"type":"Feature","properties":{"sub":"Retail","name":null,"area":0.07785889016,"main":"Commercial","domain":"Built-up"},"geometry":{"type":"Polygon","coordinates":[[[79.863672,6.842436],[79.863515,6.842423],[79.863335,6.842401],[79.86332,6.842601],[79.863671,6.842609],[79.863672,6.842436]]]}},{"type":"Feature","properties":{"sub":"Retail","name":null,"area":0.05913629414,"main":"Commercial","domain":"Built-up"},"geometry":{"type":"Polygon","coordinates":[[[79.864679,6.842541],[79.86442,6.842516],[79.864419,6.842717],[79.864671,6.842718],[79.864679,6.842541]]]}},{"type":"Feature","properties":{"sub":"Retail","name":null,"area":0.0326869548,"main":"Commercial","domain":"Built-up"},"geometry":{"type":"Polygon","coordinates":[[[79.862905,6.84248],[79.862903,6.842546],[79.863061,6.842539],[79.863054,6.842369],[79.862916,6.842357],[79.862905,6.84248]]]}},{"type":"Feature","properties":{"sub":"Retail","name":null,"area":0.02575853623,"main":"Commercial","domain":"Built-up"},"geometry":{"type":"Polygon","coordinates":[[[79.865424,6.842632],[79.865301,6.84262],[79.865288,6.842794],[79.865411,6.8428],[79.865424,6.842632]]]}},{"type":"Feature","properties":{"sub":"Retail","name":null,"area":0.277230255,"main":"Commercial","domain":"Built-up"},"geometry":{"type":"Polygon","coordinates":[[[79.863283,6.841875],[79.862969,6.841847],[79.862932,6.842169],[79.862922,6.842284],[79.863181,6.842321],[79.863594,6.842369],[79.863603,6.842127],[79.863277,6.842099],[79.863283,6.841875]]]}},{"type":"Feature","properties":{"sub":"Low Rise","name":null,"area":0.84993823856,"main":"Residential","domain":"Built-up"},"geometry":{"type":"Polygon","coordinates":[[[79.863013,6.8414],[79.862987,6.841695],[79.862969,6.841847],[79.863902,6.84193],[79.863871,6.842402],[79.864131,6.842432],[79.864141,6.842375],[79.864175,6.842002],[79.864194,6.841969],[79.86423,6.841936],[79.864176,6.841928],[79.864198,6.841716],[79.863979,6.84168],[79.863934,6.841671],[79.863937,6.841538],[79.863013,6.8414]]]}},{"type":"Feature","properties":{"sub":"Retail","name":null,"area":0.516328111,"main":"Commercial","domain":"Built-up"},"geometry":{"type":"Polygon","coordinates":[[[79.866553,6.84193],[79.866544,6.842024],[79.866367,6.842011],[79.866359,6.842187],[79.866313,6.842431],[79.866306,6.842685],[79.866519,6.84271],[79.866531,6.842714],[79.866622,6.84245],[79.866725,6.842143],[79.866779,6.841963],[79.866553,6.84193]]]}},{"type":"Feature","properties":{"sub":"Low Rise","name":null,"area":3.55606852968,"main":"Residential","domain":"Built-up"},"geometry":{"type":"Polygon","coordinates":[[[79.865266,6.841737],[79.865165,6.841732],[79.865166,6.841722],[79.864478,6.841619],[79.86445,6.841919],[79.864437,6.841945],[79.86443,6.841952],[79.864407,6.841955],[79.864289,6.841945],[79.864263,6.841958],[79.86424,6.842],[79.864213,6.8422],[79.86419,6.842434],[79.864852,6.842506],[79.865225,6.842552],[79.865803,6.842616],[79.866306,6.84268],[79.866313,6.842426],[79.866359,6.842182],[79.866367,6.842007],[79.866544,6.842019],[79.866553,6.84193],[79.865266,6.841737]]]}},{"type":"Feature","properties":{"sub":"Low Rise","name":null,"area":0.97520752776,"main":"Residential","domain":"Built-up"},"geometry":{"type":"Polygon","coordinates":[[[79.870418,6.84275],[79.870423,6.842757],[79.870461,6.842781],[79.870418,6.84275]]]}},{"type":"Feature","properties":{"sub":"Retail","name":null,"area":0.12797073495,"main":"Commercial","domain":"Built-up"},"geometry":{"type":"Polygon","coordinates":[[[79.866639,6.844619],[79.866657,6.844266],[79.866374,6.844274],[79.866359,6.844463],[79.866343,6.844595],[79.866348,6.844622],[79.866369,6.844638],[79.866411,6.844643],[79.866639,6.844619]]]}},{"type":"Feature","properties":{"sub":"Retail","name":null,"area":0.19218310557,"main":"Commercial","domain":"Built-up"},"geometry":{"type":"Polygon","coordinates":[[[79.866802,6.843407],[79.866786,6.843405],[79.866658,6.843373],[79.866523,6.843348],[79.866504,6.84342],[79.866429,6.843806],[79.86641,6.843965],[79.866466,6.843965],[79.866553,6.843943],[79.866635,6.843914],[79.866711,6.843901],[79.866722,6.84368],[79.86673,6.843597],[79.866802,6.843407]]]}},{"type":"Feature","properties":{"sub":"Low Rise","name":null,"area":0.36829402157,"main":"Residential","domain":"Built-up"},"geometry":{"type":"Polygon","coordinates":[[[79.866953,6.843422],[79.866802,6.843407],[79.86673,6.843597],[79.866722,6.84368],[79.866711,6.843901],[79.866736,6.843897],[79.866782,6.843884],[79.866832,6.843879],[79.866938,6.843877],[79.866985,6.843866],[79.867282,6.84384],[79.867452,6.843807],[79.867403,6.843512],[79.867383,6.843512],[79.867378,6.843466],[79.867359,6.843437],[79.867334,6.843413],[79.867236,6.843406],[79.867111,6.843407],[79.866953,6.843422]]]}},{"type":"Feature","properties":{"sub":"Retail","name":null,"area":0.18155228481,"main":"Commercial","domain":"Built-up"},"geometry":{"type":"Polygon","coordinates":[[[79.866679,6.842774],[79.866643,6.842896],[79.866535,6.843302],[79.866627,6.843325],[79.866728,6.843342],[79.866827,6.843371],[79.866863,6.843373],[79.86689,6.843122],[79.866818,6.843114],[79.866838,6.842975],[79.866885,6.842787],[79.86673,6.842746],[79.866679,6.842774]]]}},{"type":"Feature","properties":{"sub":"Low Rise","name":null,"area":1.28987920208,"main":"Residential","domain":"Built-up"},"geometry":{"type":"Polygon","coordinates":[[[79.867658,6.843918],[79.867366,6.84387],[79.867263,6.843872],[79.867058,6.84391],[79.866945,6.843922],[79.866661,6.843962],[79.866648,6.843962],[79.866548,6.843987],[79.866449,6.844023],[79.866398,6.844067],[79.866381,6.844217],[79.866663,6.844214],[79.866672,6.844266],[79.866657,6.844266],[79.866639,6.844619],[79.866899,6.844602],[79.867042,6.844565],[79.867217,6.844533],[79.867397,6.844486],[79.867498,6.844465],[79.867647,6.844423],[79.867891,6.844371],[79.868193,6.844318],[79.868394,6.844287],[79.868532,6.844261],[79.86903,6.844198],[79.869082,6.844194],[79.869075,6.844182],[79.868954,6.844163],[79.868677,6.844111],[79.868442,6.84406],[79.868156,6.843975],[79.868018,6.843946],[79.867764,6.843918],[79.867658,6.843918]]]}},{"type":"Feature","properties":{"sub":"Low Rise","name":null,"area":0.6611215634,"main":"Residential","domain":"Built-up"},"geometry":{"type":"Polygon","coordinates":[[[79.867971,6.843382],[79.868029,6.843134],[79.867996,6.843103],[79.867947,6.843076],[79.867916,6.84305],[79.867882,6.843006],[79.867828,6.84298],[79.867782,6.842947],[79.867704,6.842928],[79.867556,6.842906],[79.867436,6.842898],[79.867336,6.842895],[79.867223,6.842865],[79.867082,6.842834],[79.866885,6.842787],[79.866838,6.842975],[79.866818,6.843114],[79.86689,6.843122],[79.866863,6.843373],[79.86697,6.843376],[79.867188,6.843363],[79.867325,6.843363],[79.867404,6.843379],[79.867455,6.843393],[79.867465,6.843465],[79.867554,6.84337],[79.867971,6.843382]]]}},{"type":"Feature","properties":{"sub":"Retail","name":null,"area":0.02417568043,"main":"Commercial","domain":"Built-up"},"geometry":{"type":"Polygon","coordinates":[[[79.869477,6.843186],[79.869415,6.843183],[79.869362,6.843183],[79.869327,6.843166],[79.869327,6.843313],[79.869474,6.843317],[79.869477,6.843186]]]}},{"type":"Feature","properties":{"sub":"Low Rise","name":null,"area":1.47625567576,"main":"Residential","domain":"Built-up"},"geometry":{"type":"Polygon","coordinates":[[[79.868309,6.843841],[79.8683,6.843987],[79.868533,6.84404],[79.868688,6.844072],[79.868809,6.844106],[79.869041,6.844145],[79.869132,6.844164],[79.869164,6.844176],[79.869226,6.844181],[79.869283,6.844173],[79.869377,6.844045],[79.869472,6.843869],[79.869489,6.843847],[79.869554,6.843805],[79.869631,6.843762],[79.869703,6.843733],[79.869718,6.843692],[79.869716,6.843655],[79.869706,6.843569],[79.869697,6.843348],[79.869683,6.843187],[79.869637,6.843192],[79.869477,6.843186],[79.869473,6.843316],[79.869326,6.843312],[79.869326,6.843165],[79.869265,6.843143],[79.86919,6.843146],[79.869117,6.843162],[79.869028,6.843177],[79.868806,6.843228],[79.868567,6.843233],[79.868298,6.843221],[79.86824,6.843416],[79.867971,6.843381],[79.867986,6.843546],[79.868311,6.843572],[79.868307,6.84377],[79.868309,6.843841]]]}},{"type":"Feature","properties":{"sub":"Low Rise","name":null,"area":2.40731226587,"main":"Residential","domain":"Built-up"},"geometry":{"type":"Polygon","coordinates":[[[79.869679,6.842423],[79.869642,6.842481],[79.869631,6.842571],[79.869642,6.842624],[79.869641,6.8428],[79.86965,6.842865],[79.86968,6.842928],[79.869712,6.843082],[79.869734,6.843239],[79.869745,6.843509],[79.869761,6.843628],[79.869745,6.843736],[79.869731,6.843761],[79.869582,6.84384],[79.869539,6.843851],[79.869368,6.844126],[79.869341,6.844181],[79.869335,6.844219],[79.869475,6.844312],[79.869602,6.84441],[79.869773,6.844596],[79.86988,6.844739],[79.870069,6.844486],[79.870339,6.844174],[79.870541,6.843952],[79.870658,6.84382],[79.870879,6.843592],[79.871063,6.843392],[79.871136,6.84329],[79.87101,6.843199],[79.870846,6.843106],[79.87069,6.842995],[79.870609,6.842944],[79.870566,6.842898],[79.870476,6.842853],[79.87037,6.842792],[79.870315,6.842716],[79.870238,6.842663],[79.870083,6.842582],[79.870024,6.842539],[79.869984,6.842507],[79.869884,6.842449],[79.869791,6.842424],[79.869679,6.842423]]]}},{"type":"Feature","properties":{"sub":"Retail","name":null,"area":0.32175107277,"main":"Commercial","domain":"Built-up"},"geometry":{"type":"Polygon","coordinates":[[[79.866711,6.842671],[79.866792,6.842706],[79.867304,6.842848],[79.867322,6.84273],[79.867025,6.842603],[79.867065,6.842433],[79.867145,6.842453],[79.867237,6.842083],[79.867224,6.842079],[79.867036,6.842046],[79.86695,6.842025],[79.866923,6.842014],[79.866797,6.842387],[79.866711,6.842671]]]}},{"type":"Feature","properties":{"sub":"Low Rise","name":null,"area":0.94689155185,"main":"Residential","domain":"Built-up"},"geometry":{"type":"Polygon","coordinates":[[[79.866085,6.84311],[79.866106,6.842873],[79.866106,6.842843],[79.865676,6.842793],[79.865691,6.842664],[79.865562,6.842649],[79.865544,6.842809],[79.865411,6.8428],[79.865288,6.842794],[79.865301,6.84262],[79.865163,6.842606],[79.86477,6.842549],[79.864679,6.842541],[79.864671,6.842718],[79.864419,6.842717],[79.86442,6.842516],[79.864046,6.84247],[79.863672,6.842436],[79.863671,6.842609],[79.863931,6.842678],[79.864358,6.842717],[79.86434,6.843015],[79.864367,6.843015],[79.864598,6.843043],[79.864749,6.843038],[79.865228,6.843044],[79.865524,6.843061],[79.865976,6.843094],[79.86604,6.843105],[79.866085,6.84311]]]}},{"type":"Feature","properties":{"sub":"Retail","name":null,"area":0.23687827943,"main":"Commercial","domain":"Built-up"},"geometry":{"type":"Polygon","coordinates":[[[79.866017,6.842706],[79.865691,6.842664],[79.865676,6.842793],[79.866106,6.842843],[79.866106,6.842873],[79.866085,6.84311],[79.866228,6.843127],[79.866271,6.843127],[79.866331,6.843132],[79.866384,6.843132],[79.866417,6.843111],[79.866455,6.842933],[79.866513,6.842765],[79.866437,6.842752],[79.866017,6.842706]]]}},{"type":"Feature","properties":{"sub":"Retail","name":null,"area":2.00902441574,"main":"Commercial","domain":"Built-up"},"geometry":{"type":"Polygon","coordinates":[[[79.862758,6.841362],[79.86271,6.841826],[79.8626,6.842712],[79.862587,6.842895],[79.862587,6.842931],[79.862821,6.842935],[79.862817,6.842788],[79.862827,6.842533],[79.862846,6.842188],[79.862899,6.841694],[79.862904,6.841625],[79.862934,6.841388],[79.862758,6.841362]]]}},{"type":"Feature","properties":{"sub":"Water","name":null,"area":0.29090067277,"main":"Water","domain":"Non Built-up"},"geometry":{"type":"Polygon","coordinates":[[[79.874941,6.861618],[79.875208,6.861581],[79.875852,6.861359],[79.875908,6.86132],[79.875873,6.861271],[79.87577,6.861321],[79.875606,6.861404],[79.875469,6.861457],[79.875348,6.861495],[79.875195,6.861525],[79.875013,6.86157],[79.874903,6.861593],[79.874671,6.861627],[79.874527,6.861626],[79.874196,6.861641],[79.874071,6.861656],[79.873808,6.861663],[79.87377,6.861667],[79.87377,6.861732],[79.874941,6.861618]]]}},{"type":"Feature","properties":{"sub":"Water","name":null,"area":1.10976239639,"main":"Water","domain":"Non Built-up"},"geometry":{"type":"Polygon","coordinates":[[[79.875968,6.861278],[79.876357,6.861007],[79.876613,6.860692],[79.876942,6.860227],[79.877541,6.858929],[79.877791,6.858356],[79.877795,6.858331],[79.877806,6.858289],[79.877829,6.858255],[79.877847,6.858236],[79.877966,6.857978],[79.878123,6.857518],[79.878124,6.857368],[79.878037,6.85665],[79.877959,6.856035],[79.8779,6.85559],[79.877892,6.855535],[79.877889,6.855527],[79.877889,6.855514],[79.877789,6.854774],[79.877766,6.854643],[79.877735,6.854516],[79.877724,6.854478],[79.87772,6.854357],[79.877687,6.854114],[79.877683,6.854063],[79.877663,6.853908],[79.877619,6.85381],[79.877626,6.853772],[79.877625,6.853633],[79.877496,6.852886],[79.877452,6.852387],[79.877318,6.851399],[79.877277,6.850985],[79.877198,6.850311],[79.877185,6.850157],[79.877181,6.850133],[79.877182,6.850121],[79.877173,6.850004],[79.87717,6.849993],[79.877152,6.849821],[79.877133,6.849693],[79.877083,6.849704],[79.877083,6.849715],[79.877115,6.850055],[79.877118,6.85015],[79.877141,6.850352],[79.877156,6.850397],[79.877178,6.850583],[79.877214,6.850973],[79.87724,6.851105],[79.877247,6.851216],[79.877251,6.851311],[79.877277,6.851428],[79.877289,6.851573],[79.877288,6.851645],[79.877311,6.851728],[79.87732,6.851886],[79.877354,6.852042],[79.877358,6.852152],[79.877365,6.85219],[79.877399,6.852251],[79.877403,6.852292],[79.877403,6.852376],[79.877422,6.852414],[79.877429,6.8526],[79.877448,6.852691],[79.877442,6.85275],[79.877446,6.852788],[79.877461,6.852856],[79.877487,6.852917],[79.877495,6.852963],[79.877495,6.853084],[79.877506,6.85321],[79.87754,6.853411],[79.877559,6.853453],[79.87757,6.853502],[79.877568,6.853626],[79.877583,6.85369],[79.877602,6.853888],[79.877601,6.853937],[79.877609,6.853986],[79.877628,6.854036],[79.877647,6.854154],[79.877682,6.854281],[79.877682,6.854323],[79.877671,6.854353],[79.877671,6.854418],[79.87769,6.854524],[79.877689,6.854604],[79.877712,6.854657],[79.877738,6.854816],[79.877838,6.855301],[79.877834,6.855403],[79.877834,6.855551],[79.877837,6.855734],[79.87786,6.855848],[79.87786,6.855954],[79.877896,6.856093],[79.877918,6.856237],[79.877959,6.856537],[79.877986,6.856769],[79.878,6.857023],[79.878017,6.857086],[79.878043,6.857287],[79.878062,6.8575],[79.878058,6.857572],[79.878039,6.857678],[79.877984,6.857775],[79.877957,6.857836],[79.877869,6.85801],[79.877831,6.858101],[79.877808,6.858185],[79.877747,6.858287],[79.87772,6.858355],[79.877686,6.858408],[79.877663,6.85845],[79.877585,6.858672],[79.877509,6.858816],[79.877448,6.85901],[79.877337,6.859249],[79.877207,6.859587],[79.877121,6.859767],[79.877045,6.859903],[79.876988,6.860017],[79.876953,6.860116],[79.876896,6.860207],[79.876858,6.86026],[79.876769,6.860402],[79.876681,6.860508],[79.876651,6.860535],[79.876609,6.860603],[79.876521,6.860728],[79.876411,6.860922],[79.876319,6.861005],[79.876239,6.861039],[79.876163,6.861096],[79.876072,6.861153],[79.876,6.861191],[79.875937,6.861232],[79.875968,6.861278]]]}},{"type":"Feature","properties":{"sub":"Water","name":null,"area":7.60842645599,"main":"Water","domain":"Non Built-up"},"geometry":{"type":"Polygon","coordinates":[[[79.87712,6.849367],[79.877123,6.849188],[79.877175,6.848587],[79.877187,6.84825],[79.877246,6.847262],[79.877254,6.847099],[79.877188,6.8471],[79.877149,6.847908],[79.877128,6.848864],[79.877092,6.849235],[79.877094,6.849635],[79.877137,6.849626],[79.87712,6.849367]]]}},{"type":"Feature","properties":{"sub":"Retail","name":null,"area":0.09248050875,"main":"Commercial","domain":"Built-up"},"geometry":{"type":"Polygon","coordinates":[[[79.867483,6.859404],[79.867483,6.859412],[79.867356,6.859432],[79.867366,6.859663],[79.867591,6.859597],[79.867708,6.859557],[79.867744,6.859536],[79.867687,6.859373],[79.867483,6.859404]]]}},{"type":"Feature","properties":{"sub":"Low Rise","name":null,"area":4.55960289105,"main":"Residential","domain":"Built-up"},"geometry":{"type":"MultiPolygon","coordinates":[[[[79.868212,6.859116],[79.868255,6.859089],[79.868313,6.859061],[79.868356,6.859045],[79.868428,6.859014],[79.868552,6.85898],[79.868642,6.858945],[79.868768,6.858909],[79.868822,6.858887],[79.868954,6.858824],[79.869038,6.858772],[79.869078,6.858734],[79.86924,6.858596],[79.869402,6.858453],[79.86949,6.858393],[79.869666,6.858258],[79.869817,6.858131],[79.869845,6.857633],[79.869758,6.857538],[79.86964,6.857476],[79.869561,6.857453],[79.869465,6.857442],[79.869392,6.857425],[79.869307,6.857396],[79.869223,6.857385],[79.869211,6.857396],[79.869194,6.857424],[79.869177,6.857526],[79.869143,6.857802],[79.869092,6.858135],[79.869052,6.858134],[79.869121,6.857582],[79.869172,6.857323],[79.86923,6.856759],[79.869224,6.856658],[79.869213,6.856618],[79.869185,6.856596],[79.86916,6.856595],[79.869041,6.85666],[79.8691,6.856866],[79.868891,6.856771],[79.868904,6.856712],[79.868845,6.856721],[79.86879,6.856726],[79.868712,6.856722],[79.868639,6.856715],[79.868487,6.856682],[79.868514,6.856809],[79.868373,6.857069],[79.868513,6.857448],[79.868828,6.857395],[79.868804,6.858371],[79.867958,6.858271],[79.867947,6.858618],[79.867188,6.858628],[79.867155,6.858411],[79.867068,6.858411],[79.867068,6.858424],[79.866786,6.858405],[79.866607,6.858371],[79.866487,6.858703],[79.866398,6.858976],[79.86638,6.859082],[79.866361,6.859152],[79.866482,6.859168],[79.866611,6.859178],[79.866869,6.859193],[79.867127,6.859194],[79.86731,6.85916],[79.867508,6.85913],[79.86786,6.859106],[79.867867,6.859143],[79.867886,6.859117],[79.868072,6.859226],[79.868212,6.859116]]],[[[79.867483,6.859404],[79.867687,6.859373],[79.867744,6.859536],[79.867751,6.859533],[79.867822,6.859472],[79.867715,6.859352],[79.86785,6.859166],[79.867751,6.85919],[79.867508,6.859229],[79.867151,6.859258],[79.867037,6.859258],[79.86675,6.859238],[79.866335,6.859201],[79.8663,6.859362],[79.866502,6.859391],[79.866487,6.859529],[79.866452,6.859777],[79.866471,6.859802],[79.866521,6.859812],[79.866679,6.859827],[79.866818,6.859807],[79.866898,6.859793],[79.866947,6.859763],[79.866982,6.859733],[79.867002,6.859471],[79.867483,6.859393],[79.867483,6.859404]]],[[[79.867032,6.859481],[79.867022,6.859694],[79.867031,6.859753],[79.867046,6.859763],[79.867082,6.859763],[79.867126,6.859739],[79.867211,6.85971],[79.867366,6.859663],[79.867356,6.859432],[79.867032,6.859481]]]]}},{"type":"Feature","properties":{"sub":"Retail","name":null,"area":0.0729789509,"main":"Commercial","domain":"Built-up"},"geometry":{"type":"Polygon","coordinates":[[[79.867867,6.859143],[79.86787,6.859161],[79.86785,6.859166],[79.867715,6.859352],[79.867822,6.859472],[79.867888,6.859411],[79.867987,6.859315],[79.868048,6.859243],[79.868072,6.859226],[79.867886,6.859117],[79.867867,6.859143]]]}},{"type":"Feature","properties":{"sub":"Low Rise","name":null,"area":0.09488668636,"main":"Residential","domain":"Built-up"},"geometry":{"type":"Polygon","coordinates":[[[79.860245,6.86155],[79.860228,6.86175],[79.860627,6.861772],[79.860645,6.861587],[79.860245,6.86155]]]}},{"type":"Feature","properties":{"sub":"Mosque","name":"Masjidur Rahman Jumma Mosque","area":0.13086085504,"main":"Cultural","domain":"Built-up"},"geometry":{"type":"Polygon","coordinates":[[[79.860325,6.861283],[79.860255,6.86142],[79.860245,6.86155],[79.860645,6.861587],[79.860673,6.861306],[79.860428,6.861294],[79.860325,6.861283]]]}},{"type":"Feature","properties":{"sub":"High Rise","name":"Span Tower 9","area":0.30026339613,"main":"Residential","domain":"Built-up"},"geometry":{"type":"Polygon","coordinates":[[[79.861201,6.861345],[79.860774,6.861311],[79.860673,6.861306],[79.860627,6.861772],[79.860895,6.861788],[79.861148,6.861795],[79.861156,6.861797],[79.861201,6.861345]]]}},{"type":"Feature","properties":{"sub":"Parking","name":null,"area":0.1847239868,"main":"Transport","domain":"Built-up"},"geometry":{"type":"Polygon","coordinates":[[[79.866292,6.860534],[79.866232,6.860514],[79.866051,6.861241],[79.866331,6.861311],[79.86637,6.861199],[79.866429,6.860999],[79.866254,6.860949],[79.866311,6.860713],[79.866357,6.86056],[79.866331,6.860539],[79.866292,6.860534]]]}},{"type":"Feature","properties":{"sub":"Under Construction","name":null,"area":0.13322565446,"main":"Under Construction","domain":"Built-up"},"geometry":{"type":"Polygon","coordinates":[[[79.864321,6.860331],[79.864265,6.860578],[79.864674,6.860627],[79.864712,6.860611],[79.864744,6.860404],[79.864709,6.860382],[79.864321,6.860331]]]}},{"type":"Feature","properties":{"sub":"High Rise","name":null,"area":0.03068137941,"main":"Residential","domain":"Built-up"},"geometry":{"type":"Polygon","coordinates":[[[79.863467,6.862166],[79.863324,6.862157],[79.863316,6.862346],[79.863453,6.862335],[79.863467,6.862166]]]}},{"type":"Feature","properties":{"sub":"Temple/Shrine","name":"Sri Ananda Dharmaraja Temple","area":0.06708788962,"main":"Cultural","domain":"Built-up"},"geometry":{"type":"Polygon","coordinates":[[[79.863458,6.862922],[79.863372,6.862941],[79.863327,6.862936],[79.863241,6.862919],[79.863163,6.862923],[79.863265,6.86303],[79.863314,6.863057],[79.863386,6.863075],[79.863436,6.863129],[79.863535,6.863152],[79.863556,6.863166],[79.863589,6.863015],[79.863458,6.862922]]]}},{"type":"Feature","properties":{"sub":"Low Rise","name":null,"area":0.36847864685,"main":"Residential","domain":"Built-up"},"geometry":{"type":"Polygon","coordinates":[[[79.862482,6.862194],[79.862532,6.862198],[79.862677,6.862233],[79.862884,6.862269],[79.862927,6.862302],[79.862986,6.86234],[79.863146,6.86234],[79.863316,6.862346],[79.863324,6.862157],[79.863467,6.862166],[79.863481,6.861981],[79.863203,6.861956],[79.862706,6.86193],[79.862677,6.86193],[79.862648,6.861936],[79.86262,6.861978],[79.862594,6.862003],[79.862546,6.862025],[79.862501,6.862025],[79.862489,6.862144],[79.862482,6.862194]]]}},{"type":"Feature","properties":{"sub":"High Rise","name":null,"area":0.02036445069,"main":"Residential","domain":"Built-up"},"geometry":{"type":"Polygon","coordinates":[[[79.862387,6.862187],[79.862482,6.862194],[79.862489,6.862144],[79.862501,6.862025],[79.862395,6.862023],[79.862392,6.862137],[79.862387,6.862187]]]}},{"type":"Feature","properties":{"sub":"High Rise","name":null,"area":0.08041708123,"main":"Residential","domain":"Built-up"},"geometry":{"type":"Polygon","coordinates":[[[79.862557,6.861458],[79.862467,6.861448],[79.862292,6.861434],[79.862268,6.861692],[79.86253,6.861695],[79.862557,6.861458]]]}},{"type":"Feature","properties":{"sub":"High Rise","name":null,"area":0.09407349463,"main":"Residential","domain":"Built-up"},"geometry":{"type":"Polygon","coordinates":[[[79.862036,6.861413],[79.861736,6.861389],[79.861719,6.861656],[79.862015,6.861662],[79.862036,6.861413]]]}},{"type":"Feature","properties":{"sub":"High Rise","name":null,"area":0.27327235529,"main":"Residential","domain":"Built-up"},"geometry":{"type":"Polygon","coordinates":[[[79.862514,6.860649],[79.86179,6.860566],[79.861761,6.860887],[79.862494,6.860938],[79.862514,6.860649]]]}},{"type":"Feature","properties":{"sub":"Low Rise","name":null,"area":0.06581385978,"main":"Residential","domain":"Built-up"},"geometry":{"type":"Polygon","coordinates":[[[79.862049,6.86217],[79.862306,6.862181],[79.862387,6.862187],[79.862392,6.862137],[79.862395,6.862023],[79.86205,6.862018],[79.862049,6.86217]]]}},{"type":"Feature","properties":{"sub":"Barren Land","name":null,"area":0.08693106173,"main":"Barren Land","domain":"Non Built-up"},"geometry":{"type":"Polygon","coordinates":[[[79.861448,6.862221],[79.861461,6.862018],[79.861287,6.862018],[79.861242,6.862015],[79.861223,6.861999],[79.86121,6.86198],[79.861138,6.862085],[79.861128,6.862259],[79.861304,6.862243],[79.861448,6.862221]]]}},{"type":"Feature","properties":{"sub":"Factory","name":null,"area":0.18573913426,"main":"Industrial","domain":"Built-up"},"geometry":{"type":"Polygon","coordinates":[[[79.860188,6.860692],[79.860426,6.860711],[79.860418,6.860659],[79.860407,6.860437],[79.860468,6.860212],[79.86051,6.860099],[79.860219,6.860077],[79.860164,6.860668],[79.860188,6.860692]]]}},{"type":"Feature","properties":{"sub":"Government","name":null,"area":0.0330792378,"main":"Institutional","domain":"Built-up"},"geometry":{"type":"Polygon","coordinates":[[[79.861594,6.860156],[79.861403,6.860136],[79.861386,6.860278],[79.861579,6.860293],[79.861594,6.860156]]]}},{"type":"Feature","properties":{"sub":"Park/Square","name":"Childrens park","area":0.07993987103,"main":"Public Space","domain":"Built-up"},"geometry":{"type":"Polygon","coordinates":[[[79.861211,6.860373],[79.861065,6.860353],[79.861049,6.860545],[79.861022,6.860764],[79.861196,6.860781],[79.861211,6.860373]]]}},{"type":"Feature","properties":{"sub":"High Rise","name":null,"area":0.07546946828,"main":"Residential","domain":"Built-up"},"geometry":{"type":"Polygon","coordinates":[[[79.861926,6.858474],[79.861726,6.858447],[79.861688,6.858693],[79.861932,6.858722],[79.861961,6.858574],[79.861974,6.858493],[79.861965,6.858474],[79.861926,6.858474]]]}},{"type":"Feature","properties":{"sub":"High Rise","name":null,"area":0.10867048697,"main":"Residential","domain":"Built-up"},"geometry":{"type":"Polygon","coordinates":[[[79.862447,6.858527],[79.862346,6.858505],[79.862089,6.858483],[79.862031,6.858482],[79.862012,6.858505],[79.861979,6.858675],[79.862204,6.858704],[79.862407,6.858724],[79.862447,6.858527]]]}},{"type":"Feature","properties":{"sub":"High Rise","name":null,"area":0.06459999466,"main":"Residential","domain":"Built-up"},"geometry":{"type":"Polygon","coordinates":[[[79.861494,6.859178],[79.86133,6.85916],[79.861289,6.859468],[79.86146,6.859492],[79.861494,6.859178]]]}},{"type":"Feature","properties":{"sub":"Under Construction","name":null,"area":0.10837529504,"main":"Under Construction","domain":"Built-up"},"geometry":{"type":"Polygon","coordinates":[[[79.86178,6.859479],[79.861819,6.859272],[79.86181,6.859216],[79.861794,6.8592],[79.861582,6.859186],[79.861494,6.859176],[79.861465,6.859443],[79.86178,6.859479]]]}},{"type":"Feature","properties":{"sub":"High Rise","name":null,"area":0.09172368691,"main":"Residential","domain":"Built-up"},"geometry":{"type":"Polygon","coordinates":[[[79.862007,6.858397],[79.862032,6.858262],[79.862046,6.858204],[79.861702,6.85814],[79.861662,6.858362],[79.861986,6.858405],[79.862007,6.858397]]]}},{"type":"Feature","properties":{"sub":"High Rise","name":null,"area":0.09269934317,"main":"Residential","domain":"Built-up"},"geometry":{"type":"Polygon","coordinates":[[[79.862568,6.857902],[79.862508,6.858103],[79.862861,6.858174],[79.862907,6.857957],[79.862568,6.857902]]]}},{"type":"Feature","properties":{"sub":"High Rise","name":null,"area":0.20175222795,"main":"Residential","domain":"Built-up"},"geometry":{"type":"Polygon","coordinates":[[[79.862624,6.857703],[79.862275,6.857635],[79.862246,6.857635],[79.862221,6.857644],[79.862195,6.857683],[79.862146,6.857984],[79.862146,6.858009],[79.862156,6.858029],[79.862191,6.858041],[79.862505,6.858105],[79.862624,6.857703]]]}},{"type":"Feature","properties":{"sub":"Parking","name":"IFS Car Park - Albert Place","area":0.09110671931,"main":"Transport","domain":"Built-up"},"geometry":{"type":"Polygon","coordinates":[[[79.86275,6.858559],[79.86295,6.858607],[79.863104,6.858635],[79.863151,6.85844],[79.862793,6.858359],[79.86275,6.858559]]]}},{"type":"Feature","properties":{"sub":"Low Rise","name":null,"area":0.20593192024,"main":"Residential","domain":"Built-up"},"geometry":{"type":"Polygon","coordinates":[[[79.862328,6.859282],[79.862142,6.859251],[79.861934,6.859225],[79.861882,6.859241],[79.861865,6.8593],[79.861806,6.859569],[79.861819,6.859589],[79.861874,6.859592],[79.862278,6.859633],[79.862328,6.859282]]]}},{"type":"Feature","properties":{"sub":"High Rise","name":null,"area":0.18324798326,"main":"Residential","domain":"Built-up"},"geometry":{"type":"Polygon","coordinates":[[[79.862776,6.859352],[79.862642,6.859335],[79.862328,6.859282],[79.862278,6.859633],[79.862393,6.859644],[79.862637,6.859664],[79.862637,6.859668],[79.86271,6.859675],[79.862776,6.859352]]]}},{"type":"Feature","properties":{"sub":"High Rise","name":null,"area":0.08074406094,"main":"Residential","domain":"Built-up"},"geometry":{"type":"Polygon","coordinates":[[[79.863255,6.860747],[79.863012,6.860715],[79.862984,6.860993],[79.863228,6.861006],[79.863255,6.860747]]]}},{"type":"Feature","properties":{"sub":"High Rise","name":null,"area":0.10420672265,"main":"Residential","domain":"Built-up"},"geometry":{"type":"Polygon","coordinates":[[[79.863467,6.861217],[79.863208,6.861192],[79.863088,6.861185],[79.863051,6.861412],[79.863147,6.861416],[79.863432,6.861432],[79.863467,6.861217]]]}},{"type":"Feature","properties":{"sub":"Dispensary","name":null,"area":0.03750204456,"main":"Institutional","domain":"Built-up"},"geometry":{"type":"Polygon","coordinates":[[[79.861672,6.860245],[79.86169,6.860454],[79.861713,6.860492],[79.8618,6.860495],[79.861832,6.860276],[79.861672,6.860245]]]}},{"type":"Feature","properties":{"sub":"High Rise","name":null,"area":0.07155038578,"main":"Residential","domain":"Built-up"},"geometry":{"type":"Polygon","coordinates":[[[79.861881,6.860498],[79.861963,6.860501],[79.862102,6.860518],[79.862139,6.860257],[79.86192,6.860231],[79.861881,6.860498]]]}},{"type":"Feature","properties":{"sub":"Barren Land","name":null,"area":0.09492660286,"main":"Barren Land","domain":"Non Built-up"},"geometry":{"type":"Polygon","coordinates":[[[79.862904,6.860612],[79.863299,6.860678],[79.863312,6.860527],[79.863138,6.860511],[79.863143,6.860399],[79.862924,6.860394],[79.862904,6.860612]]]}},{"type":"Feature","properties":{"sub":"High Rise","name":null,"area":0.10509120318,"main":"Residential","domain":"Built-up"},"geometry":{"type":"Polygon","coordinates":[[[79.863934,6.860423],[79.863546,6.86039],[79.863529,6.860603],[79.863904,6.860656],[79.863934,6.860423]]]}},{"type":"Feature","properties":{"sub":"Banks","name":"People's Bank","area":0.01499921508,"main":"Commercial","domain":"Built-up"},"geometry":{"type":"Polygon","coordinates":[[[79.863848,6.861211],[79.863978,6.861225],[79.863999,6.861134],[79.863866,6.861118],[79.863848,6.861211]]]}},{"type":"Feature","properties":{"sub":"Low Rise","name":null,"area":0.09355428396,"main":"Residential","domain":"Built-up"},"geometry":{"type":"Polygon","coordinates":[[[79.861884,6.86217],[79.861883,6.862016],[79.861795,6.862014],[79.861461,6.862018],[79.861448,6.862221],[79.861884,6.86217]]]}},{"type":"Feature","properties":{"sub":"Barren Land","name":null,"area":0.03064561903,"main":"Barren Land","domain":"Non Built-up"},"geometry":{"type":"Polygon","coordinates":[[[79.861884,6.86217],[79.86197,6.862167],[79.862049,6.86217],[79.86205,6.862018],[79.861883,6.862016],[79.861884,6.86217]]]}},{"type":"Feature","properties":{"sub":"Banks","name":"Amana Bank","area":0.0734480234,"main":"Commercial","domain":"Built-up"},"geometry":{"type":"Polygon","coordinates":[[[79.863864,6.861787],[79.863519,6.861754],[79.863463,6.861917],[79.863793,6.861951],[79.863812,6.861948],[79.863833,6.861932],[79.863864,6.861787]]]}},{"type":"Feature","properties":{"sub":"Low Rise","name":null,"area":0.13070443825,"main":"Residential","domain":"Built-up"},"geometry":{"type":"Polygon","coordinates":[[[79.860887,6.859688],[79.860724,6.859679],[79.86035,6.859652],[79.860269,6.859649],[79.860257,6.859753],[79.860254,6.859794],[79.860256,6.859814],[79.860868,6.859867],[79.860887,6.859688]]]}},{"type":"Feature","properties":{"sub":"Under Construction","name":null,"area":0.03150732058,"main":"Under Construction","domain":"Built-up"},"geometry":{"type":"Polygon","coordinates":[[[79.861029,6.859696],[79.860887,6.859688],[79.860868,6.859867],[79.861006,6.859882],[79.861029,6.859696]]]}},{"type":"Feature","properties":{"sub":"Retail","name":null,"area":0.88419200964,"main":"Commercial","domain":"Built-up"},"geometry":{"type":"Polygon","coordinates":[[[79.859871,6.860532],[79.85985,6.860605],[79.859845,6.86088],[79.859788,6.861264],[79.859757,6.861426],[79.859754,6.861602],[79.859712,6.861759],[79.859721,6.861942],[79.859723,6.862187],[79.859764,6.862247],[79.859773,6.862306],[79.859747,6.862373],[79.859744,6.86252],[79.859755,6.86252],[79.859826,6.862565],[79.859858,6.862597],[79.859882,6.862599],[79.859908,6.862381],[79.860055,6.860942],[79.860119,6.860236],[79.860195,6.859485],[79.860257,6.858927],[79.860282,6.858729],[79.860152,6.858712],[79.860135,6.858795],[79.860133,6.85889],[79.860028,6.859438],[79.860011,6.859666],[79.860004,6.859885],[79.859992,6.860078],[79.859964,6.860235],[79.859933,6.860478],[79.859874,6.860486],[79.859871,6.860532]]]}},{"type":"Feature","properties":{"sub":"Retail","name":null,"area":0.09700233085,"main":"Commercial","domain":"Built-up"},"geometry":{"type":"Polygon","coordinates":[[[79.860595,6.859094],[79.860344,6.859073],[79.860318,6.859073],[79.860295,6.859241],[79.860287,6.859352],[79.860568,6.859373],[79.860595,6.859094]]]}},{"type":"Feature","properties":{"sub":"Retail","name":null,"area":0.11075930462,"main":"Commercial","domain":"Built-up"},"geometry":{"type":"Polygon","coordinates":[[[79.86058,6.859029],[79.860825,6.859058],[79.860882,6.858688],[79.860654,6.85865],[79.86058,6.859029]]]}},{"type":"Feature","properties":{"sub":"Low Rise","name":null,"area":0.13046167255,"main":"Residential","domain":"Built-up"},"geometry":{"type":"Polygon","coordinates":[[[79.860654,6.85865],[79.860381,6.858604],[79.860336,6.858884],[79.86032,6.859006],[79.860365,6.859013],[79.860504,6.85902],[79.86058,6.859029],[79.860654,6.85865]]]}},{"type":"Feature","properties":{"sub":"Retail","name":null,"area":0.10671140035,"main":"Commercial","domain":"Built-up"},"geometry":{"type":"Polygon","coordinates":[[[79.860701,6.858325],[79.860437,6.858293],[79.860395,6.858519],[79.860381,6.858604],[79.860654,6.85865],[79.860701,6.858325]]]}},{"type":"Feature","properties":{"sub":"Retail","name":null,"area":0.05453435769,"main":"Commercial","domain":"Built-up"},"geometry":{"type":"Polygon","coordinates":[[[79.860648,6.858235],[79.860826,6.858251],[79.860856,6.858003],[79.86068,6.857986],[79.860648,6.858235]]]}},{"type":"Feature","properties":{"sub":"Low Rise","name":null,"area":0.06790465683,"main":"Residential","domain":"Built-up"},"geometry":{"type":"Polygon","coordinates":[[[79.862937,6.859372],[79.862776,6.859352],[79.86271,6.859675],[79.862887,6.859693],[79.862937,6.859372]]]}},{"type":"Feature","properties":{"sub":"High Rise","name":null,"area":0.06317243188,"main":"Residential","domain":"Built-up"},"geometry":{"type":"Polygon","coordinates":[[[79.863094,6.859391],[79.862937,6.859372],[79.862887,6.859693],[79.863048,6.85971],[79.863094,6.859391]]]}},{"type":"Feature","properties":{"sub":"Low Rise","name":null,"area":0.12906036928,"main":"Residential","domain":"Built-up"},"geometry":{"type":"Polygon","coordinates":[[[79.863423,6.859427],[79.863094,6.859391],[79.863048,6.85971],[79.863371,6.859745],[79.863423,6.859427]]]}},{"type":"Feature","properties":{"sub":"High Rise","name":null,"area":0.05890974799,"main":"Residential","domain":"Built-up"},"geometry":{"type":"Polygon","coordinates":[[[79.863574,6.859447],[79.863423,6.859427],[79.863371,6.859745],[79.863517,6.859763],[79.863574,6.859447]]]}},{"type":"Feature","properties":{"sub":"High Rise","name":null,"area":0.20524920703,"main":"Residential","domain":"Built-up"},"geometry":{"type":"Polygon","coordinates":[[[79.863347,6.85936],[79.863865,6.859437],[79.863924,6.859132],[79.863413,6.859033],[79.863347,6.85936]]]}},{"type":"Feature","properties":{"sub":"Low Rise","name":null,"area":0.10613514982,"main":"Residential","domain":"Built-up"},"geometry":{"type":"Polygon","coordinates":[[[79.86384,6.859485],[79.863574,6.859447],[79.863517,6.859763],[79.86379,6.859798],[79.86384,6.859485]]]}},{"type":"Feature","properties":{"sub":"High Rise","name":null,"area":0.0734957065,"main":"Residential","domain":"Built-up"},"geometry":{"type":"Polygon","coordinates":[[[79.864033,6.859511],[79.86384,6.859485],[79.86379,6.859798],[79.863975,6.859821],[79.864033,6.859511]]]}},{"type":"Feature","properties":{"sub":"Low Rise","name":null,"area":0.15030646326,"main":"Residential","domain":"Built-up"},"geometry":{"type":"Polygon","coordinates":[[[79.861293,6.857667],[79.860736,6.857559],[79.860716,6.857786],[79.861254,6.857879],[79.861293,6.857667]]]}},{"type":"Feature","properties":{"sub":"High Rise","name":null,"area":0.07261775253,"main":"Residential","domain":"Built-up"},"geometry":{"type":"Polygon","coordinates":[[[79.861565,6.857718],[79.861293,6.857667],[79.861254,6.857879],[79.861529,6.857926],[79.861565,6.857718]]]}},{"type":"Feature","properties":{"sub":"Under Construction","name":null,"area":0.0480794551,"main":"Under Construction","domain":"Built-up"},"geometry":{"type":"Polygon","coordinates":[[[79.861502,6.857957],[79.861266,6.857919],[79.861239,6.858076],[79.861487,6.858118],[79.861502,6.857957]]]}},{"type":"Feature","properties":{"sub":"Retail","name":null,"area":0.0870474958,"main":"Commercial","domain":"Built-up"},"geometry":{"type":"Polygon","coordinates":[[[79.860352,6.857495],[79.860367,6.857545],[79.860349,6.857689],[79.860319,6.857806],[79.860343,6.85786],[79.860341,6.857931],[79.860419,6.857957],[79.860531,6.857401],[79.860389,6.857374],[79.860352,6.857495]]]}},{"type":"Feature","properties":{"sub":"High Rise","name":null,"area":0.01071043396,"main":"Residential","domain":"Built-up"},"geometry":{"type":"Polygon","coordinates":[[[79.861916,6.858019],[79.861908,6.858077],[79.862059,6.858103],[79.862062,6.858064],[79.862045,6.858047],[79.862028,6.858035],[79.861916,6.858019]]]}},{"type":"Feature","properties":{"sub":"Low Rise","name":null,"area":0.05575738534,"main":"Residential","domain":"Built-up"},"geometry":{"type":"Polygon","coordinates":[[[79.861777,6.857757],[79.861565,6.857718],[79.861529,6.857926],[79.861748,6.857962],[79.861777,6.857757]]]}},{"type":"Feature","properties":{"sub":"Barren Land","name":null,"area":0.02604823993,"main":"Barren Land","domain":"Non Built-up"},"geometry":{"type":"Polygon","coordinates":[[[79.863068,6.858216],[79.863149,6.858232],[79.863196,6.857972],[79.863118,6.857958],[79.863068,6.858216]]]}},{"type":"Feature","properties":{"sub":"Banks","name":"Commercial Bank","area":0.07549846793,"main":"Commercial","domain":"Built-up"},"geometry":{"type":"Polygon","coordinates":[[[79.864441,6.85762],[79.864402,6.857786],[79.864756,6.857871],[79.864788,6.857727],[79.864778,6.857709],[79.86477,6.857701],[79.864738,6.85769],[79.864441,6.85762]]]}},{"type":"Feature","properties":{"sub":"Parking","name":null,"area":0.01985305799,"main":"Transport","domain":"Built-up"},"geometry":{"type":"Polygon","coordinates":[[[79.864798,6.857417],[79.864736,6.857653],[79.864789,6.857666],[79.86481,6.857649],[79.864857,6.85745],[79.864847,6.857435],[79.864831,6.857427],[79.864798,6.857417]]]}},{"type":"Feature","properties":{"sub":"High Rise","name":null,"area":0.10355711137,"main":"Residential","domain":"Built-up"},"geometry":{"type":"Polygon","coordinates":[[[79.863773,6.857153],[79.863461,6.857082],[79.863406,6.857344],[79.863711,6.857414],[79.863773,6.857153]]]}},{"type":"Feature","properties":{"sub":"High Rise","name":null,"area":0.08335701255,"main":"Residential","domain":"Built-up"},"geometry":{"type":"Polygon","coordinates":[[[79.862912,6.856956],[79.862669,6.856893],[79.86261,6.857159],[79.862855,6.85722],[79.862912,6.856956]]]}},{"type":"Feature","properties":{"sub":"Barren Land","name":null,"area":0.11117909214,"main":"Barren Land","domain":"Non Built-up"},"geometry":{"type":"Polygon","coordinates":[[[79.862912,6.856956],[79.862855,6.85722],[79.863175,6.857292],[79.863253,6.857035],[79.862912,6.856956]]]}},{"type":"Feature","properties":{"sub":"Retail","name":"Pat's Nursery School and Day Care","area":0.02605096776,"main":"Commercial","domain":"Built-up"},"geometry":{"type":"Polygon","coordinates":[[[79.86316,6.85732],[79.862944,6.857272],[79.862924,6.857368],[79.863144,6.857412],[79.86316,6.85732]]]}},{"type":"Feature","properties":{"sub":"Low Rise","name":null,"area":0.2529307615,"main":"Residential","domain":"Built-up"},"geometry":{"type":"Polygon","coordinates":[[[79.861953,6.85672],[79.861871,6.856996],[79.86212,6.857047],[79.86261,6.857159],[79.862669,6.856893],[79.86215,6.85677],[79.861953,6.85672]]]}},{"type":"Feature","properties":{"sub":"Under Construction","name":null,"area":0.07903861024,"main":"Under Construction","domain":"Built-up"},"geometry":{"type":"Polygon","coordinates":[[[79.861953,6.85672],[79.861809,6.856684],[79.861723,6.856664],[79.861674,6.856853],[79.861705,6.856949],[79.861733,6.856979],[79.861752,6.856971],[79.861871,6.856996],[79.861953,6.85672]]]}},{"type":"Feature","properties":{"sub":"Low Rise","name":null,"area":0.15862829901,"main":"Residential","domain":"Built-up"},"geometry":{"type":"Polygon","coordinates":[[[79.861505,6.856621],[79.861459,6.856844],[79.861507,6.856854],[79.861421,6.857151],[79.861625,6.857207],[79.86165,6.857207],[79.861691,6.857196],[79.861719,6.857152],[79.861727,6.85702],[79.861733,6.856984],[79.861705,6.856953],[79.861674,6.856858],[79.861723,6.856669],[79.861505,6.856621]]]}},{"type":"Feature","properties":{"sub":"Retail","name":"Brahma Kumaris World Spiritual University","area":0.07186714198,"main":"Commercial","domain":"Built-up"},"geometry":{"type":"Polygon","coordinates":[[[79.861211,6.856794],[79.861012,6.856738],[79.860953,6.85703],[79.861142,6.857076],[79.861211,6.856794]]]}},{"type":"Feature","properties":{"sub":"Low Rise","name":null,"area":0.12654511042,"main":"Residential","domain":"Built-up"},"geometry":{"type":"Polygon","coordinates":[[[79.860765,6.856676],[79.861012,6.856738],[79.861211,6.856794],[79.861267,6.856568],[79.860811,6.856466],[79.860783,6.856576],[79.860765,6.856676]]]}},{"type":"Feature","properties":{"sub":"Retail","name":"Babaji's Kriya Yoga Ashram","area":0.0933124054,"main":"Commercial","domain":"Built-up"},"geometry":{"type":"Polygon","coordinates":[[[79.861012,6.856738],[79.860765,6.856676],[79.860752,6.856741],[79.860719,6.856887],[79.860705,6.85697],[79.860711,6.856967],[79.860768,6.856986],[79.860953,6.85703],[79.861012,6.856738]]]}},{"type":"Feature","properties":{"sub":"Retail","name":null,"area":0.30375188821,"main":"Commercial","domain":"Built-up"},"geometry":{"type":"Polygon","coordinates":[[[79.860958,6.855412],[79.86076,6.855365],[79.860679,6.855738],[79.860662,6.855921],[79.860577,6.85635],[79.86056,6.856462],[79.860595,6.856495],[79.860598,6.856548],[79.860585,6.85666],[79.860531,6.85691],[79.860626,6.856941],[79.860897,6.855648],[79.860958,6.855412]]]}},{"type":"Feature","properties":{"sub":"Retail","name":null,"area":0.11223235136,"main":"Commercial","domain":"Built-up"},"geometry":{"type":"Polygon","coordinates":[[[79.860881,6.856058],[79.86086,6.856142],[79.860796,6.856423],[79.860818,6.85643],[79.861035,6.856477],[79.861123,6.856126],[79.860881,6.856058]]]}},{"type":"Feature","properties":{"sub":"High Rise","name":null,"area":0.25371179582,"main":"Residential","domain":"Built-up"},"geometry":{"type":"Polygon","coordinates":[[[79.862986,6.855996],[79.862533,6.85588],[79.862407,6.855853],[79.862372,6.856216],[79.862692,6.856303],[79.862886,6.85635],[79.862986,6.855996]]]}},{"type":"Feature","properties":{"sub":"Under Construction","name":null,"area":0.16899214552,"main":"Under Construction","domain":"Built-up"},"geometry":{"type":"Polygon","coordinates":[[[79.86515,6.856208],[79.864648,6.856119],[79.864527,6.856101],[79.864498,6.856307],[79.865059,6.856429],[79.865088,6.856424],[79.865107,6.856403],[79.86515,6.856208]]]}},{"type":"Feature","properties":{"sub":"Low Rise","name":null,"area":0.48332088878,"main":"Residential","domain":"Built-up"},"geometry":{"type":"Polygon","coordinates":[[[79.862279,6.855481],[79.86247,6.855527],[79.862419,6.855813],[79.862735,6.855888],[79.862799,6.855568],[79.863501,6.855742],[79.863531,6.855646],[79.863501,6.855603],[79.863508,6.855529],[79.863437,6.855503],[79.863228,6.855447],[79.862613,6.855291],[79.862301,6.855236],[79.862247,6.855221],[79.862214,6.855311],[79.862307,6.855337],[79.862279,6.855481]]]}},{"type":"Feature","properties":{"sub":"High Rise","name":null,"area":0.47357995455,"main":"Residential","domain":"Built-up"},"geometry":{"type":"Polygon","coordinates":[[[79.863531,6.855646],[79.863501,6.855742],[79.862799,6.855568],[79.862735,6.855888],[79.863198,6.855999],[79.863383,6.856047],[79.863781,6.856137],[79.863896,6.85573],[79.863765,6.855711],[79.863531,6.855646]]]}},{"type":"Feature","properties":{"sub":"Low Rise","name":null,"area":0.26675315583,"main":"Residential","domain":"Built-up"},"geometry":{"type":"Polygon","coordinates":[[[79.863632,6.856295],[79.863336,6.856224],[79.863362,6.856091],[79.862985,6.855996],[79.862885,6.85635],[79.863442,6.856484],[79.863436,6.8565],[79.863574,6.856535],[79.863632,6.856295]]]}},{"type":"Feature","properties":{"sub":"Retail","name":null,"area":0.05183752387,"main":"Commercial","domain":"Built-up"},"geometry":{"type":"Polygon","coordinates":[[[79.863362,6.856091],[79.863336,6.856224],[79.863632,6.856295],[79.863665,6.856158],[79.863362,6.856091]]]}},{"type":"Feature","properties":{"sub":"High Rise","name":null,"area":0.10483088816,"main":"Residential","domain":"Built-up"},"geometry":{"type":"Polygon","coordinates":[[[79.863883,6.855775],[79.863781,6.856137],[79.864005,6.856188],[79.864107,6.855834],[79.863883,6.855775]]]}},{"type":"Feature","properties":{"sub":"Under Construction","name":null,"area":0.04544616869,"main":"Under Construction","domain":"Built-up"},"geometry":{"type":"Polygon","coordinates":[[[79.861687,6.856062],[79.861512,6.856019],[79.861454,6.856218],[79.861629,6.85626],[79.861687,6.856062]]]}},{"type":"Feature","properties":{"sub":"High Rise","name":null,"area":0.10190260725,"main":"Residential","domain":"Built-up"},"geometry":{"type":"Polygon","coordinates":[[[79.861404,6.855949],[79.861486,6.855619],[79.861294,6.855572],[79.861264,6.855701],[79.861184,6.855677],[79.861132,6.855874],[79.861404,6.855949]]]}},{"type":"Feature","properties":{"sub":"Low Rise","name":null,"area":0.09713967947,"main":"Residential","domain":"Built-up"},"geometry":{"type":"Polygon","coordinates":[[[79.861264,6.855701],[79.861294,6.855572],[79.861032,6.855508],[79.861012,6.855506],[79.860933,6.855807],[79.860937,6.855821],[79.861132,6.855874],[79.861184,6.855677],[79.861264,6.855701]]]}},{"type":"Feature","properties":{"sub":"Slum","name":null,"area":0.17840336507,"main":"Residential","domain":"Built-up"},"geometry":{"type":"Polygon","coordinates":[[[79.860858,6.85475],[79.860821,6.854968],[79.86076,6.855365],[79.860958,6.855412],[79.861117,6.85482],[79.860858,6.85475]]]}},{"type":"Feature","properties":{"sub":"Factory","name":null,"area":0.05147692402,"main":"Industrial","domain":"Built-up"},"geometry":{"type":"Polygon","coordinates":[[[79.861108,6.855149],[79.86103,6.855452],[79.861037,6.855463],[79.861155,6.855493],[79.861235,6.855182],[79.861108,6.855149]]]}},{"type":"Feature","properties":{"sub":"High Rise","name":null,"area":0.07045861918,"main":"Residential","domain":"Built-up"},"geometry":{"type":"Polygon","coordinates":[[[79.862279,6.855481],[79.862223,6.855764],[79.862419,6.855813],[79.86247,6.855527],[79.862279,6.855481]]]}},{"type":"Feature","properties":{"sub":"Under Construction","name":"Green Star City","area":0.27299918648,"main":"Under Construction","domain":"Built-up"},"geometry":{"type":"Polygon","coordinates":[[[79.862247,6.855221],[79.862045,6.855162],[79.861984,6.855407],[79.86174,6.855367],[79.861669,6.855622],[79.862223,6.855764],[79.862307,6.855337],[79.862214,6.855311],[79.862247,6.855221]]]}},{"type":"Feature","properties":{"sub":"Low Rise","name":null,"area":0.36792807467,"main":"Residential","domain":"Built-up"},"geometry":{"type":"Polygon","coordinates":[[[79.86174,6.855367],[79.861614,6.855335],[79.8617,6.855056],[79.861177,6.85489],[79.861108,6.855149],[79.861235,6.855182],[79.861155,6.855493],[79.861669,6.855622],[79.86174,6.855367]]]}},{"type":"Feature","properties":{"sub":"High Rise","name":null,"area":0.12358173004,"main":"Residential","domain":"Built-up"},"geometry":{"type":"Polygon","coordinates":[[[79.8617,6.855056],[79.861614,6.855335],[79.86174,6.855367],[79.861984,6.855407],[79.862045,6.855162],[79.861919,6.855126],[79.8617,6.855056]]]}},{"type":"Feature","properties":{"sub":"Retail","name":null,"area":0.03440627336,"main":"Commercial","domain":"Built-up"},"geometry":{"type":"Polygon","coordinates":[[[79.862076,6.855125],[79.862279,6.85517],[79.862308,6.85504],[79.862104,6.854991],[79.862076,6.855125]]]}},{"type":"Feature","properties":{"sub":"High Rise","name":null,"area":0.13950572102,"main":"Residential","domain":"Built-up"},"geometry":{"type":"Polygon","coordinates":[[[79.86171,6.855012],[79.862076,6.855125],[79.86214,6.854821],[79.861796,6.854719],[79.86171,6.855012]]]}},{"type":"Feature","properties":{"sub":"Under Construction","name":null,"area":0.131275365,"main":"Under Construction","domain":"Built-up"},"geometry":{"type":"Polygon","coordinates":[[[79.86126,6.854572],[79.861186,6.854846],[79.861539,6.854957],[79.861619,6.854672],[79.86126,6.854572]]]}},{"type":"Feature","properties":{"sub":"Retail","name":null,"area":0.1814636303,"main":"Commercial","domain":"Built-up"},"geometry":{"type":"Polygon","coordinates":[[[79.861253,6.85431],[79.860958,6.854245],[79.860858,6.85475],[79.861117,6.85482],[79.861253,6.85431]]]}},{"type":"Feature","properties":{"sub":"Low Rise","name":null,"area":0.36008070165,"main":"Residential","domain":"Built-up"},"geometry":{"type":"Polygon","coordinates":[[[79.862156,6.854168],[79.861583,6.853995],[79.8615,6.853988],[79.86141,6.854013],[79.861403,6.854024],[79.861319,6.85433],[79.861527,6.85439],[79.861758,6.854462],[79.862037,6.854544],[79.862156,6.854168]]]}},{"type":"Feature","properties":{"sub":"Retail","name":null,"area":0.13178366445,"main":"Commercial","domain":"Built-up"},"geometry":{"type":"Polygon","coordinates":[[[79.86242,6.854247],[79.862156,6.854168],[79.862037,6.854544],[79.862297,6.854621],[79.86242,6.854247]]]}},{"type":"Feature","properties":{"sub":"Office","name":null,"area":0.17351467102,"main":"Commercial","domain":"Built-up"},"geometry":{"type":"Polygon","coordinates":[[[79.862757,6.854347],[79.86242,6.854247],[79.862297,6.854621],[79.862382,6.854646],[79.862571,6.854708],[79.862646,6.854728],[79.862757,6.854347]]]}},{"type":"Feature","properties":{"sub":"Low Rise","name":null,"area":0.32333571475,"main":"Residential","domain":"Built-up"},"geometry":{"type":"Polygon","coordinates":[[[79.863395,6.854508],[79.862993,6.85441],[79.862757,6.854347],[79.862646,6.854728],[79.863283,6.854903],[79.863395,6.854508]]]}},{"type":"Feature","properties":{"sub":"High Rise","name":null,"area":0.17643719951,"main":"Residential","domain":"Built-up"},"geometry":{"type":"Polygon","coordinates":[[[79.863744,6.854586],[79.863395,6.854508],[79.863283,6.854903],[79.863598,6.854995],[79.863744,6.854586]]]}},{"type":"Feature","properties":{"sub":"Low Rise","name":null,"area":0.24471309607,"main":"Residential","domain":"Built-up"},"geometry":{"type":"Polygon","coordinates":[[[79.863073,6.854139],[79.863,6.85438],[79.863648,6.854542],[79.863817,6.854579],[79.863861,6.854406],[79.863825,6.854358],[79.863749,6.854322],[79.863073,6.854139]]]}},{"type":"Feature","properties":{"sub":"Under Construction","name":null,"area":0.11506883346,"main":"Under Construction","domain":"Built-up"},"geometry":{"type":"Polygon","coordinates":[[[79.862631,6.854012],[79.862561,6.854253],[79.862918,6.854357],[79.862993,6.854116],[79.862631,6.854012]]]}},{"type":"Feature","properties":{"sub":"High Rise","name":null,"area":0.02605293165,"main":"Residential","domain":"Built-up"},"geometry":{"type":"Polygon","coordinates":[[[79.863073,6.854139],[79.862993,6.854116],[79.862918,6.854357],[79.863,6.85438],[79.863073,6.854139]]]}},{"type":"Feature","properties":{"sub":"High Rise","name":null,"area":0.1825582144,"main":"Residential","domain":"Built-up"},"geometry":{"type":"Polygon","coordinates":[[[79.863709,6.854286],[79.863818,6.854317],[79.863872,6.854353],[79.863894,6.854373],[79.86438,6.854502],[79.864439,6.854321],[79.863771,6.854083],[79.863709,6.854286]]]}},{"type":"Feature","properties":{"sub":"Retail","name":null,"area":0.04847873377,"main":"Commercial","domain":"Built-up"},"geometry":{"type":"Polygon","coordinates":[[[79.865489,6.854499],[79.865235,6.85447],[79.865208,6.854621],[79.865462,6.854654],[79.865489,6.854499]]]}},{"type":"Feature","properties":{"sub":"Roads","name":null,"area":0.00977203073,"main":"Transport","domain":"Built-up"},"geometry":{"type":"Polygon","coordinates":[[[79.865495,6.854466],[79.86524,6.854441],[79.865235,6.85447],[79.865489,6.854499],[79.865495,6.854466]]]}},{"type":"Feature","properties":{"sub":"Roads","name":null,"area":0.07232590798,"main":"Transport","domain":"Built-up"},"geometry":{"type":"Polygon","coordinates":[[[79.86524,6.854441],[79.864811,6.854372],[79.864573,6.854315],[79.864369,6.854253],[79.864006,6.85412],[79.863772,6.854055],[79.863771,6.854083],[79.864439,6.854321],[79.864805,6.854414],[79.865235,6.85447],[79.86524,6.854441]]]}},{"type":"Feature","properties":{"sub":"Low Rise","name":null,"area":1.0307365172,"main":"Residential","domain":"Built-up"},"geometry":{"type":"Polygon","coordinates":[[[79.865184,6.854931],[79.865208,6.854621],[79.865235,6.85447],[79.864805,6.854414],[79.864439,6.854321],[79.86438,6.854502],[79.863894,6.854373],[79.863901,6.8544],[79.863847,6.854609],[79.863744,6.854586],[79.863598,6.854995],[79.864028,6.855117],[79.864226,6.855178],[79.864298,6.855012],[79.864345,6.854924],[79.86437,6.854909],[79.864406,6.854898],[79.865184,6.854931]]]}},{"type":"Feature","properties":{"sub":"Retail","name":null,"area":0.08797177866,"main":"Commercial","domain":"Built-up"},"geometry":{"type":"Polygon","coordinates":[[[79.865208,6.854621],[79.865184,6.854931],[79.865362,6.854938],[79.865389,6.854931],[79.865415,6.854908],[79.865462,6.854654],[79.865208,6.854621]]]}},{"type":"Feature","properties":{"sub":"Parking","name":"Kandy Car Park","area":0.16385574787,"main":"Transport","domain":"Built-up"},"geometry":{"type":"Polygon","coordinates":[[[79.862706,6.852728],[79.862649,6.852964],[79.863226,6.853095],[79.863271,6.852874],[79.862802,6.852765],[79.862706,6.852728]]]}},{"type":"Feature","properties":{"sub":"High Rise","name":null,"area":0.08820540626,"main":"Residential","domain":"Built-up"},"geometry":{"type":"Polygon","coordinates":[[[79.862485,6.853525],[79.862265,6.853466],[79.862175,6.853824],[79.862339,6.853871],[79.862367,6.853782],[79.862485,6.853525]]]}},{"type":"Feature","properties":{"sub":"Low Rise","name":null,"area":0.02309103401,"main":"Residential","domain":"Built-up"},"geometry":{"type":"Polygon","coordinates":[[[79.862381,6.852387],[79.862322,6.852586],[79.862412,6.85261],[79.862467,6.852405],[79.862381,6.852387]]]}},{"type":"Feature","properties":{"sub":"Low Rise","name":null,"area":0.02187355985,"main":"Residential","domain":"Built-up"},"geometry":{"type":"Polygon","coordinates":[[[79.862282,6.852366],[79.862204,6.852349],[79.862129,6.852536],[79.862225,6.852561],[79.862282,6.852366]]]}},{"type":"Feature","properties":{"sub":"High Rise","name":null,"area":0.0252714318,"main":"Residential","domain":"Built-up"},"geometry":{"type":"Polygon","coordinates":[[[79.862282,6.852366],[79.862225,6.852561],[79.862322,6.852586],[79.862381,6.852387],[79.862282,6.852366]]]}},{"type":"Feature","properties":{"sub":"Other higher edu.","name":"Channa-Upuli Performing Arts Foundation","area":0.02620550563,"main":"Institutional","domain":"Built-up"},"geometry":{"type":"Polygon","coordinates":[[[79.862558,6.852424],[79.862467,6.852405],[79.862412,6.85261],[79.862515,6.852637],[79.862558,6.852424]]]}},{"type":"Feature","properties":{"sub":"Retail","name":"IMPA Company","area":0.02958646945,"main":"Commercial","domain":"Built-up"},"geometry":{"type":"Polygon","coordinates":[[[79.863304,6.852705],[79.863139,6.852667],[79.863108,6.852807],[79.863278,6.852841],[79.863304,6.852705]]]}},{"type":"Feature","properties":{"sub":"High Rise","name":null,"area":0.0761454158,"main":"Residential","domain":"Built-up"},"geometry":{"type":"Polygon","coordinates":[[[79.864072,6.852998],[79.864346,6.853067],[79.864404,6.852857],[79.864133,6.852781],[79.864072,6.852998]]]}},{"type":"Feature","properties":{"sub":"Banks","name":"Seylan Bank","area":0.02604556749,"main":"Commercial","domain":"Built-up"},"geometry":{"type":"Polygon","coordinates":[[[79.865695,6.853158],[79.865516,6.853128],[79.8655,6.853233],[79.86568,6.853283],[79.865695,6.853158]]]}},{"type":"Feature","properties":{"sub":"Government","name":"Ceylon Electricity Board. Additional General Manag","area":0.0548203657,"main":"Institutional","domain":"Built-up"},"geometry":{"type":"Polygon","coordinates":[[[79.865094,6.853256],[79.865327,6.853317],[79.865381,6.853135],[79.865159,6.853075],[79.865094,6.853256]]]}},{"type":"Feature","properties":{"sub":"Retail","name":null,"area":0.11449303624,"main":"Commercial","domain":"Built-up"},"geometry":{"type":"Polygon","coordinates":[[[79.865759,6.852648],[79.865481,6.852595],[79.865442,6.852915],[79.865581,6.852958],[79.865654,6.852975],[79.865682,6.852975],[79.865707,6.852958],[79.865722,6.852946],[79.865759,6.852648]]]}},{"type":"Feature","properties":{"sub":"Banks","name":"Hatton National Ban","area":0.05264866678,"main":"Commercial","domain":"Built-up"},"geometry":{"type":"Polygon","coordinates":[[[79.865774,6.852491],[79.8655,6.852446],[79.865481,6.852595],[79.865759,6.852648],[79.865774,6.852491]]]}},{"type":"Feature","properties":{"sub":"Banks","name":"Bank of Ceylon","area":0.06139009582,"main":"Commercial","domain":"Built-up"},"geometry":{"type":"Polygon","coordinates":[[[79.865941,6.85246],[79.865913,6.852609],[79.86622,6.85263],[79.866228,6.852441],[79.865941,6.85246]]]}},{"type":"Feature","properties":{"sub":"Retail","name":"The Penthouse Above Sea","area":0.36549086553,"main":"Commercial","domain":"Built-up"},"geometry":{"type":"Polygon","coordinates":[[[79.862928,6.850832],[79.862576,6.850751],[79.862496,6.851137],[79.862468,6.851137],[79.86243,6.851288],[79.862387,6.851279],[79.862359,6.851456],[79.862825,6.851555],[79.862928,6.850832]]]}},{"type":"Feature","properties":{"sub":"Barren Land","name":null,"area":0.03114675438,"main":"Barren Land","domain":"Non Built-up"},"geometry":{"type":"Polygon","coordinates":[[[79.863179,6.850886],[79.863156,6.851039],[79.863322,6.851071],[79.863341,6.850922],[79.863179,6.850886]]]}},{"type":"Feature","properties":{"sub":"Low Rise","name":null,"area":0.08323926745,"main":"Residential","domain":"Built-up"},"geometry":{"type":"Polygon","coordinates":[[[79.86347,6.851163],[79.86336,6.851745],[79.863441,6.851761],[79.863485,6.851744],[79.863576,6.851186],[79.86347,6.851163]]]}},{"type":"Feature","properties":{"sub":"Low Rise","name":null,"area":0.28793935691,"main":"Residential","domain":"Built-up"},"geometry":{"type":"Polygon","coordinates":[[[79.863314,6.85113],[79.863322,6.851071],[79.863156,6.851039],[79.863179,6.850886],[79.862928,6.850832],[79.862839,6.851459],[79.863239,6.851529],[79.863314,6.85113]]]}},{"type":"Feature","properties":{"sub":"Barren Land","name":null,"area":0.21640071223,"main":"Barren Land","domain":"Non Built-up"},"geometry":{"type":"Polygon","coordinates":[[[79.862682,6.851525],[79.862668,6.851603],[79.862936,6.851651],[79.86336,6.851745],[79.86347,6.851163],[79.863314,6.85113],[79.863239,6.851529],[79.862839,6.851459],[79.862825,6.851555],[79.862682,6.851525]]]}},{"type":"Feature","properties":{"sub":"Barren Land","name":null,"area":0.07231344936,"main":"Barren Land","domain":"Non Built-up"},"geometry":{"type":"Polygon","coordinates":[[[79.863089,6.851727],[79.862704,6.851654],[79.862666,6.851798],[79.863056,6.851874],[79.863089,6.851727]]]}},{"type":"Feature","properties":{"sub":"Retail","name":"Halaaz International School (Preschool)","area":0.07583558111,"main":"Commercial","domain":"Built-up"},"geometry":{"type":"Polygon","coordinates":[[[79.863941,6.851054],[79.863687,6.850997],[79.863663,6.851006],[79.863651,6.851017],[79.863619,6.851204],[79.863894,6.851268],[79.863941,6.851054]]]}},{"type":"Feature","properties":{"sub":"Office","name":"Masdirect","area":0.05611756365,"main":"Commercial","domain":"Built-up"},"geometry":{"type":"Polygon","coordinates":[[[79.863894,6.851268],[79.864104,6.851305],[79.864152,6.851103],[79.863941,6.851054],[79.863894,6.851268]]]}},{"type":"Feature","properties":{"sub":"Banks","name":"People's Bank","area":0.09189455261,"main":"Commercial","domain":"Built-up"},"geometry":{"type":"Polygon","coordinates":[[[79.864127,6.850945],[79.864416,6.851015],[79.864481,6.850773],[79.864188,6.850703],[79.864137,6.850896],[79.864127,6.850945]]]}},{"type":"Feature","properties":{"sub":"Barren Land","name":null,"area":0.04146084799,"main":"Barren Land","domain":"Non Built-up"},"geometry":{"type":"Polygon","coordinates":[[[79.864587,6.851199],[79.864421,6.851161],[79.864378,6.851356],[79.864552,6.851387],[79.864587,6.851199]]]}},{"type":"Feature","properties":{"sub":"Retail","name":"Alasaaf International School","area":0.09859517657,"main":"Commercial","domain":"Built-up"},"geometry":{"type":"Polygon","coordinates":[[[79.864302,6.851702],[79.86424,6.851911],[79.86459,6.851981],[79.864656,6.851754],[79.864302,6.851702]]]}},{"type":"Feature","properties":{"sub":"Low Rise","name":null,"area":0.07618817674,"main":"Residential","domain":"Built-up"},"geometry":{"type":"Polygon","coordinates":[[[79.864552,6.851387],[79.864378,6.851356],[79.864302,6.851702],[79.864479,6.851728],[79.864552,6.851387]]]}},{"type":"Feature","properties":{"sub":"Parking","name":null,"area":0.12167035666,"main":"Transport","domain":"Built-up"},"geometry":{"type":"Polygon","coordinates":[[[79.864656,6.851754],[79.864745,6.851383],[79.864788,6.851244],[79.864587,6.851199],[79.864552,6.851387],[79.864479,6.851728],[79.864656,6.851754]]]}},{"type":"Feature","properties":{"sub":"High Rise","name":null,"area":0.07695507082,"main":"Residential","domain":"Built-up"},"geometry":{"type":"Polygon","coordinates":[[[79.864167,6.85242],[79.864385,6.852501],[79.864464,6.852224],[79.864256,6.852162],[79.864167,6.85242]]]}},{"type":"Feature","properties":{"sub":"High Rise","name":null,"area":0.03825149252,"main":"Residential","domain":"Built-up"},"geometry":{"type":"Polygon","coordinates":[[[79.864751,6.852699],[79.864631,6.852655],[79.864549,6.852878],[79.864674,6.852928],[79.864751,6.852699]]]}},{"type":"Feature","properties":{"sub":"High Rise","name":null,"area":0.06781581951,"main":"Residential","domain":"Built-up"},"geometry":{"type":"Polygon","coordinates":[[[79.865326,6.85338],[79.865268,6.85336],[79.865106,6.853316],[79.865027,6.85353],[79.865267,6.853604],[79.865326,6.85338]]]}},{"type":"Feature","properties":{"sub":"Retail","name":null,"area":0.0285385841,"main":"Commercial","domain":"Built-up"},"geometry":{"type":"Polygon","coordinates":[[[79.865476,6.853355],[79.865664,6.853404],[79.86568,6.853283],[79.8655,6.853233],[79.865476,6.853355]]]}},{"type":"Feature","properties":{"sub":"Barren Land","name":null,"area":0.03254433117,"main":"Barren Land","domain":"Non Built-up"},"geometry":{"type":"Polygon","coordinates":[[[79.865327,6.853317],[79.865476,6.853355],[79.8655,6.853233],[79.865508,6.853181],[79.865381,6.853135],[79.865327,6.853317]]]}},{"type":"Feature","properties":{"sub":"Slum","name":null,"area":0.58329336078,"main":"Residential","domain":"Built-up"},"geometry":{"type":"Polygon","coordinates":[[[79.86159,6.852946],[79.861264,6.852885],[79.861272,6.853075],[79.861149,6.853422],[79.86112,6.853462],[79.861038,6.853629],[79.860989,6.853763],[79.860947,6.853938],[79.860958,6.854245],[79.861253,6.85431],[79.86133,6.854021],[79.861528,6.853232],[79.86159,6.852946]]]}},{"type":"Feature","properties":{"sub":"Retail","name":"Marine Beach","area":0.16698282913,"main":"Commercial","domain":"Built-up"},"geometry":{"type":"Polygon","coordinates":[[[79.86167,6.852576],[79.861304,6.852505],[79.861276,6.852639],[79.861262,6.852849],[79.861264,6.852885],[79.86159,6.852946],[79.86167,6.852576]]]}},{"type":"Feature","properties":{"sub":"Barren Land","name":null,"area":0.11997167032,"main":"Barren Land","domain":"Non Built-up"},"geometry":{"type":"Polygon","coordinates":[[[79.862172,6.852573],[79.861834,6.852491],[79.861764,6.852762],[79.862115,6.852842],[79.862172,6.852573]]]}},{"type":"Feature","properties":{"sub":"Low Rise","name":null,"area":0.03650304738,"main":"Residential","domain":"Built-up"},"geometry":{"type":"Polygon","coordinates":[[[79.862992,6.850508],[79.863253,6.850556],[79.863273,6.850444],[79.863008,6.850399],[79.862992,6.850508]]]}},{"type":"Feature","properties":{"sub":"Retail","name":null,"area":0.1370136312,"main":"Commercial","domain":"Built-up"},"geometry":{"type":"Polygon","coordinates":[[[79.864416,6.851015],[79.864588,6.851057],[79.864676,6.85066],[79.864225,6.850564],[79.864188,6.850703],[79.864481,6.850773],[79.864416,6.851015]]]}},{"type":"Feature","properties":{"sub":"Under Construction","name":null,"area":0.12266591457,"main":"Under Construction","domain":"Built-up"},"geometry":{"type":"Polygon","coordinates":[[[79.864588,6.851057],[79.864666,6.851076],[79.864842,6.851103],[79.864874,6.850924],[79.864903,6.850708],[79.864676,6.85066],[79.864588,6.851057]]]}},{"type":"Feature","properties":{"sub":"High Rise","name":null,"area":0.10414402217,"main":"Residential","domain":"Built-up"},"geometry":{"type":"Polygon","coordinates":[[[79.862817,6.849599],[79.862448,6.849531],[79.862408,6.849763],[79.862783,6.849813],[79.862817,6.849599]]]}},{"type":"Feature","properties":{"sub":"Low Rise","name":"Salvation Army Girls Home","area":0.18839375669,"main":"Residential","domain":"Built-up"},"geometry":{"type":"Polygon","coordinates":[[[79.862798,6.850057],[79.862743,6.850037],[79.862688,6.850345],[79.863273,6.850444],[79.863316,6.850198],[79.862791,6.850098],[79.862798,6.850057]]]}},{"type":"Feature","properties":{"sub":"Low Rise","name":null,"area":0.12580241672,"main":"Residential","domain":"Built-up"},"geometry":{"type":"Polygon","coordinates":[[[79.862788,6.84978],[79.863372,6.849867],[79.863399,6.849706],[79.862817,6.849599],[79.862788,6.84978]]]}},{"type":"Feature","properties":{"sub":"High Rise","name":null,"area":0.04093951495,"main":"Residential","domain":"Built-up"},"geometry":{"type":"Polygon","coordinates":[[[79.86407,6.849311],[79.863925,6.849296],[79.8639,6.849523],[79.86404,6.849545],[79.86407,6.849311]]]}},{"type":"Feature","properties":{"sub":"Parking","name":null,"area":0.02455546053,"main":"Transport","domain":"Built-up"},"geometry":{"type":"Polygon","coordinates":[[[79.862611,6.848694],[79.862565,6.848688],[79.862535,6.848871],[79.862511,6.849049],[79.862511,6.849068],[79.862524,6.849073],[79.862559,6.849077],[79.862592,6.848858],[79.862611,6.848694]]]}},{"type":"Feature","properties":{"sub":"Parking","name":null,"area":0.01171826621,"main":"Transport","domain":"Built-up"},"geometry":{"type":"Polygon","coordinates":[[[79.86265,6.848487],[79.8626,6.848485],[79.86257,6.848658],[79.862626,6.848666],[79.86265,6.848487]]]}},{"type":"Feature","properties":{"sub":"High Rise","name":null,"area":0.03595090571,"main":"Residential","domain":"Built-up"},"geometry":{"type":"Polygon","coordinates":[[[79.863808,6.848608],[79.863772,6.84882],[79.863896,6.848831],[79.863906,6.848821],[79.863914,6.848793],[79.863927,6.848759],[79.863946,6.848627],[79.863808,6.848608]]]}},{"type":"Feature","properties":{"sub":"Low Rise","name":null,"area":0.09315761802,"main":"Residential","domain":"Built-up"},"geometry":{"type":"Polygon","coordinates":[[[79.863421,6.848803],[79.863399,6.84898],[79.863875,6.849013],[79.863878,6.848971],[79.863888,6.84893],[79.863888,6.848881],[79.863875,6.848868],[79.863421,6.848803]]]}},{"type":"Feature","properties":{"sub":"Slum","name":null,"area":1.06932734674,"main":"Residential","domain":"Built-up"},"geometry":{"type":"Polygon","coordinates":[[[79.862117,6.849169],[79.862366,6.849204],[79.862464,6.848724],[79.862611,6.84797],[79.862634,6.847813],[79.862713,6.847184],[79.862741,6.846614],[79.862323,6.846572],[79.862276,6.846672],[79.862327,6.846797],[79.862307,6.846886],[79.862325,6.847122],[79.862333,6.847311],[79.862323,6.847472],[79.862307,6.847593],[79.862303,6.847787],[79.862272,6.848019],[79.862228,6.848415],[79.862179,6.84874],[79.862127,6.849113],[79.862117,6.849169]]]}},{"type":"Feature","properties":{"sub":"Retail","name":null,"area":0.13899052785,"main":"Commercial","domain":"Built-up"},"geometry":{"type":"Polygon","coordinates":[[[79.862366,6.849204],[79.862117,6.849169],[79.862073,6.849424],[79.862016,6.849612],[79.862275,6.849655],[79.862366,6.849204]]]}},{"type":"Feature","properties":{"sub":"Under Construction","name":null,"area":0.09552035693,"main":"Under Construction","domain":"Built-up"},"geometry":{"type":"Polygon","coordinates":[[[79.86447,6.848636],[79.864345,6.848645],[79.864086,6.848652],[79.863975,6.848635],[79.863962,6.848684],[79.863943,6.848783],[79.864446,6.848818],[79.86447,6.848636]]]}},{"type":"Feature","properties":{"sub":"Barren Land","name":null,"area":0.15726857862,"main":"Barren Land","domain":"Non Built-up"},"geometry":{"type":"Polygon","coordinates":[[[79.864446,6.848818],[79.863943,6.848783],[79.863926,6.848883],[79.863929,6.848894],[79.863901,6.849033],[79.8644,6.849077],[79.864446,6.848818]]]}},{"type":"Feature","properties":{"sub":"Barren Land","name":null,"area":0.03062099235,"main":"Barren Land","domain":"Non Built-up"},"geometry":{"type":"Polygon","coordinates":[[[79.864409,6.848041],[79.864309,6.848037],[79.864251,6.848039],[79.864259,6.848201],[79.864416,6.848195],[79.864409,6.848041]]]}},{"type":"Feature","properties":{"sub":"Low Rise","name":null,"area":0.02795608747,"main":"Residential","domain":"Built-up"},"geometry":{"type":"Polygon","coordinates":[[[79.863888,6.848026],[79.86388,6.848185],[79.864022,6.848192],[79.864032,6.848118],[79.864036,6.848073],[79.864024,6.848045],[79.864,6.848033],[79.863888,6.848026]]]}},{"type":"Feature","properties":{"sub":"High Rise","name":null,"area":0.05154941621,"main":"Residential","domain":"Built-up"},"geometry":{"type":"Polygon","coordinates":[[[79.863408,6.847705],[79.863646,6.847736],[79.863642,6.84755],[79.863404,6.847535],[79.863408,6.847705]]]}},{"type":"Feature","properties":{"sub":"Parking","name":null,"area":0.02930262961,"main":"Transport","domain":"Built-up"},"geometry":{"type":"Polygon","coordinates":[[[79.863646,6.847736],[79.863408,6.847705],[79.86341,6.847753],[79.863549,6.847822],[79.863577,6.84785],[79.863652,6.847913],[79.863646,6.847736]]]}},{"type":"Feature","properties":{"sub":"Parking","name":null,"area":0.09814103017,"main":"Transport","domain":"Built-up"},"geometry":{"type":"Polygon","coordinates":[[[79.863134,6.847724],[79.863086,6.847716],[79.862952,6.847675],[79.862875,6.847634],[79.862763,6.847563],[79.862737,6.847855],[79.863124,6.847881],[79.863134,6.847724]]]}},{"type":"Feature","properties":{"sub":"Barren Land","name":null,"area":0.11046713627,"main":"Barren Land","domain":"Non Built-up"},"geometry":{"type":"Polygon","coordinates":[[[79.863411,6.847189],[79.86343,6.846789],[79.863286,6.846773],[79.863273,6.847171],[79.8631,6.847162],[79.863102,6.847287],[79.863307,6.847317],[79.86331,6.847241],[79.863406,6.847244],[79.863411,6.847189]]]}},{"type":"Feature","properties":{"sub":"Low Rise","name":null,"area":0.16993886878,"main":"Residential","domain":"Built-up"},"geometry":{"type":"Polygon","coordinates":[[[79.863119,6.845048],[79.863072,6.845337],[79.86359,6.845328],[79.863598,6.845165],[79.863595,6.845088],[79.863582,6.845054],[79.86324,6.845054],[79.863119,6.845048]]]}},{"type":"Feature","properties":{"sub":"Low Rise","name":null,"area":0.88364590594,"main":"Residential","domain":"Built-up"},"geometry":{"type":"Polygon","coordinates":[[[79.862848,6.844976],[79.863111,6.844972],[79.863119,6.845024],[79.863416,6.84503],[79.863591,6.84503],[79.863612,6.84502],[79.863628,6.845004],[79.863659,6.844953],[79.863687,6.84493],[79.863718,6.844917],[79.863904,6.84492],[79.863942,6.84491],[79.863966,6.844876],[79.863981,6.844825],[79.86402,6.84442],[79.864013,6.844405],[79.864001,6.8444],[79.863826,6.844389],[79.863575,6.844354],[79.863082,6.844321],[79.86287,6.844312],[79.862849,6.844343],[79.862854,6.844557],[79.862848,6.844976]]]}},{"type":"Feature","properties":{"sub":"Parking","name":null,"area":0.13191350641,"main":"Transport","domain":"Built-up"},"geometry":{"type":"Polygon","coordinates":[[[79.863075,6.845398],[79.863072,6.845363],[79.863072,6.845337],[79.863119,6.845048],[79.863109,6.844971],[79.862845,6.844975],[79.862842,6.845407],[79.863075,6.845398]]]}},{"type":"Feature","properties":{"sub":"High Rise","name":null,"area":0.09332046934,"main":"Residential","domain":"Built-up"},"geometry":{"type":"Polygon","coordinates":[[[79.864466,6.846891],[79.864299,6.846873],[79.864244,6.8473],[79.86443,6.84732],[79.864466,6.846891]]]}},{"type":"Feature","properties":{"sub":"Church","name":"Church of Christ","area":0.11089563518,"main":"Cultural","domain":"Built-up"},"geometry":{"type":"Polygon","coordinates":[[[79.864629,6.846854],[79.864838,6.846878],[79.864898,6.846467],[79.864682,6.846428],[79.864629,6.846854]]]}},{"type":"Feature","properties":{"sub":"Low Rise","name":null,"area":3.87251076204,"main":"Residential","domain":"Built-up"},"geometry":{"type":"Polygon","coordinates":[[[79.865164,6.846916],[79.865194,6.846476],[79.865594,6.846485],[79.865594,6.846642],[79.865696,6.846642],[79.865712,6.846454],[79.86576,6.846054],[79.865765,6.845936],[79.865588,6.845919],[79.865574,6.845784],[79.865701,6.84578],[79.865714,6.84556],[79.865918,6.845536],[79.865896,6.84533],[79.865125,6.845386],[79.865125,6.845519],[79.865143,6.845519],[79.865128,6.845712],[79.865362,6.845717],[79.865362,6.845939],[79.8653,6.845944],[79.865305,6.845784],[79.865274,6.845779],[79.864955,6.845771],[79.86485,6.84577],[79.864842,6.845974],[79.864685,6.845973],[79.864693,6.845769],[79.864354,6.845749],[79.863649,6.845714],[79.863626,6.845704],[79.863611,6.845691],[79.863598,6.84567],[79.863588,6.845634],[79.863593,6.845531],[79.863597,6.845379],[79.863587,6.845364],[79.863072,6.845363],[79.863097,6.845593],[79.862841,6.845605],[79.862829,6.846035],[79.862817,6.846637],[79.864005,6.846782],[79.864036,6.84645],[79.864075,6.846454],[79.864064,6.846535],[79.864041,6.846786],[79.864629,6.846854],[79.864682,6.846428],[79.864898,6.846467],[79.864838,6.846878],[79.865164,6.846916]]]}},{"type":"Feature","properties":{"sub":"Low Rise","name":null,"area":0.06047403931,"main":"Residential","domain":"Built-up"},"geometry":{"type":"Polygon","coordinates":[[[79.86636,6.843441],[79.866391,6.843281],[79.866402,6.843246],[79.866208,6.843236],[79.866206,6.843321],[79.866086,6.843317],[79.866073,6.843435],[79.86636,6.843441]]]}},{"type":"Feature","properties":{"sub":"High Rise","name":null,"area":0.15555656654,"main":"Residential","domain":"Built-up"},"geometry":{"type":"Polygon","coordinates":[[[79.865957,6.843486],[79.865966,6.843433],[79.866073,6.843435],[79.866086,6.843317],[79.866089,6.84323],[79.866087,6.843171],[79.865679,6.843139],[79.865671,6.84347],[79.865957,6.843486]]]}},{"type":"Feature","properties":{"sub":"Under Construction","name":null,"area":0.0817862105,"main":"Under Construction","domain":"Built-up"},"geometry":{"type":"Polygon","coordinates":[[[79.865156,6.843111],[79.864929,6.843102],[79.864919,6.843397],[79.865145,6.843406],[79.865156,6.843111]]]}},{"type":"Feature","properties":{"sub":"High Rise","name":null,"area":0.05519904928,"main":"Residential","domain":"Built-up"},"geometry":{"type":"Polygon","coordinates":[[[79.864773,6.843095],[79.864771,6.843394],[79.864919,6.843397],[79.864929,6.843102],[79.864773,6.843095]]]}},{"type":"Feature","properties":{"sub":"Under Construction","name":null,"area":0.12088683553,"main":"Under Construction","domain":"Built-up"},"geometry":{"type":"Polygon","coordinates":[[[79.864382,6.843092],[79.864331,6.843093],[79.864053,6.843083],[79.864049,6.843381],[79.864376,6.843399],[79.864382,6.843092]]]}},{"type":"Feature","properties":{"sub":"Low Rise","name":null,"area":0.41033963999,"main":"Residential","domain":"Built-up"},"geometry":{"type":"Polygon","coordinates":[[[79.863671,6.842609],[79.86332,6.842601],[79.863335,6.842401],[79.863132,6.842376],[79.863054,6.842369],[79.863061,6.842539],[79.862903,6.842546],[79.862899,6.842706],[79.862899,6.842932],[79.862931,6.842932],[79.863124,6.842943],[79.86363,6.842993],[79.863671,6.842609]]]}},{"type":"Feature","properties":{"sub":"High Rise","name":null,"area":0.11950817349,"main":"Residential","domain":"Built-up"},"geometry":{"type":"Polygon","coordinates":[[[79.863931,6.842678],[79.863671,6.842609],[79.86363,6.842993],[79.863916,6.843004],[79.863931,6.842678]]]}},{"type":"Feature","properties":{"sub":"High Rise","name":null,"area":0.25266121025,"main":"Residential","domain":"Built-up"},"geometry":{"type":"Polygon","coordinates":[[[79.863283,6.841875],[79.863277,6.842099],[79.863603,6.842127],[79.863594,6.842369],[79.863871,6.842402],[79.863902,6.84193],[79.863283,6.841875]]]}},{"type":"Feature","properties":{"sub":"High Rise","name":null,"area":0.26523220563,"main":"Residential","domain":"Built-up"},"geometry":{"type":"Polygon","coordinates":[[[79.863937,6.841538],[79.863934,6.841671],[79.863979,6.84168],[79.864198,6.841716],[79.864176,6.841928],[79.86423,6.841936],[79.86427,6.841917],[79.864299,6.84191],[79.864332,6.841914],[79.864375,6.841914],[79.864394,6.84191],[79.864407,6.841894],[79.864417,6.841779],[79.864429,6.841612],[79.863937,6.841538]]]}},{"type":"Feature","properties":{"sub":"Archeologic","name":null,"area":0.08259684879,"main":"Cultural","domain":"Built-up"},"geometry":{"type":"Polygon","coordinates":[[[79.86546,6.848236],[79.865907,6.848254],[79.865907,6.848122],[79.865899,6.848113],[79.865878,6.848108],[79.865806,6.8481],[79.865705,6.848097],[79.865458,6.848076],[79.86546,6.848236]]]}},{"type":"Feature","properties":{"sub":"Playground","name":"Public Space","area":0.05632478698,"main":"Public Space","domain":"Built-up"},"geometry":{"type":"Polygon","coordinates":[[[79.86402,6.844871],[79.864218,6.844867],[79.864216,6.845034],[79.864323,6.845037],[79.864336,6.844786],[79.864022,6.844776],[79.864018,6.844829],[79.86402,6.844871]]]}},{"type":"Feature","properties":{"sub":"High Rise","name":null,"area":0.1060344099,"main":"Residential","domain":"Built-up"},"geometry":{"type":"Polygon","coordinates":[[[79.864147,6.845683],[79.864424,6.845693],[79.864444,6.84538],[79.86415,6.845388],[79.864147,6.845683]]]}},{"type":"Feature","properties":{"sub":"Under Construction","name":null,"area":0.02740036779,"main":"Under Construction","domain":"Built-up"},"geometry":{"type":"Polygon","coordinates":[[[79.865562,6.842649],[79.865424,6.842632],[79.865411,6.8428],[79.865544,6.842809],[79.865562,6.842649]]]}},{"type":"Feature","properties":{"sub":"High Rise","name":null,"area":0.08974426562,"main":"Residential","domain":"Built-up"},"geometry":{"type":"Polygon","coordinates":[[[79.867814,6.851252],[79.867781,6.851084],[79.867662,6.851112],[79.867615,6.85112],[79.867639,6.851493],[79.867841,6.851483],[79.867814,6.851252]]]}},{"type":"Feature","properties":{"sub":"Under Construction","name":null,"area":0.11694659259,"main":"Under Construction","domain":"Built-up"},"geometry":{"type":"Polygon","coordinates":[[[79.86592,6.862358],[79.865474,6.862258],[79.865422,6.862462],[79.865877,6.862558],[79.86592,6.862358]]]}},{"type":"Feature","properties":{"sub":"School","name":"Hejaaz International School","area":0.08130411089,"main":"Institutional","domain":"Built-up"},"geometry":{"type":"Polygon","coordinates":[[[79.868029,6.843134],[79.867971,6.843382],[79.868241,6.843417],[79.868299,6.843222],[79.868229,6.843176],[79.868029,6.843134]]]}},{"type":"Feature","properties":{"sub":"High Rise","name":null,"area":0.07002169073,"main":"Residential","domain":"Built-up"},"geometry":{"type":"Polygon","coordinates":[[[79.868195,6.843118],[79.868272,6.843142],[79.8684,6.843194],[79.868411,6.842879],[79.868238,6.842838],[79.868195,6.843118]]]}},{"type":"Feature","properties":{"sub":"Church","name":"St Anthony's Church","area":0.48017068393,"main":"Cultural","domain":"Built-up"},"geometry":{"type":"Polygon","coordinates":[[[79.8683,6.843988],[79.868309,6.843862],[79.868312,6.843572],[79.867987,6.843547],[79.867971,6.843382],[79.867554,6.84337],[79.867465,6.843465],[79.867378,6.843466],[79.867383,6.843512],[79.867403,6.843512],[79.867452,6.843807],[79.867485,6.843854],[79.867701,6.843884],[79.867884,6.843888],[79.868203,6.843935],[79.8683,6.843988]]]}},{"type":"Feature","properties":{"sub":"Agriculture","name":null,"area":0.07420975691,"main":"Agriculture","domain":"Non Built-up"},"geometry":{"type":"Polygon","coordinates":[[[79.870906,6.843628],[79.870708,6.843838],[79.870906,6.843977],[79.870979,6.843911],[79.870946,6.843889],[79.87106,6.843777],[79.870906,6.843628]]]}},{"type":"Feature","properties":{"sub":"Barren Land","name":null,"area":0.06874903006,"main":"Barren Land","domain":"Non Built-up"},"geometry":{"type":"Polygon","coordinates":[[[79.865701,6.845783],[79.865701,6.84578],[79.865574,6.845784],[79.865588,6.845919],[79.865765,6.845936],[79.86583,6.845937],[79.865842,6.845865],[79.866089,6.845855],[79.866095,6.845789],[79.865701,6.845783]]]}},{"type":"Feature","properties":{"sub":"Retail","name":null,"area":0.17959557912,"main":"Commercial","domain":"Built-up"},"geometry":{"type":"Polygon","coordinates":[[[79.868657,6.8505],[79.868688,6.850797],[79.86894,6.850744],[79.869222,6.850679],[79.869182,6.850455],[79.868818,6.850465],[79.868657,6.8505]]]}},{"type":"Feature","properties":{"sub":"Barren Land","name":null,"area":0.41202293271,"main":"Barren Land","domain":"Non Built-up"},"geometry":{"type":"Polygon","coordinates":[[[79.868415,6.850545],[79.868436,6.85085],[79.868688,6.850797],[79.868657,6.850498],[79.868625,6.850137],[79.868612,6.849671],[79.86858,6.849627],[79.868435,6.849578],[79.868237,6.849526],[79.868098,6.849516],[79.868103,6.849633],[79.868364,6.849754],[79.868384,6.849812],[79.868415,6.850545]]]}},{"type":"Feature","properties":{"sub":"Under Construction","name":null,"area":0.12972468783,"main":"Under Construction","domain":"Built-up"},"geometry":{"type":"Polygon","coordinates":[[[79.869388,6.850735],[79.86946,6.851072],[79.869753,6.851041],[79.86971,6.850804],[79.869673,6.850678],[79.869388,6.850735]]]}},{"type":"Feature","properties":{"sub":"Office","name":"Tricon Engineering (Pvt) Ltd","area":0.06081309774,"main":"Commercial","domain":"Built-up"},"geometry":{"type":"Polygon","coordinates":[[[79.86946,6.851072],[79.869388,6.850735],[79.869237,6.850765],[79.869319,6.851086],[79.86946,6.851072]]]}},{"type":"Feature","properties":{"sub":"Retail","name":null,"area":0.02349415925,"main":"Commercial","domain":"Built-up"},"geometry":{"type":"Polygon","coordinates":[[[79.871934,6.850402],[79.871934,6.850349],[79.87193,6.850325],[79.871892,6.8503],[79.871724,6.850323],[79.871731,6.850408],[79.871934,6.850402]]]}},{"type":"Feature","properties":{"sub":"Government","name":"Medical veterinary office","area":0.03835628271,"main":"Institutional","domain":"Built-up"},"geometry":{"type":"Polygon","coordinates":[[[79.871938,6.850559],[79.871934,6.850402],[79.871731,6.850408],[79.871745,6.850569],[79.871938,6.850559]]]}},{"type":"Feature","properties":{"sub":"Retail","name":null,"area":0.30099578421,"main":"Commercial","domain":"Built-up"},"geometry":{"type":"Polygon","coordinates":[[[79.872284,6.851075],[79.872285,6.851037],[79.872328,6.851037],[79.87235,6.850234],[79.872153,6.850258],[79.8721,6.850272],[79.872027,6.850304],[79.872026,6.850426],[79.87204,6.850616],[79.872036,6.851078],[79.872284,6.851075]]]}},{"type":"Feature","properties":{"sub":"Office","name":"Gamini B Dodanwela Associates (Pvt) Ltd","area":0.04827431613,"main":"Commercial","domain":"Built-up"},"geometry":{"type":"Polygon","coordinates":[[[79.872284,6.851075],[79.872036,6.851078],[79.872042,6.85124],[79.872276,6.85124],[79.872284,6.851075]]]}},{"type":"Feature","properties":{"sub":"Retail","name":null,"area":0.22606103882,"main":"Commercial","domain":"Built-up"},"geometry":{"type":"Polygon","coordinates":[[[79.872369,6.851918],[79.872357,6.85147],[79.872265,6.851479],[79.872276,6.85124],[79.872042,6.85124],[79.872049,6.851375],[79.872073,6.851726],[79.872078,6.851937],[79.872369,6.851918]]]}},{"type":"Feature","properties":{"sub":"Retail","name":null,"area":0.22759864338,"main":"Commercial","domain":"Built-up"},"geometry":{"type":"Polygon","coordinates":[[[79.873028,6.850445],[79.873028,6.850344],[79.873016,6.850154],[79.872949,6.85016],[79.87277,6.850188],[79.872507,6.850216],[79.872352,6.850236],[79.872345,6.850497],[79.873028,6.850445]]]}},{"type":"Feature","properties":{"sub":"Retail","name":null,"area":0.14700354405,"main":"Commercial","domain":"Built-up"},"geometry":{"type":"Polygon","coordinates":[[[79.873476,6.850119],[79.873282,6.850128],[79.873072,6.850148],[79.873054,6.850185],[79.873058,6.850435],[79.873492,6.85039],[79.873476,6.850119]]]}},{"type":"Feature","properties":{"sub":"Church","name":"Karagampitiya Church","area":0.12869499561,"main":"Cultural","domain":"Built-up"},"geometry":{"type":"Polygon","coordinates":[[[79.873672,6.850107],[79.873476,6.850119],[79.873492,6.85039],[79.87352,6.850669],[79.873699,6.850661],[79.873672,6.850107]]]}},{"type":"Feature","properties":{"sub":"Retail","name":null,"area":0.09241850001,"main":"Commercial","domain":"Built-up"},"geometry":{"type":"Polygon","coordinates":[[[79.873278,6.849735],[79.873023,6.849729],[79.873042,6.850058],[79.873267,6.850034],[79.873278,6.849735]]]}},{"type":"Feature","properties":{"sub":"Retail","name":null,"area":0.20489189303,"main":"Commercial","domain":"Built-up"},"geometry":{"type":"Polygon","coordinates":[[[79.872919,6.850071],[79.872878,6.849643],[79.872524,6.849655],[79.87252,6.850114],[79.872919,6.850071]]]}},{"type":"Feature","properties":{"sub":"Temple/Shrine","name":"Sri Medhankara Viharaya","area":0.42192321879,"main":"Cultural","domain":"Built-up"},"geometry":{"type":"Polygon","coordinates":[[[79.8738,6.850844],[79.873706,6.85087],[79.873709,6.850965],[79.873623,6.851076],[79.873493,6.851225],[79.873665,6.851749],[79.873722,6.851723],[79.873788,6.851708],[79.873885,6.851703],[79.874019,6.851714],[79.874085,6.851729],[79.874116,6.851724],[79.874141,6.851688],[79.874162,6.851632],[79.874167,6.851561],[79.874152,6.851535],[79.87407,6.851458],[79.874014,6.851371],[79.873978,6.851248],[79.873979,6.851187],[79.873989,6.851131],[79.873938,6.851049],[79.873912,6.851023],[79.873882,6.851023],[79.873841,6.851018],[79.873815,6.850987],[79.8738,6.850844]]]}},{"type":"Feature","properties":{"sub":"Barren Land","name":null,"area":0.290341119,"main":"Barren Land","domain":"Non Built-up"},"geometry":{"type":"Polygon","coordinates":[[[79.873493,6.851225],[79.873338,6.851038],[79.873144,6.851095],[79.873328,6.85182],[79.87343,6.851815],[79.873496,6.851815],[79.873614,6.851779],[79.873665,6.851749],[79.873493,6.851225]]]}},{"type":"Feature","properties":{"sub":"Retail","name":null,"area":0.83150885701,"main":"Commercial","domain":"Built-up"},"geometry":{"type":"Polygon","coordinates":[[[79.873823,6.850493],[79.874128,6.850443],[79.874123,6.850271],[79.874247,6.850253],[79.874266,6.850339],[79.874484,6.850313],[79.874494,6.850351],[79.874751,6.850298],[79.875017,6.850282],[79.875443,6.850301],[79.875539,6.85032],[79.875517,6.850515],[79.875651,6.850533],[79.875718,6.85016],[79.875729,6.850037],[79.87574,6.849979],[79.87574,6.849931],[79.875737,6.849896],[79.875629,6.84991],[79.875397,6.849928],[79.875274,6.849934],[79.875123,6.849952],[79.874926,6.849979],[79.874509,6.850014],[79.873898,6.850088],[79.873795,6.850098],[79.873779,6.850113],[79.873768,6.850179],[79.873804,6.850317],[79.873823,6.850493]]]}},{"type":"Feature","properties":{"sub":"School","name":"Gateway College, Dehiwala","area":0.54225677411,"main":"Institutional","domain":"Built-up"},"geometry":{"type":"Polygon","coordinates":[[[79.875715,6.850477],[79.875681,6.850638],[79.875906,6.850583],[79.876005,6.850631],[79.876013,6.850885],[79.876096,6.850924],[79.876814,6.850908],[79.876845,6.850413],[79.876104,6.850441],[79.875715,6.850477]]]}},{"type":"Feature","properties":{"sub":"Low Rise","name":null,"area":0.72340328845,"main":"Residential","domain":"Built-up"},"geometry":{"type":"Polygon","coordinates":[[[79.877078,6.850239],[79.877022,6.849708],[79.876928,6.849725],[79.876784,6.849735],[79.876587,6.849763],[79.87638,6.849798],[79.876232,6.849826],[79.876191,6.849835],[79.876104,6.850441],[79.876845,6.850413],[79.877089,6.850362],[79.877084,6.850331],[79.877078,6.850239]]]}},{"type":"Feature","properties":{"sub":"Retail","name":null,"area":0.27529504302,"main":"Commercial","domain":"Built-up"},"geometry":{"type":"Polygon","coordinates":[[[79.876104,6.850441],[79.876191,6.849835],[79.876056,6.849864],[79.87599,6.849875],[79.875812,6.849886],[79.875779,6.850037],[79.875736,6.850327],[79.875726,6.850423],[79.875715,6.850477],[79.876104,6.850441]]]}},{"type":"Feature","properties":{"sub":"Hospital","name":"Vasana Hospital","area":0.39425404265,"main":"Institutional","domain":"Built-up"},"geometry":{"type":"Polygon","coordinates":[[[79.876762,6.849648],[79.876723,6.849004],[79.876846,6.849004],[79.876837,6.848832],[79.876441,6.84886],[79.876437,6.848968],[79.876337,6.84897],[79.876391,6.849706],[79.876511,6.84969],[79.876762,6.849648]]]}},{"type":"Feature","properties":{"sub":"School","name":"Al Jamiathul Ghawsiyya Arabic College","area":0.11296948179,"main":"Institutional","domain":"Built-up"},"geometry":{"type":"Polygon","coordinates":[[[79.875912,6.849395],[79.875851,6.848978],[79.875708,6.848978],[79.875658,6.84911],[79.87563,6.849118],[79.875702,6.849427],[79.875912,6.849395]]]}},{"type":"Feature","properties":{"sub":"Low Rise","name":null,"area":0.19883316161,"main":"Residential","domain":"Built-up"},"geometry":{"type":"Polygon","coordinates":[[[79.876373,6.849469],[79.876337,6.84897],[79.875916,6.848978],[79.875964,6.849286],[79.87614,6.849249],[79.87619,6.849489],[79.876373,6.849469]]]}},{"type":"Feature","properties":{"sub":"Retail","name":null,"area":0.16304058954,"main":"Commercial","domain":"Built-up"},"geometry":{"type":"Polygon","coordinates":[[[79.876373,6.849469],[79.87619,6.849489],[79.87614,6.849249],[79.875964,6.849286],[79.876008,6.849638],[79.876061,6.849749],[79.876391,6.849706],[79.876373,6.849469]]]}},{"type":"Feature","properties":{"sub":"Low Rise","name":null,"area":0.10857248582,"main":"Residential","domain":"Built-up"},"geometry":{"type":"Polygon","coordinates":[[[79.875702,6.849427],[79.87563,6.849118],[79.87533,6.849196],[79.875358,6.849256],[79.875421,6.849472],[79.875702,6.849427]]]}},{"type":"Feature","properties":{"sub":"Factory","name":"Sinwa Holdings Group","area":0.557449617,"main":"Industrial","domain":"Built-up"},"geometry":{"type":"Polygon","coordinates":[[[79.875851,6.848978],[79.875814,6.848687],[79.875837,6.848678],[79.875999,6.848632],[79.875999,6.848521],[79.875773,6.848478],[79.874977,6.848488],[79.875102,6.848717],[79.875204,6.848922],[79.87533,6.849196],[79.875658,6.84911],[79.875708,6.848978],[79.875851,6.848978]]]}},{"type":"Feature","properties":{"sub":"Low Rise","name":null,"area":0.05428514915,"main":"Residential","domain":"Built-up"},"geometry":{"type":"Polygon","coordinates":[[[79.876846,6.849004],[79.876723,6.849004],[79.876744,6.849358],[79.876876,6.849342],[79.876846,6.849004]]]}},{"type":"Feature","properties":{"sub":"Retail","name":"Re","area":0.19717541547,"main":"Commercial","domain":"Built-up"},"geometry":{"type":"Polygon","coordinates":[[[79.877078,6.848988],[79.876845,6.848981],[79.876876,6.849342],[79.876744,6.849358],[79.876762,6.849648],[79.877052,6.849636],[79.877055,6.849221],[79.877078,6.848988]]]}},{"type":"Feature","properties":{"sub":"Under Construction","name":null,"area":0.10598857766,"main":"Under Construction","domain":"Built-up"},"geometry":{"type":"Polygon","coordinates":[[[79.872769,6.855764],[79.872703,6.855995],[79.873001,6.856067],[79.873057,6.856014],[79.873107,6.855948],[79.87312,6.855926],[79.873087,6.855826],[79.872849,6.855781],[79.872769,6.855764]]]}},{"type":"Feature","properties":{"sub":"Park/Square","name":"Childrens park","area":0.20723983737,"main":"Public Space","domain":"Built-up"},"geometry":{"type":"Polygon","coordinates":[[[79.871286,6.856929],[79.870525,6.857432],[79.870597,6.857577],[79.870797,6.857458],[79.871043,6.857318],[79.871379,6.857121],[79.871286,6.856929]]]}},{"type":"Feature","properties":{"sub":"Low Rise","name":null,"area":0.89905745318,"main":"Residential","domain":"Built-up"},"geometry":{"type":"Polygon","coordinates":[[[79.870556,6.857687],[79.870994,6.85832],[79.870657,6.858563],[79.870671,6.858601],[79.870739,6.858698],[79.870993,6.858992],[79.871035,6.859036],[79.871094,6.858994],[79.871221,6.859074],[79.871405,6.858944],[79.871116,6.85856],[79.871072,6.858418],[79.871102,6.858418],[79.87114,6.85857],[79.871223,6.858658],[79.87137,6.858849],[79.871434,6.858924],[79.871502,6.858876],[79.871702,6.858715],[79.871278,6.858125],[79.871093,6.857856],[79.871083,6.857831],[79.871098,6.857821],[79.871045,6.857755],[79.870848,6.857848],[79.870697,6.857601],[79.870556,6.857687]]]}},{"type":"Feature","properties":{"sub":"Under Construction","name":null,"area":0.19633604204,"main":"Under Construction","domain":"Built-up"},"geometry":{"type":"Polygon","coordinates":[[[79.871112,6.857812],[79.871248,6.857745],[79.871295,6.8578],[79.871452,6.857709],[79.87122,6.857303],[79.870896,6.857487],[79.871045,6.857755],[79.871098,6.857821],[79.871112,6.857812]]]}},{"type":"Feature","properties":{"sub":"Under Construction","name":null,"area":0.33541943722,"main":"Under Construction","domain":"Built-up"},"geometry":{"type":"Polygon","coordinates":[[[79.870556,6.857687],[79.870416,6.857773],[79.870331,6.857837],[79.870281,6.857881],[79.870393,6.858028],[79.8705,6.858209],[79.870607,6.858419],[79.870657,6.858563],[79.870994,6.85832],[79.870556,6.857687]]]}},{"type":"Feature","properties":{"sub":"Temple/Shrine","name":null,"area":0.02719089301,"main":"Cultural","domain":"Built-up"},"geometry":{"type":"Polygon","coordinates":[[[79.869041,6.85666],[79.868986,6.856685],[79.868904,6.856712],[79.868891,6.856771],[79.8691,6.856866],[79.869041,6.85666]]]}},{"type":"Feature","properties":{"sub":"Barren Land","name":null,"area":0.03696554199,"main":"Barren Land","domain":"Non Built-up"},"geometry":{"type":"Polygon","coordinates":[[[79.865884,6.857308],[79.865869,6.857486],[79.866037,6.857494],[79.866043,6.857304],[79.865884,6.857308]]]}},{"type":"Feature","properties":{"sub":"Retail","name":"Alethena School (Pvt) Ltd - Primary School","area":0.07105985079,"main":"Commercial","domain":"Built-up"},"geometry":{"type":"Polygon","coordinates":[[[79.866359,6.858206],[79.866572,6.85827],[79.86662,6.858137],[79.866671,6.858023],[79.866427,6.857978],[79.866359,6.858206]]]}},{"type":"Feature","properties":{"sub":"Water","name":null,"area":0.10547789515,"main":"Water","domain":"Non Built-up"},"geometry":{"type":"Polygon","coordinates":[[[79.86727,6.856302],[79.867245,6.856295],[79.867119,6.856504],[79.866994,6.856751],[79.866879,6.856892],[79.866666,6.857227],[79.866631,6.857351],[79.866631,6.857395],[79.866684,6.857537],[79.866719,6.857678],[79.866718,6.857828],[79.866683,6.857996],[79.86662,6.858137],[79.866535,6.858357],[79.866363,6.858861],[79.866299,6.859145],[79.86633,6.859149],[79.866359,6.859011],[79.866407,6.858808],[79.866456,6.858662],[79.866566,6.858363],[79.866578,6.858321],[79.866613,6.858232],[79.866694,6.858042],[79.866723,6.857943],[79.86675,6.857805],[79.866745,6.857659],[79.866661,6.857393],[79.866689,6.857269],[79.866751,6.857143],[79.866859,6.856975],[79.867007,6.856767],[79.867151,6.856506],[79.86727,6.856302]]]}},{"type":"Feature","properties":{"sub":"School","name":"St. Mary's College","area":0.39424343693,"main":"Institutional","domain":"Built-up"},"geometry":{"type":"Polygon","coordinates":[[[79.866092,6.859998],[79.866184,6.859674],[79.866217,6.859492],[79.866224,6.859435],[79.866204,6.859435],[79.865711,6.859328],[79.865667,6.859611],[79.865655,6.85961],[79.865628,6.860021],[79.865816,6.860019],[79.866092,6.859998]]]}},{"type":"Feature","properties":{"sub":"Roads","name":null,"area":0.05380042447,"main":"Transport","domain":"Built-up"},"geometry":{"type":"Polygon","coordinates":[[[79.864629,6.859042],[79.864621,6.859076],[79.865711,6.859328],[79.865717,6.859284],[79.864629,6.859042]]]}},{"type":"Feature","properties":{"sub":"Retail","name":null,"area":0.05711871143,"main":"Commercial","domain":"Built-up"},"geometry":{"type":"Polygon","coordinates":[[[79.864826,6.859123],[79.864621,6.859076],[79.864566,6.859305],[79.864757,6.85934],[79.864826,6.859123]]]}},{"type":"Feature","properties":{"sub":"High Rise","name":null,"area":0.12587784127,"main":"Residential","domain":"Built-up"},"geometry":{"type":"Polygon","coordinates":[[[79.865925,6.855126],[79.865511,6.855102],[79.865459,6.855371],[79.865734,6.855401],[79.865754,6.8553],[79.865895,6.855304],[79.865925,6.855126]]]}},{"type":"Feature","properties":{"sub":"Retail","name":null,"area":0.39845779326,"main":"Commercial","domain":"Built-up"},"geometry":{"type":"Polygon","coordinates":[[[79.865609,6.85572],[79.865626,6.855586],[79.865827,6.855615],[79.865846,6.855436],[79.866338,6.855496],[79.866366,6.855281],[79.866193,6.855258],[79.866198,6.855199],[79.865919,6.855161],[79.865895,6.855304],[79.865754,6.855299],[79.865734,6.8554],[79.865459,6.85537],[79.86539,6.855707],[79.865387,6.855707],[79.865323,6.855973],[79.865631,6.856007],[79.865635,6.855956],[79.865669,6.85574],[79.865609,6.85572]]]}},{"type":"Feature","properties":{"sub":"Banks","name":"Nations Trust Bank Dehiwala Branch","area":0.06718525552,"main":"Commercial","domain":"Built-up"},"geometry":{"type":"Polygon","coordinates":[[[79.865626,6.85449],[79.865909,6.854529],[79.865942,6.854343],[79.865664,6.854295],[79.865626,6.85449]]]}},{"type":"Feature","properties":{"sub":"Banks","name":"Sampath Bank","area":0.06463812418,"main":"Commercial","domain":"Built-up"},"geometry":{"type":"Polygon","coordinates":[[[79.865909,6.854529],[79.865626,6.85449],[79.865595,6.85467],[79.865875,6.854715],[79.865909,6.854529]]]}},{"type":"Feature","properties":{"sub":"Banks","name":"Seylan Bank","area":0.06267490269,"main":"Commercial","domain":"Built-up"},"geometry":{"type":"Polygon","coordinates":[[[79.865594,6.85387],[79.865365,6.85382],[79.865298,6.854033],[79.865348,6.854043],[79.865521,6.854054],[79.865539,6.854046],[79.865559,6.85403],[79.865572,6.854013],[79.865594,6.85387]]]}},{"type":"Feature","properties":{"sub":"High Rise","name":null,"area":0.06639373488,"main":"Residential","domain":"Built-up"},"geometry":{"type":"Polygon","coordinates":[[[79.866554,6.856125],[79.866592,6.856131],[79.866735,6.856137],[79.866802,6.856145],[79.866808,6.855923],[79.866583,6.855891],[79.866554,6.856125]]]}},{"type":"Feature","properties":{"sub":"Banks","name":"Pan Asia Bank","area":0.03938960127,"main":"Commercial","domain":"Built-up"},"geometry":{"type":"Polygon","coordinates":[[[79.864984,6.856907],[79.864774,6.856857],[79.864738,6.857009],[79.86495,6.857047],[79.864984,6.856907]]]}},{"type":"Feature","properties":{"sub":"Retail","name":null,"area":0.05302426053,"main":"Commercial","domain":"Built-up"},"geometry":{"type":"Polygon","coordinates":[[[79.865033,6.856705],[79.864816,6.856671],[79.864774,6.856857],[79.864984,6.856907],[79.865033,6.856705]]]}},{"type":"Feature","properties":{"sub":"Retail","name":null,"area":0.0135201063,"main":"Commercial","domain":"Built-up"},"geometry":{"type":"Polygon","coordinates":[[[79.864984,6.856452],[79.864962,6.856566],[79.865064,6.85658],[79.865082,6.856508],[79.865077,6.856496],[79.865068,6.856483],[79.865052,6.856474],[79.865012,6.856458],[79.864984,6.856452]]]}},{"type":"Feature","properties":{"sub":"High Rise","name":null,"area":0.04244103734,"main":"Residential","domain":"Built-up"},"geometry":{"type":"Polygon","coordinates":[[[79.864119,6.858925],[79.864068,6.85916],[79.864209,6.859187],[79.864261,6.858955],[79.864119,6.858925]]]}},{"type":"Feature","properties":{"sub":"Low Rise","name":null,"area":0.01930532842,"main":"Residential","domain":"Built-up"},"geometry":{"type":"Polygon","coordinates":[[[79.864365,6.858981],[79.864261,6.858955],[79.864228,6.859107],[79.864333,6.85912],[79.864365,6.858981]]]}},{"type":"Feature","properties":{"sub":"Retail","name":null,"area":0.09873791786,"main":"Commercial","domain":"Built-up"},"geometry":{"type":"Polygon","coordinates":[[[79.864621,6.859975],[79.864565,6.859963],[79.864489,6.859941],[79.864446,6.859941],[79.864431,6.859943],[79.864419,6.859947],[79.86441,6.859963],[79.864321,6.860331],[79.864515,6.860356],[79.864621,6.859975]]]}},{"type":"Feature","properties":{"sub":"Retail","name":null,"area":0.0398747014,"main":"Commercial","domain":"Built-up"},"geometry":{"type":"Polygon","coordinates":[[[79.866479,6.86083],[79.866295,6.86078],[79.866254,6.860949],[79.866429,6.860999],[79.866479,6.86083]]]}},{"type":"Feature","properties":{"sub":"Dispensary","name":null,"area":0.04108484899,"main":"Institutional","domain":"Built-up"},"geometry":{"type":"Polygon","coordinates":[[[79.866295,6.86078],[79.866479,6.86083],[79.866491,6.86079],[79.866513,6.86071],[79.86643,6.860639],[79.866376,6.860574],[79.866357,6.86056],[79.866311,6.860713],[79.866295,6.86078]]]}},{"type":"Feature","properties":{"sub":"Retail","name":null,"area":0.02901754447,"main":"Commercial","domain":"Built-up"},"geometry":{"type":"Polygon","coordinates":[[[79.864168,6.861046],[79.864223,6.861077],[79.864292,6.861084],[79.864338,6.860908],[79.864199,6.860891],[79.864168,6.861046]]]}},{"type":"Feature","properties":{"sub":"Church","name":null,"area":0.04122315408,"main":"Cultural","domain":"Built-up"},"geometry":{"type":"Polygon","coordinates":[[[79.864356,6.860824],[79.864217,6.860803],[79.864199,6.860891],[79.864338,6.860908],[79.864579,6.860953],[79.864597,6.860865],[79.864356,6.860824]]]}},{"type":"Feature","properties":{"sub":"Retail","name":"Traditional Puppet Art Meusium","area":0.06356795281,"main":"Commercial","domain":"Built-up"},"geometry":{"type":"Polygon","coordinates":[[[79.866366,6.86147],[79.866709,6.861526],[79.866728,6.861387],[79.866705,6.861377],[79.866459,6.861322],[79.866412,6.861309],[79.866394,6.861365],[79.866366,6.86147]]]}},{"type":"Feature","properties":{"sub":"High Rise","name":null,"area":0.12873835362,"main":"Residential","domain":"Built-up"},"geometry":{"type":"Polygon","coordinates":[[[79.865972,6.862127],[79.865538,6.862032],[79.865479,6.862258],[79.865923,6.862358],[79.865972,6.862127]]]}},{"type":"Feature","properties":{"sub":"Low Rise","name":null,"area":0.3966800431,"main":"Residential","domain":"Built-up"},"geometry":{"type":"Polygon","coordinates":[[[79.864532,6.862491],[79.864614,6.862505],[79.865824,6.862791],[79.865833,6.862765],[79.865877,6.862558],[79.865422,6.862462],[79.864429,6.862211],[79.864412,6.862276],[79.864553,6.862319],[79.864532,6.862491]]]}},{"type":"Feature","properties":{"sub":"Low Rise","name":null,"area":0.11127168346,"main":"Residential","domain":"Built-up"},"geometry":{"type":"Polygon","coordinates":[[[79.865592,6.861828],[79.865539,6.862032],[79.865972,6.862127],[79.866014,6.861927],[79.865592,6.861828]]]}},{"type":"Feature","properties":{"sub":"Low Rise","name":null,"area":0.02296607892,"main":"Residential","domain":"Built-up"},"geometry":{"type":"Polygon","coordinates":[[[79.864527,6.861133],[79.864749,6.861187],[79.864807,6.861197],[79.864826,6.861132],[79.864531,6.861075],[79.864527,6.861133]]]}},{"type":"Feature","properties":{"sub":"Mixed Retail-Residential","name":null,"area":0.03345823113,"main":"Commercial","domain":"Built-up"},"geometry":{"type":"Polygon","coordinates":[[[79.864807,6.861197],[79.865127,6.861256],[79.865224,6.861276],[79.865231,6.861211],[79.864826,6.861132],[79.864807,6.861197]]]}},{"type":"Feature","properties":{"sub":"Government","name":"Public Complaints Unit","area":0.01190684868,"main":"Institutional","domain":"Built-up"},"geometry":{"type":"Polygon","coordinates":[[[79.865224,6.861276],[79.865364,6.861304],[79.865381,6.86124],[79.865231,6.861211],[79.865224,6.861276]]]}},{"type":"Feature","properties":{"sub":"Government","name":null,"area":0.03249603091,"main":"Institutional","domain":"Built-up"},"geometry":{"type":"Polygon","coordinates":[[[79.865364,6.861304],[79.865745,6.86138],[79.865765,6.861314],[79.865381,6.86124],[79.865364,6.861304]]]}},{"type":"Feature","properties":{"sub":"Dispensary","name":"Govt. Homoeopathic Medical Center","area":0.01554582822,"main":"Institutional","domain":"Built-up"},"geometry":{"type":"Polygon","coordinates":[[[79.865745,6.86138],[79.865932,6.861414],[79.865945,6.861349],[79.865765,6.861314],[79.865745,6.86138]]]}},{"type":"Feature","properties":{"sub":"Slum","name":null,"area":0.17460957831,"main":"Residential","domain":"Built-up"},"geometry":{"type":"Polygon","coordinates":[[[79.864042,6.863018],[79.863927,6.863002],[79.863785,6.863019],[79.863826,6.863085],[79.863861,6.863161],[79.863906,6.863217],[79.863955,6.863247],[79.864048,6.863291],[79.864114,6.863329],[79.864223,6.863375],[79.86438,6.863459],[79.864467,6.863284],[79.86426,6.863192],[79.864273,6.86311],[79.864042,6.863018]]]}},{"type":"Feature","properties":{"sub":"Low Rise","name":null,"area":0.04928472904,"main":"Residential","domain":"Built-up"},"geometry":{"type":"Polygon","coordinates":[[[79.864149,6.863586],[79.864195,6.86363],[79.864314,6.863708],[79.864349,6.863734],[79.86439,6.863509],[79.864376,6.863502],[79.864267,6.863431],[79.864149,6.863586]]]}},{"type":"Feature","properties":{"sub":"Retail","name":null,"area":0.03182438294,"main":"Commercial","domain":"Built-up"},"geometry":{"type":"Polygon","coordinates":[[[79.867159,6.864263],[79.866933,6.864257],[79.866933,6.864383],[79.867147,6.864374],[79.867159,6.864263]]]}},{"type":"Feature","properties":{"sub":"Retail","name":null,"area":0.03624872367,"main":"Commercial","domain":"Built-up"},"geometry":{"type":"Polygon","coordinates":[[[79.866933,6.864021],[79.867186,6.864027],[79.867196,6.863912],[79.866933,6.863906],[79.866933,6.864021]]]}},{"type":"Feature","properties":{"sub":"Retail","name":null,"area":0.20852222358,"main":"Commercial","domain":"Built-up"},"geometry":{"type":"Polygon","coordinates":[[[79.867586,6.864335],[79.867587,6.863894],[79.867242,6.863901],[79.867194,6.864372],[79.867393,6.864365],[79.867515,6.864353],[79.867586,6.864335]]]}},{"type":"Feature","properties":{"sub":"Mixed Retail-Residential","name":null,"area":0.05680607258,"main":"Commercial","domain":"Built-up"},"geometry":{"type":"Polygon","coordinates":[[[79.867257,6.863329],[79.867133,6.863319],[79.867127,6.863392],[79.867046,6.86339],[79.867054,6.863581],[79.86723,6.863599],[79.867245,6.863466],[79.867257,6.863329]]]}},{"type":"Feature","properties":{"sub":"Retail","name":null,"area":0.10286069086,"main":"Commercial","domain":"Built-up"},"geometry":{"type":"Polygon","coordinates":[[[79.865881,6.862804],[79.866222,6.862884],[79.86623,6.862858],[79.866266,6.862647],[79.865927,6.862569],[79.865918,6.862625],[79.865881,6.862794],[79.865881,6.862804]]]}},{"type":"Feature","properties":{"sub":"Low Rise","name":null,"area":0.48261406188,"main":"Residential","domain":"Built-up"},"geometry":{"type":"Polygon","coordinates":[[[79.867612,6.862763],[79.86756,6.862702],[79.867528,6.862632],[79.867477,6.862559],[79.867173,6.862458],[79.866925,6.862439],[79.866789,6.862461],[79.866719,6.862461],[79.866618,6.862445],[79.866339,6.862456],[79.866324,6.862522],[79.866295,6.862679],[79.866721,6.862754],[79.866843,6.862778],[79.866811,6.862867],[79.866951,6.862902],[79.866973,6.86286],[79.867348,6.86287],[79.867376,6.86274],[79.867612,6.862763]]]}},{"type":"Feature","properties":{"sub":"Roads","name":null,"area":0.14031036254,"main":"Transport","domain":"Built-up"},"geometry":{"type":"Polygon","coordinates":[[[79.867755,6.862732],[79.8677,6.862708],[79.867633,6.862664],[79.867585,6.862588],[79.867554,6.862518],[79.867424,6.862464],[79.867233,6.862394],[79.867113,6.862372],[79.866948,6.862359],[79.866754,6.862378],[79.866668,6.862369],[79.866351,6.8624],[79.866339,6.862456],[79.866618,6.862445],[79.866719,6.862461],[79.866789,6.862461],[79.866925,6.862439],[79.867173,6.862458],[79.867477,6.862559],[79.867528,6.862632],[79.86756,6.862702],[79.867612,6.862763],[79.867756,6.862778],[79.867755,6.862732]]]}},{"type":"Feature","properties":{"sub":"Retail","name":null,"area":0.05232994972,"main":"Commercial","domain":"Built-up"},"geometry":{"type":"Polygon","coordinates":[[[79.874416,6.860178],[79.874617,6.860233],[79.874635,6.860061],[79.874635,6.859959],[79.874507,6.859907],[79.874509,6.859924],[79.874505,6.860009],[79.874489,6.860074],[79.874454,6.860121],[79.874416,6.860178]]]}},{"type":"Feature","properties":{"sub":"Other higher edu.","name":"Vocational Training Center","area":0.05434463224,"main":"Institutional","domain":"Built-up"},"geometry":{"type":"Polygon","coordinates":[[[79.874436,6.859439],[79.874247,6.859453],[79.874247,6.859671],[79.87445,6.859678],[79.874436,6.859508],[79.874436,6.859439]]]}},{"type":"Feature","properties":{"sub":"Retail","name":null,"area":0.03151203694,"main":"Commercial","domain":"Built-up"},"geometry":{"type":"Polygon","coordinates":[[[79.873629,6.861001],[79.873635,6.861162],[79.87381,6.86117],[79.873815,6.861161],[79.873813,6.861104],[79.873815,6.86108],[79.873796,6.861045],[79.873756,6.861028],[79.873629,6.861001]]]}},{"type":"Feature","properties":{"sub":"Retail","name":null,"area":0.04389381598,"main":"Commercial","domain":"Built-up"},"geometry":{"type":"Polygon","coordinates":[[[79.873742,6.86143],[79.873559,6.861433],[79.873556,6.861645],[79.873672,6.861635],[79.873706,6.861627],[79.873727,6.861608],[79.873742,6.86143]]]}},{"type":"Feature","properties":{"sub":"Slum","name":null,"area":1.42503903651,"main":"Residential","domain":"Built-up"},"geometry":{"type":"Polygon","coordinates":[[[79.876434,6.860812],[79.875968,6.860472],[79.876177,6.860282],[79.876477,6.86075],[79.876525,6.860675],[79.876558,6.860613],[79.876644,6.860485],[79.87675,6.860376],[79.876855,6.860225],[79.876794,6.860179],[79.876877,6.860068],[79.876977,6.859881],[79.87678,6.859749],[79.876417,6.859519],[79.876404,6.859532],[79.876315,6.859595],[79.875974,6.85983],[79.875954,6.859988],[79.875893,6.860152],[79.875801,6.860276],[79.875581,6.860558],[79.875524,6.860661],[79.875927,6.861181],[79.876112,6.861089],[79.87625,6.860996],[79.876384,6.86088],[79.876434,6.860812]]]}},{"type":"Feature","properties":{"sub":"Playground","name":null,"area":0.10008596992,"main":"Public Space","domain":"Built-up"},"geometry":{"type":"Polygon","coordinates":[[[79.876261,6.860413],[79.876177,6.860468],[79.876073,6.860377],[79.875968,6.860472],[79.876434,6.860812],[79.876477,6.86075],[79.876261,6.860413]]]}},{"type":"Feature","properties":{"sub":"Temple/Shrine","name":null,"area":0.02140841337,"main":"Cultural","domain":"Built-up"},"geometry":{"type":"Polygon","coordinates":[[[79.876261,6.860413],[79.876177,6.860282],[79.876073,6.860377],[79.876177,6.860468],[79.876261,6.860413]]]}},{"type":"Feature","properties":{"sub":"High Rise","name":null,"area":0.03439036192,"main":"Residential","domain":"Built-up"},"geometry":{"type":"Polygon","coordinates":[[[79.877319,6.856122],[79.877284,6.855893],[79.877225,6.855904],[79.877176,6.855922],[79.877179,6.855927],[79.877183,6.85605],[79.877168,6.85614],[79.877319,6.856122]]]}},{"type":"Feature","properties":{"sub":"Government","name":"Sub Post Office","area":0.03278392951,"main":"Institutional","domain":"Built-up"},"geometry":{"type":"Polygon","coordinates":[[[79.876958,6.854997],[79.876935,6.854896],[79.876679,6.854961],[79.8767,6.855059],[79.876958,6.854997]]]}},{"type":"Feature","properties":{"sub":"Under Construction","name":null,"area":0.04748171682,"main":"Under Construction","domain":"Built-up"},"geometry":{"type":"Polygon","coordinates":[[[79.875848,6.854635],[79.875834,6.854554],[79.875627,6.854559],[79.875637,6.854804],[79.875704,6.854801],[79.875738,6.854789],[79.875757,6.854763],[79.875776,6.854669],[79.875799,6.854643],[79.875848,6.854635]]]}},{"type":"Feature","properties":{"sub":"Roads","name":null,"area":0.04501087126,"main":"Transport","domain":"Built-up"},"geometry":{"type":"Polygon","coordinates":[[[79.876765,6.85412],[79.876745,6.854086],[79.876645,6.854164],[79.876474,6.854221],[79.876293,6.854269],[79.875951,6.854324],[79.875951,6.854362],[79.876177,6.854345],[79.876393,6.854293],[79.876603,6.854219],[79.876765,6.85412]]]}},{"type":"Feature","properties":{"sub":"Mosque","name":"Muhiyadeen Masjid Boys Hostel","area":0.48429499938,"main":"Cultural","domain":"Built-up"},"geometry":{"type":"Polygon","coordinates":[[[79.865674,6.864484],[79.865664,6.86425],[79.865442,6.863787],[79.865421,6.863823],[79.865378,6.863846],[79.865358,6.863848],[79.865337,6.863843],[79.865195,6.864046],[79.864895,6.863927],[79.86483,6.864125],[79.864906,6.864215],[79.864971,6.864284],[79.864985,6.864339],[79.865033,6.864458],[79.865085,6.864529],[79.865156,6.864529],[79.865408,6.8645],[79.865674,6.864484]]]}},{"type":"Feature","properties":{"sub":"School","name":"Mount Royal Interntional School","area":0.06394932689,"main":"Institutional","domain":"Built-up"},"geometry":{"type":"Polygon","coordinates":[[[79.870413,6.847718],[79.870425,6.847599],[79.870162,6.847478],[79.870058,6.847611],[79.870316,6.847726],[79.870413,6.847718]]]}},{"type":"Feature","properties":{"sub":"Retail","name":null,"area":0.02503614904,"main":"Commercial","domain":"Built-up"},"geometry":{"type":"Polygon","coordinates":[[[79.870316,6.847726],[79.870058,6.847611],[79.86997,6.847725],[79.870254,6.847731],[79.870316,6.847726]]]}},{"type":"Feature","properties":{"sub":"Retail","name":null,"area":0.11155583943,"main":"Commercial","domain":"Built-up"},"geometry":{"type":"Polygon","coordinates":[[[79.870058,6.847766],[79.869972,6.847764],[79.869777,6.847783],[79.8697,6.847798],[79.869684,6.847811],[79.869677,6.847827],[79.869677,6.847862],[79.86975,6.848049],[79.870058,6.848013],[79.870058,6.847766]]]}},{"type":"Feature","properties":{"sub":"Roads","name":null,"area":0.06264735967,"main":"Transport","domain":"Built-up"},"geometry":{"type":"Polygon","coordinates":[[[79.871369,6.8461],[79.871319,6.846141],[79.87141,6.846183],[79.8716,6.846242],[79.871753,6.84628],[79.872074,6.846294],[79.872253,6.846341],[79.872417,6.846448],[79.87254,6.846548],[79.872604,6.846647],[79.872616,6.846631],[79.872566,6.846546],[79.872457,6.846444],[79.872243,6.84631],[79.872072,6.846268],[79.871904,6.846252],[79.871729,6.846224],[79.871586,6.846183],[79.871369,6.8461]]]}},{"type":"Feature","properties":{"sub":"Temple/Shrine","name":null,"area":0.05897769009,"main":"Cultural","domain":"Built-up"},"geometry":{"type":"Polygon","coordinates":[[[79.863075,6.845398],[79.862842,6.845407],[79.862841,6.845605],[79.863097,6.845593],[79.863075,6.845398]]]}},{"type":"Feature","properties":{"sub":"Government","name":null,"area":0.1809556078,"main":"Institutional","domain":"Built-up"},"geometry":{"type":"Polygon","coordinates":[[[79.8628,6.843657],[79.862541,6.843651],[79.862449,6.843865],[79.862405,6.844082],[79.862777,6.844118],[79.862777,6.844078],[79.8628,6.843745],[79.8628,6.843657]]]}},{"type":"Feature","properties":{"sub":"Retail","name":null,"area":0.07459297744,"main":"Commercial","domain":"Built-up"},"geometry":{"type":"Polygon","coordinates":[[[79.862541,6.843651],[79.8628,6.843657],[79.862801,6.843569],[79.862808,6.843372],[79.8626,6.843382],[79.862604,6.843471],[79.862554,6.843622],[79.862541,6.843651]]]}},{"type":"Feature","properties":{"sub":"Slum","name":null,"area":1.25185781941,"main":"Residential","domain":"Built-up"},"geometry":{"type":"Polygon","coordinates":[[[79.862741,6.846614],[79.862753,6.84633],[79.862764,6.84584],[79.862773,6.845354],[79.862777,6.844629],[79.862777,6.844118],[79.862405,6.844082],[79.8624,6.844107],[79.862426,6.844287],[79.862426,6.8444],[79.862501,6.84448],[79.862537,6.844711],[79.862384,6.844736],[79.862368,6.845058],[79.862372,6.845429],[79.862303,6.845541],[79.862235,6.845988],[79.862328,6.846259],[79.862291,6.846347],[79.862287,6.846408],[79.862326,6.846454],[79.862323,6.846572],[79.862741,6.846614]]]}},{"type":"Feature","properties":{"sub":"Coastal area","name":null,"area":2.67803785008,"main":"Coastal area","domain":"Non Built-up"},"geometry":{"type":"Polygon","coordinates":[[[79.862405,6.841309],[79.862415,6.841525],[79.862262,6.842106],[79.862232,6.842285],[79.862255,6.842371],[79.862256,6.842409],[79.862232,6.842465],[79.862258,6.842636],[79.862235,6.842915],[79.862587,6.842931],[79.86276,6.841362],[79.862405,6.841309]]]}},{"type":"Feature","properties":{"sub":"Rail Road","name":null,"area":0.42424997274,"main":"Transport","domain":"Built-up"},"geometry":{"type":"Polygon","coordinates":[[[79.862934,6.841388],[79.862904,6.841625],[79.862899,6.841694],[79.862846,6.842188],[79.862827,6.842533],[79.862817,6.842788],[79.862821,6.842935],[79.862857,6.842936],[79.862857,6.842659],[79.862865,6.842379],[79.862884,6.842174],[79.862907,6.841967],[79.862937,6.841598],[79.862962,6.841393],[79.862934,6.841388]]]}},{"type":"Feature","properties":{"sub":"Low Rise","name":null,"area":0.0830600978,"main":"Residential","domain":"Built-up"},"geometry":{"type":"Polygon","coordinates":[[[79.868209,6.845683],[79.868119,6.845548],[79.86821,6.845498],[79.868112,6.845332],[79.867894,6.845429],[79.86809,6.845741],[79.868209,6.845683]]]}},{"type":"Feature","properties":{"sub":"Barren Land","name":null,"area":0.06879565455,"main":"Barren Land","domain":"Non Built-up"},"geometry":{"type":"Polygon","coordinates":[[[79.868398,6.845576],[79.8682,6.845279],[79.868168,6.845306],[79.868112,6.845332],[79.86821,6.845498],[79.868119,6.845548],[79.868209,6.845683],[79.86829,6.845644],[79.868398,6.845576]]]}},{"type":"Feature","properties":{"sub":"Low Rise","name":null,"area":0.266467779,"main":"Residential","domain":"Built-up"},"geometry":{"type":"Polygon","coordinates":[[[79.868828,6.845094],[79.868729,6.845161],[79.86869,6.845145],[79.868733,6.845088],[79.868656,6.845001],[79.868616,6.845035],[79.868487,6.845059],[79.868362,6.845141],[79.8682,6.845279],[79.868398,6.845576],[79.868868,6.845282],[79.868956,6.845221],[79.868828,6.845094]]]}},{"type":"Feature","properties":{"sub":"Barren Land","name":null,"area":0.02491291123,"main":"Barren Land","domain":"Non Built-up"},"geometry":{"type":"Polygon","coordinates":[[[79.868933,6.844758],[79.868906,6.844791],[79.868845,6.844842],[79.868967,6.844959],[79.869056,6.844874],[79.868933,6.844758]]]}},{"type":"Feature","properties":{"sub":"Barren Land","name":null,"area":0.02843393116,"main":"Barren Land","domain":"Non Built-up"},"geometry":{"type":"Polygon","coordinates":[[[79.869073,6.844579],[79.869038,6.844629],[79.869006,6.844668],[79.869172,6.844777],[79.869253,6.844689],[79.869073,6.844579]]]}},{"type":"Feature","properties":{"sub":"Barren Land","name":null,"area":0.05151048743,"main":"Barren Land","domain":"Non Built-up"},"geometry":{"type":"Polygon","coordinates":[[[79.869055,6.845153],[79.868916,6.845021],[79.868858,6.845069],[79.868724,6.844944],[79.868656,6.845001],[79.868733,6.845088],[79.86869,6.845145],[79.868729,6.845161],[79.868828,6.845094],[79.868956,6.845221],[79.869055,6.845153]]]}},{"type":"Feature","properties":{"sub":"Barren Land","name":null,"area":0.1743848066,"main":"Barren Land","domain":"Non Built-up"},"geometry":{"type":"Polygon","coordinates":[[[79.867993,6.845325],[79.867948,6.845067],[79.868122,6.844971],[79.867991,6.8449],[79.868036,6.844736],[79.867891,6.844674],[79.867584,6.844707],[79.867582,6.844772],[79.867787,6.8448],[79.867841,6.844864],[79.867827,6.844905],[79.867782,6.84491],[79.867808,6.845145],[79.867894,6.845364],[79.867993,6.845325]]]}},{"type":"Feature","properties":{"sub":"Low Rise","name":null,"area":2.19232482178,"main":"Residential","domain":"Built-up"},"geometry":{"type":"Polygon","coordinates":[[[79.869616,6.843159],[79.869652,6.843125],[79.869658,6.843088],[79.869657,6.843014],[79.869623,6.842934],[79.8696,6.842895],[79.869587,6.842808],[79.869596,6.842746],[79.869603,6.842654],[79.869569,6.8425],[79.869508,6.842429],[79.869337,6.842434],[79.869189,6.842429],[79.86887,6.842423],[79.868789,6.842419],[79.868699,6.842371],[79.868618,6.842333],[79.868313,6.842322],[79.868218,6.842294],[79.868146,6.842295],[79.867937,6.842214],[79.867851,6.842187],[79.86777,6.842182],[79.867599,6.842155],[79.867524,6.842155],[79.867357,6.842122],[79.867237,6.842083],[79.867145,6.842453],[79.867065,6.842433],[79.867025,6.842603],[79.867322,6.84273],[79.867304,6.842848],[79.867323,6.842854],[79.86745,6.842857],[79.867609,6.842876],[79.867836,6.842911],[79.867891,6.842938],[79.867932,6.842992],[79.868007,6.84305],[79.868113,6.843091],[79.868195,6.843118],[79.868238,6.842838],[79.868411,6.842879],[79.8684,6.843194],[79.868543,6.843205],[79.868761,6.843196],[79.868874,6.843187],[79.868942,6.843175],[79.869022,6.843146],[79.869072,6.84312],[79.869116,6.84311],[79.869208,6.843108],[79.869285,6.843113],[79.869314,6.843125],[79.869394,6.843144],[79.869498,6.843154],[79.869616,6.843159]]]}},{"type":"Feature","properties":{"sub":"Barren Land","name":null,"area":0.03229061587,"main":"Barren Land","domain":"Non Built-up"},"geometry":{"type":"Polygon","coordinates":[[[79.869397,6.844321],[79.869282,6.844275],[79.869206,6.844392],[79.869161,6.844457],[79.869257,6.844515],[79.869397,6.844321]]]}},{"type":"Feature","properties":{"sub":"Roads","name":null,"area":0.11715452435,"main":"Transport","domain":"Built-up"},"geometry":{"type":"Polygon","coordinates":[[[79.869568,6.842432],[79.869508,6.842429],[79.869569,6.8425],[79.869603,6.842654],[79.869596,6.842746],[79.869587,6.842808],[79.8696,6.842895],[79.869623,6.842934],[79.869657,6.843014],[79.869658,6.843088],[79.869652,6.843125],[79.869616,6.843159],[79.869657,6.843169],[79.869684,6.843188],[79.869695,6.843304],[79.869707,6.84357],[79.869719,6.843669],[79.869719,6.843693],[79.869704,6.843734],[79.869632,6.843763],[79.869542,6.843811],[79.869489,6.843847],[79.869472,6.843869],[79.869377,6.844045],[79.869283,6.844173],[79.869335,6.844218],[79.869341,6.844181],[79.869368,6.844126],[79.869539,6.843851],[79.869582,6.84384],[79.869731,6.843761],[79.869745,6.843736],[79.869761,6.843628],[79.869745,6.843509],[79.869734,6.843239],[79.869712,6.843082],[79.86968,6.842928],[79.86965,6.842865],[79.869641,6.8428],[79.869642,6.842624],[79.869631,6.842571],[79.869642,6.842481],[79.869679,6.842423],[79.869568,6.842432]]]}},{"type":"Feature","properties":{"sub":"Retail","name":null,"area":0.13122976011,"main":"Commercial","domain":"Built-up"},"geometry":{"type":"Polygon","coordinates":[[[79.868205,6.845789],[79.868088,6.845863],[79.868125,6.845919],[79.86798,6.846015],[79.86814,6.846243],[79.868156,6.846255],[79.86819,6.846257],[79.868423,6.846124],[79.868285,6.845919],[79.868205,6.845789]]]}},{"type":"Feature","properties":{"sub":"Mosque","name":"Zainab Jumma Masjid","area":0.01803633187,"main":"Cultural","domain":"Built-up"},"geometry":{"type":"Polygon","coordinates":[[[79.86982,6.844782],[79.8698,6.844759],[79.86966,6.844825],[79.869613,6.844857],[79.869702,6.844931],[79.86982,6.844782]]]}},{"type":"Feature","properties":{"sub":"Low Rise","name":null,"area":0.53671475734,"main":"Residential","domain":"Built-up"},"geometry":{"type":"Polygon","coordinates":[[[79.869702,6.844931],[79.869613,6.844857],[79.869406,6.844994],[79.868655,6.845534],[79.868366,6.845689],[79.868205,6.845789],[79.868285,6.845919],[79.868423,6.846124],[79.868543,6.845994],[79.868746,6.845732],[79.868798,6.845695],[79.868896,6.845644],[79.869037,6.845563],[79.869135,6.845491],[79.869311,6.845369],[79.869425,6.845285],[79.869569,6.845168],[79.869653,6.845106],[79.869669,6.845031],[79.869702,6.844931]]]}},{"type":"Feature","properties":{"sub":"Roads","name":null,"area":0.11083016618,"main":"Transport","domain":"Built-up"},"geometry":{"type":"Polygon","coordinates":[[[79.868231,6.846281],[79.868306,6.846227],[79.868489,6.846113],[79.868547,6.846053],[79.868678,6.845881],[79.868751,6.845774],[79.868799,6.845742],[79.868973,6.84564],[79.869192,6.8455],[79.869387,6.845367],[79.869621,6.84519],[79.86968,6.845131],[79.869697,6.845096],[79.869727,6.845],[79.869735,6.844959],[79.869832,6.844796],[79.86982,6.844782],[79.869699,6.844934],[79.869669,6.845031],[79.869653,6.845106],[79.869569,6.845168],[79.869425,6.845285],[79.869311,6.845369],[79.869135,6.845491],[79.869037,6.845563],[79.868896,6.845644],[79.868798,6.845695],[79.868746,6.845732],[79.868543,6.845994],[79.868423,6.846124],[79.86819,6.846257],[79.868156,6.846255],[79.86814,6.846243],[79.868098,6.846184],[79.868079,6.846192],[79.868129,6.846284],[79.868178,6.846311],[79.868231,6.846281]]]}},{"type":"Feature","properties":{"sub":"Water","name":null,"area":0.08476717589,"main":"Water","domain":"Non Built-up"},"geometry":{"type":"Polygon","coordinates":[[[79.869848,6.844815],[79.869832,6.844796],[79.869735,6.844959],[79.869727,6.845],[79.869697,6.845096],[79.86968,6.845131],[79.869621,6.84519],[79.869387,6.845367],[79.869192,6.8455],[79.868973,6.84564],[79.868799,6.845742],[79.868751,6.845774],[79.868678,6.845881],[79.868547,6.846053],[79.868489,6.846113],[79.868306,6.846227],[79.868231,6.846281],[79.868178,6.846311],[79.868129,6.846284],[79.868079,6.846192],[79.868098,6.846184],[79.86798,6.846015],[79.867831,6.845816],[79.867809,6.845832],[79.867889,6.845942],[79.868023,6.846144],[79.868097,6.846271],[79.868158,6.84635],[79.868191,6.846323],[79.868325,6.846249],[79.86842,6.846185],[79.868568,6.846072],[79.868634,6.84598],[79.868763,6.84582],[79.868832,6.845754],[79.86893,6.845696],[79.869079,6.845588],[79.869193,6.845513],[79.869375,6.845398],[79.86957,6.845255],[79.869704,6.845143],[79.869729,6.845067],[79.869741,6.845008],[79.869758,6.844955],[79.869848,6.844815]]]}},{"type":"Feature","properties":{"sub":"Retail","name":null,"area":0.14137513952,"main":"Commercial","domain":"Built-up"},"geometry":{"type":"Polygon","coordinates":[[[79.868142,6.847742],[79.867809,6.847695],[79.86747,6.847652],[79.867517,6.847861],[79.867969,6.847925],[79.868012,6.847815],[79.868121,6.847839],[79.868142,6.847742]]]}},{"type":"Feature","properties":{"sub":"Office","name":"Nolimit Head Office","area":0.08246980021,"main":"Commercial","domain":"Built-up"},"geometry":{"type":"Polygon","coordinates":[[[79.867292,6.847595],[79.867466,6.847606],[79.867435,6.847215],[79.867257,6.847219],[79.867292,6.847595]]]}},{"type":"Feature","properties":{"sub":"Retail","name":"Blue Seas Guest House","area":0.13264028382,"main":"Commercial","domain":"Built-up"},"geometry":{"type":"Polygon","coordinates":[[[79.865166,6.841722],[79.865165,6.841732],[79.865266,6.841737],[79.865166,6.841722]]]}},{"type":"Feature","properties":{"sub":"Roads","name":null,"area":0.02755713381,"main":"Transport","domain":"Built-up"},"geometry":{"type":"Polygon","coordinates":[[[79.874654,6.86023],[79.874617,6.860233],[79.874631,6.860785],[79.874676,6.860782],[79.874654,6.86023]]]}},{"type":"Feature","properties":{"sub":"Government","name":"Post Office","area":0.01517933846,"main":"Institutional","domain":"Built-up"},"geometry":{"type":"Polygon","coordinates":[[[79.864292,6.861084],[79.864344,6.861089],[79.864527,6.861133],[79.864531,6.861075],[79.864306,6.861032],[79.864292,6.861084]]]}},{"type":"Feature","properties":{"sub":"Low Rise","name":null,"area":0.78325595497,"main":"Residential","domain":"Built-up"},"geometry":{"type":"Polygon","coordinates":[[[79.863086,6.854896],[79.862743,6.8548],[79.862106,6.854615],[79.861867,6.854539],[79.861305,6.854376],[79.86126,6.854572],[79.861619,6.854672],[79.861539,6.854957],[79.86171,6.855011],[79.861796,6.854718],[79.86214,6.854819],[79.862104,6.854989],[79.862308,6.855039],[79.862279,6.855169],[79.862954,6.855333],[79.863086,6.854896]]]}},{"type":"Feature","properties":{"sub":"High Rise","name":null,"area":0.15173953702,"main":"Residential","domain":"Built-up"},"geometry":{"type":"Polygon","coordinates":[[[79.863353,6.85497],[79.863086,6.854896],[79.862954,6.855333],[79.86322,6.855396],[79.863353,6.85497]]]}},{"type":"Feature","properties":{"sub":"High Rise","name":null,"area":0.06603427549,"main":"Residential","domain":"Built-up"},"geometry":{"type":"Polygon","coordinates":[[[79.863833,6.855105],[79.863621,6.855045],[79.863549,6.855271],[79.863777,6.855335],[79.863833,6.855105]]]}},{"type":"Feature","properties":{"sub":"Barren Land","name":null,"area":0.04425887982,"main":"Barren Land","domain":"Non Built-up"},"geometry":{"type":"Polygon","coordinates":[[[79.862859,6.844072],[79.862853,6.844185],[79.862862,6.844276],[79.863026,6.844281],[79.863037,6.84407],[79.862859,6.844072]]]}},{"type":"Feature","properties":{"sub":"Barren Land","name":null,"area":0.08508902717,"main":"Barren Land","domain":"Non Built-up"},"geometry":{"type":"Polygon","coordinates":[[[79.863126,6.843916],[79.863137,6.843654],[79.86288,6.84364],[79.862877,6.843738],[79.862867,6.843921],[79.863126,6.843916]]]}},{"type":"Feature","properties":{"sub":"Retail","name":null,"area":0.1078471603,"main":"Commercial","domain":"Built-up"},"geometry":{"type":"Polygon","coordinates":[[[79.864711,6.858073],[79.864756,6.857871],[79.864402,6.857786],[79.864351,6.858025],[79.86452,6.85807],[79.864628,6.85809],[79.864678,6.85809],[79.864711,6.858073]]]}},{"type":"Feature","properties":{"sub":"Barren Land","name":null,"area":0.04122615694,"main":"Barren Land","domain":"Non Built-up"},"geometry":{"type":"Polygon","coordinates":[[[79.860646,6.857231],[79.860591,6.857478],[79.860729,6.857506],[79.860769,6.857255],[79.860646,6.857231]]]}},{"type":"Feature","properties":{"sub":"Low Rise","name":null,"area":2.51888941794,"main":"Residential","domain":"Built-up"},"geometry":{"type":"Polygon","coordinates":[[[79.869927,6.860074],[79.869915,6.860451],[79.869938,6.860482],[79.869986,6.860498],[79.87092,6.860568],[79.870914,6.860623],[79.870359,6.860572],[79.870323,6.860592],[79.870295,6.860798],[79.870307,6.860833],[79.870523,6.860853],[79.870527,6.860893],[79.870283,6.860873],[79.870269,6.860923],[79.870234,6.86123],[79.87023,6.861617],[79.870214,6.861757],[79.870267,6.861934],[79.870315,6.861965],[79.870529,6.861928],[79.870672,6.86192],[79.870856,6.861894],[79.871319,6.861772],[79.87134,6.861679],[79.871393,6.860901],[79.871414,6.860735],[79.871415,6.86061],[79.871373,6.860559],[79.871011,6.860278],[79.870617,6.859893],[79.870513,6.85981],[79.870436,6.859881],[79.870302,6.859991],[79.870258,6.860016],[79.870157,6.86006],[79.870076,6.860072],[79.870028,6.860077],[79.869927,6.860074]]]}},{"type":"Feature","properties":{"sub":"Roads","name":null,"area":0.22177817087,"main":"Transport","domain":"Built-up"},"geometry":{"type":"Polygon","coordinates":[[[79.869869,6.860074],[79.869857,6.860469],[79.869843,6.860695],[79.86957,6.860683],[79.869577,6.860726],[79.869871,6.860736],[79.869903,6.860532],[79.870212,6.860552],[79.870252,6.86057],[79.870266,6.860611],[79.870222,6.860964],[79.870196,6.861125],[79.870166,6.861599],[79.870158,6.861742],[79.870188,6.861847],[79.870196,6.861894],[79.87017,6.861989],[79.870315,6.861965],[79.870267,6.861934],[79.870214,6.861757],[79.87023,6.861617],[79.870234,6.86123],[79.870269,6.860923],[79.870283,6.860873],[79.870527,6.860893],[79.870523,6.860853],[79.870307,6.860833],[79.870295,6.860798],[79.870323,6.860592],[79.870359,6.860572],[79.870914,6.860623],[79.87092,6.860568],[79.869986,6.860498],[79.869938,6.860482],[79.869915,6.860451],[79.869927,6.860074],[79.869869,6.860074]]]}},{"type":"Feature","properties":{"sub":"Under Construction","name":null,"area":0.06115465857,"main":"Under Construction","domain":"Built-up"},"geometry":{"type":"Polygon","coordinates":[[[79.865533,6.863247],[79.865509,6.863436],[79.8658,6.86344],[79.865809,6.863278],[79.865533,6.863247]]]}},{"type":"Feature","properties":{"sub":"Temple/Shrine","name":null,"area":0.03786927107,"main":"Cultural","domain":"Built-up"},"geometry":{"type":"Polygon","coordinates":[[[79.87753,6.858283],[79.877403,6.858243],[79.877313,6.85844],[79.877448,6.858499],[79.877473,6.858425],[79.87753,6.858283]]]}},{"type":"Feature","properties":{"sub":"Slum","name":null,"area":0.34230148864,"main":"Residential","domain":"Built-up"},"geometry":{"type":"Polygon","coordinates":[[[79.877751,6.857323],[79.877751,6.85759],[79.877656,6.858072],[79.877601,6.858287],[79.877334,6.858945],[79.877119,6.859459],[79.877195,6.8595],[79.877486,6.858767],[79.8776,6.858524],[79.877688,6.858296],[79.877769,6.85816],[79.87784,6.85797],[79.877931,6.857772],[79.877957,6.857693],[79.877951,6.857603],[79.877962,6.857437],[79.877975,6.857321],[79.877751,6.857323]]]}},{"type":"Feature","properties":{"sub":"High Rise","name":null,"area":0.13320243771,"main":"Residential","domain":"Built-up"},"geometry":{"type":"Polygon","coordinates":[[[79.865301,6.858939],[79.865639,6.859025],[79.865708,6.858731],[79.865364,6.858629],[79.865301,6.858939]]]}},{"type":"Feature","properties":{"sub":"High Rise","name":null,"area":0.09756971814,"main":"Residential","domain":"Built-up"},"geometry":{"type":"Polygon","coordinates":[[[79.865771,6.859055],[79.865987,6.859103],[79.866065,6.858734],[79.865876,6.85868],[79.865771,6.859055]]]}},{"type":"Feature","properties":{"sub":"Low Rise","name":null,"area":3.06897024269,"main":"Residential","domain":"Built-up"},"geometry":{"type":"Polygon","coordinates":[[[79.868473,6.850927],[79.86839,6.850943],[79.867992,6.851035],[79.868053,6.851209],[79.867814,6.851252],[79.867841,6.851483],[79.867639,6.851493],[79.867615,6.85112],[79.867343,6.851171],[79.867167,6.851199],[79.86702,6.851226],[79.86683,6.85125],[79.866838,6.851423],[79.866653,6.851434],[79.866653,6.851606],[79.866915,6.851583],[79.867165,6.851577],[79.867248,6.851577],[79.867345,6.851605],[79.86738,6.851661],[79.867401,6.851765],[79.867434,6.852578],[79.867434,6.852654],[79.867406,6.852682],[79.867357,6.852696],[79.867218,6.852695],[79.866871,6.852688],[79.86685,6.852702],[79.866815,6.852729],[79.866805,6.852964],[79.867204,6.852985],[79.86741,6.852975],[79.867475,6.852921],[79.867529,6.852823],[79.86766,6.852834],[79.867616,6.852986],[79.867768,6.853062],[79.867767,6.853127],[79.867723,6.853506],[79.867873,6.853489],[79.867965,6.853457],[79.868104,6.853416],[79.868263,6.853346],[79.868425,6.853251],[79.868434,6.853172],[79.868447,6.852921],[79.868441,6.852642],[79.868403,6.852404],[79.868371,6.852157],[79.868352,6.851681],[79.868377,6.851519],[79.86845,6.851332],[79.868517,6.851211],[79.868473,6.850927]]]}},{"type":"Feature","properties":{"sub":"Low Rise","name":null,"area":0.98261130833,"main":"Residential","domain":"Built-up"},"geometry":{"type":"Polygon","coordinates":[[[79.868451,6.853846],[79.86844,6.853661],[79.868439,6.853356],[79.868342,6.853391],[79.868164,6.853438],[79.868022,6.853492],[79.867917,6.853544],[79.867811,6.853556],[79.867723,6.853537],[79.867656,6.853507],[79.86761,6.853449],[79.867388,6.853347],[79.867184,6.853304],[79.867062,6.853298],[79.866793,6.8533],[79.866785,6.853876],[79.866812,6.853879],[79.867042,6.853924],[79.867458,6.853908],[79.868451,6.853846]]]}},{"type":"Feature","properties":{"sub":"Roads","name":null,"area":0.26748455684,"main":"Transport","domain":"Built-up"},"geometry":{"type":"Polygon","coordinates":[[[79.868482,6.85373],[79.868488,6.853306],[79.868493,6.853209],[79.868495,6.853043],[79.868479,6.852723],[79.868476,6.852618],[79.868442,6.852347],[79.868421,6.852127],[79.868409,6.851926],[79.868413,6.851665],[79.868427,6.851506],[79.868446,6.851456],[79.868575,6.851229],[79.868522,6.850983],[79.868507,6.85092],[79.868473,6.850927],[79.868517,6.851211],[79.86845,6.851332],[79.868377,6.851519],[79.868352,6.851681],[79.868371,6.852157],[79.868403,6.852404],[79.868441,6.852642],[79.868447,6.852921],[79.868434,6.853172],[79.868425,6.853251],[79.868263,6.853346],[79.868104,6.853416],[79.867965,6.853457],[79.867873,6.853489],[79.867723,6.853506],[79.867528,6.853365],[79.867322,6.8533],[79.867181,6.853267],[79.866793,6.853266],[79.866793,6.8533],[79.867062,6.853298],[79.867184,6.853304],[79.867388,6.853347],[79.86761,6.853449],[79.867656,6.853507],[79.867723,6.853537],[79.867811,6.853556],[79.867917,6.853544],[79.868022,6.853492],[79.868164,6.853438],[79.868342,6.853391],[79.868439,6.853356],[79.86844,6.853661],[79.868451,6.853846],[79.868493,6.853845],[79.868482,6.85373]]]}},{"type":"Feature","properties":{"sub":"Mosque","name":"Masjid Al Azhar Mosque","area":0.05049464084,"main":"Cultural","domain":"Built-up"},"geometry":{"type":"Polygon","coordinates":[[[79.867729,6.855363],[79.867723,6.855371],[79.867688,6.855486],[79.867662,6.855546],[79.867785,6.855661],[79.86794,6.855538],[79.867729,6.855363]]]}},{"type":"Feature","properties":{"sub":"Retail","name":null,"area":0.19841057702,"main":"Commercial","domain":"Built-up"},"geometry":{"type":"Polygon","coordinates":[[[79.872814,6.852629],[79.872534,6.852222],[79.87218,6.852334],[79.872292,6.852478],[79.872376,6.852594],[79.872414,6.852632],[79.87247,6.852695],[79.872645,6.852667],[79.872814,6.852629]]]}},{"type":"Feature","properties":{"sub":"Under Construction","name":null,"area":0.11385590941,"main":"Under Construction","domain":"Built-up"},"geometry":{"type":"Polygon","coordinates":[[[79.876935,6.856429],[79.876729,6.856494],[79.87679,6.856873],[79.877021,6.856883],[79.876935,6.856429]]]}},{"type":"Feature","properties":{"sub":"Barren Land","name":null,"area":0.29406607101,"main":"Barren Land","domain":"Non Built-up"},"geometry":{"type":"Polygon","coordinates":[[[79.87152,6.85978],[79.871569,6.859829],[79.871695,6.859935],[79.871849,6.860088],[79.871906,6.860128],[79.871976,6.859564],[79.872179,6.859616],[79.872255,6.859566],[79.872231,6.85944],[79.872024,6.859397],[79.871786,6.859219],[79.871717,6.859283],[79.871857,6.859545],[79.871824,6.859642],[79.871722,6.859592],[79.87152,6.85978]]]}},{"type":"Feature","properties":{"sub":"Retail","name":null,"area":0.03649106965,"main":"Commercial","domain":"Built-up"},"geometry":{"type":"Polygon","coordinates":[[[79.874662,6.859528],[79.874634,6.859298],[79.874594,6.859306],[79.874519,6.859328],[79.874516,6.85948],[79.874519,6.859549],[79.874662,6.859528]]]}},{"type":"Feature","properties":{"sub":"Roads","name":null,"area":0.04602007335,"main":"Transport","domain":"Built-up"},"geometry":{"type":"Polygon","coordinates":[[[79.86773,6.859615],[79.867738,6.859697],[79.867715,6.860428],[79.86776,6.860429],[79.867788,6.859647],[79.86773,6.859615]]]}},{"type":"Feature","properties":{"sub":"Low Rise","name":null,"area":0.56478032058,"main":"Residential","domain":"Built-up"},"geometry":{"type":"Polygon","coordinates":[[[79.868028,6.859676],[79.868027,6.859731],[79.867943,6.859728],[79.867935,6.859893],[79.867779,6.859895],[79.86776,6.860429],[79.868454,6.860445],[79.868503,6.86045],[79.868446,6.860281],[79.868425,6.860105],[79.86843,6.859877],[79.868425,6.859705],[79.868028,6.859676]]]}},{"type":"Feature","properties":{"sub":"Retail","name":null,"area":0.02159495961,"main":"Commercial","domain":"Built-up"},"geometry":{"type":"Polygon","coordinates":[[[79.867734,6.859803],[79.867738,6.859697],[79.86773,6.859615],[79.867676,6.859613],[79.867647,6.859625],[79.867637,6.859809],[79.867734,6.859803]]]}},{"type":"Feature","properties":{"sub":"Retail","name":null,"area":0.05101511079,"main":"Commercial","domain":"Built-up"},"geometry":{"type":"Polygon","coordinates":[[[79.868028,6.859676],[79.867851,6.85966],[79.867788,6.859647],[79.867779,6.859895],[79.867935,6.859893],[79.867943,6.859728],[79.868027,6.859731],[79.868028,6.859676]]]}},{"type":"Feature","properties":{"sub":"Low Rise","name":null,"area":0.33422420206,"main":"Residential","domain":"Built-up"},"geometry":{"type":"Polygon","coordinates":[[[79.867496,6.860478],[79.867391,6.860478],[79.867164,6.860498],[79.867236,6.86134],[79.867453,6.861358],[79.867535,6.86137],[79.867496,6.860478]]]}},{"type":"Feature","properties":{"sub":"Roads","name":null,"area":0.06596034488,"main":"Transport","domain":"Built-up"},"geometry":{"type":"Polygon","coordinates":[[[79.867496,6.860478],[79.867535,6.86137],[79.867605,6.861385],[79.867547,6.860478],[79.867496,6.860478]]]}},{"type":"Feature","properties":{"sub":"Retail","name":"LPF Academy","area":0.22115597834,"main":"Commercial","domain":"Built-up"},"geometry":{"type":"Polygon","coordinates":[[[79.875528,6.851839],[79.874788,6.851835],[79.874823,6.85207],[79.875209,6.852018],[79.875326,6.852118],[79.875469,6.852217],[79.875528,6.852131],[79.875544,6.852057],[79.875538,6.851998],[79.875544,6.851932],[79.875528,6.851839]]]}},{"type":"Feature","properties":{"sub":"Low Rise","name":null,"area":0.03758615936,"main":"Residential","domain":"Built-up"},"geometry":{"type":"Polygon","coordinates":[[[79.866206,6.843321],[79.866208,6.843236],[79.866402,6.843246],[79.866422,6.84318],[79.866354,6.843176],[79.866116,6.843173],[79.866087,6.843171],[79.866089,6.84323],[79.866086,6.843317],[79.866206,6.843321]]]}},{"type":"Feature","properties":{"sub":"Low Rise","name":null,"area":2.50100925206,"main":"Residential","domain":"Built-up"},"geometry":{"type":"Polygon","coordinates":[[[79.864815,6.844407],[79.864824,6.843946],[79.865197,6.843973],[79.865196,6.844215],[79.86602,6.844208],[79.866021,6.84398],[79.865468,6.843963],[79.865472,6.843923],[79.865744,6.843935],[79.866069,6.84394],[79.866092,6.843746],[79.866312,6.843762],[79.866329,6.843644],[79.865932,6.843628],[79.865957,6.843486],[79.865671,6.84347],[79.865679,6.843139],[79.865456,6.843123],[79.865156,6.843111],[79.865145,6.843406],[79.864919,6.843397],[79.864771,6.843394],[79.864773,6.843095],[79.864617,6.843089],[79.864382,6.843092],[79.864376,6.843399],[79.864049,6.843381],[79.864053,6.843083],[79.863743,6.84307],[79.86353,6.843051],[79.863518,6.843302],[79.863262,6.843289],[79.863261,6.843255],[79.863213,6.843253],[79.863134,6.843253],[79.862903,6.843232],[79.862893,6.843487],[79.862888,6.843561],[79.863119,6.843565],[79.863549,6.843593],[79.863753,6.843604],[79.864715,6.843645],[79.865023,6.843663],[79.865379,6.843671],[79.865373,6.843723],[79.864805,6.843708],[79.864653,6.843697],[79.864464,6.843718],[79.864424,6.843738],[79.864408,6.843788],[79.8644,6.844291],[79.864402,6.844371],[79.864444,6.844395],[79.864717,6.844402],[79.864815,6.844407]]]}},{"type":"Feature","properties":{"sub":"Parking","name":null,"area":0.10749735061,"main":"Transport","domain":"Built-up"},"geometry":{"type":"Polygon","coordinates":[[[79.863226,6.843013],[79.863182,6.84301],[79.863176,6.843253],[79.863261,6.843255],[79.863262,6.843289],[79.863518,6.843302],[79.86353,6.843051],[79.863376,6.843035],[79.863226,6.843013]]]}}]}