{"type":"FeatureCollection","features":[{"type":"Feature","properties":{"id":5.0,"fsi":0.0,"gsi":0.0,"osr":1.0,"entropy":0.4729,"umi":0.4066,"landuse":"Commercial","cent":0.3393},"geometry":{"type":"Polygon","coordinates":[[[79.859511,6.862389],[79.859536,6.862402],[79.859605,6.862444],[79.85966,6.862481],[79.859781,6.862553],[79.859791,6.862557],[79.859776,6.862593],[79.859935,6.862602],[79.859963,6.862602],[79.859964,6.862328],[79.859526,6.862327],[79.859511,6.862389]]]}},{"type":"Feature","properties":{"id":6.0,"fsi":0.1731,"gsi":0.1731,"osr":0.8269,"entropy":0.3604,"umi":0.3868,"landuse":"Commercial","cent":0.2894},"geometry":{"type":"Polygon","coordinates":[[[79.859615,6.861966],[79.859572,6.862114],[79.859546,6.862244],[79.859526,6.862327],[79.859964,6.862328],[79.859965,6.861876],[79.85964,6.861875],[79.859615,6.861966]]]}},{"type":"Feature","properties":{"id":7.0,"fsi":0.0814,"gsi":0.0814,"osr":0.9186,"entropy":0.1799,"umi":0.316,"landuse":"Commercial","cent":0.2548},"geometry":{"type":"Polygon","coordinates":[[[79.859714,6.86155],[79.859689,6.86172],[79.859645,6.861856],[79.85964,6.861875],[79.859965,6.861876],[79.859966,6.861424],[79.859731,6.861423],[79.859714,6.86155]]]}},{"type":"Feature","properties":{"id":8.0,"fsi":0.0655,"gsi":0.0655,"osr":0.9345,"entropy":0.1669,"umi":0.3086,"landuse":"Commercial","cent":0.2475},"geometry":{"type":"Polygon","coordinates":[[[79.859806,6.860978],[79.859775,6.861132],[79.859757,6.861271],[79.859734,6.861401],[79.859731,6.861423],[79.859966,6.861424],[79.859967,6.860972],[79.859807,6.860971],[79.859806,6.860978]]]}},{"type":"Feature","properties":{"id":9.0,"fsi":0.0895,"gsi":0.0895,"osr":0.9105,"entropy":0.1617,"umi":0.306,"landuse":"Commercial","cent":0.2273},"geometry":{"type":"Polygon","coordinates":[[[79.859871,6.860532],[79.859827,6.860686],[79.859817,6.860813],[79.859807,6.860971],[79.859967,6.860972],[79.859968,6.860519],[79.859872,6.860519],[79.859871,6.860532]]]}},{"type":"Feature","properties":{"id":10.0,"fsi":0.0,"gsi":0.0,"osr":1.0,"entropy":0.218,"umi":0.3086,"landuse":"Coastal area","cent":0.2194},"geometry":{"type":"Polygon","coordinates":[[[79.859895,6.860092],[79.859893,6.86018],[79.859883,6.860378],[79.859872,6.860519],[79.859968,6.860519],[79.859969,6.860067],[79.859897,6.860067],[79.859895,6.860092]]]}},{"type":"Feature","properties":{"id":11.0,"fsi":0.0,"gsi":0.0,"osr":1.0,"entropy":0.0,"umi":0.2439,"landuse":"Coastal area","cent":0.2072},"geometry":{"type":"Polygon","coordinates":[[[79.85996,6.859667],[79.859943,6.85974],[79.85993,6.859827],[79.859921,6.859896],[79.8599,6.860015],[79.859897,6.860067],[79.859969,6.860067],[79.85997,6.859631],[79.85996,6.859667]]]}},{"type":"Feature","properties":{"id":57.0,"fsi":0.0,"gsi":0.0,"osr":1.0,"entropy":0.2904,"umi":0.3475,"landuse":"Transport","cent":0.3059},"geometry":{"type":"Polygon","coordinates":[[[79.860289,6.862601],[79.860415,6.862611],[79.860416,6.862329],[79.859964,6.862328],[79.859963,6.862602],[79.860289,6.862601]]]}},{"type":"Feature","properties":{"id":58.0,"fsi":0.3177,"gsi":0.3177,"osr":0.6823,"entropy":0.4093,"umi":0.4184,"landuse":"Transport","cent":0.2828},"geometry":{"type":"Polygon","coordinates":[[[79.859964,6.862328],[79.860416,6.862329],[79.860417,6.861877],[79.859965,6.861876],[79.859964,6.862328]]]}},{"type":"Feature","properties":{"id":59.0,"fsi":0.1181,"gsi":0.1181,"osr":0.8819,"entropy":0.402,"umi":0.3817,"landuse":"Transport","cent":0.2437},"geometry":{"type":"Polygon","coordinates":[[[79.859965,6.861876],[79.860417,6.861877],[79.860418,6.861425],[79.859966,6.861424],[79.859965,6.861876]]]}},{"type":"Feature","properties":{"id":60.0,"fsi":0.0781,"gsi":0.0781,"osr":0.9219,"entropy":0.2748,"umi":0.3394,"landuse":"Transport","cent":0.2402},"geometry":{"type":"Polygon","coordinates":[[[79.859966,6.861424],[79.860418,6.861425],[79.860419,6.860973],[79.859967,6.860972],[79.859966,6.861424]]]}},{"type":"Feature","properties":{"id":61.0,"fsi":0.0525,"gsi":0.0525,"osr":0.9475,"entropy":0.5095,"umi":0.4033,"landuse":"Transport","cent":0.2419},"geometry":{"type":"Polygon","coordinates":[[[79.859967,6.860972],[79.860419,6.860973],[79.86042,6.86052],[79.859968,6.860519],[79.859967,6.860972]]]}},{"type":"Feature","properties":{"id":62.0,"fsi":0.0216,"gsi":0.0216,"osr":0.9784,"entropy":0.4727,"umi":0.3876,"landuse":"Industrial","cent":0.237},"geometry":{"type":"Polygon","coordinates":[[[79.859968,6.860519],[79.86042,6.86052],[79.860421,6.860068],[79.859969,6.860067],[79.859968,6.860519]]]}},{"type":"Feature","properties":{"id":63.0,"fsi":0.0483,"gsi":0.0483,"osr":0.9517,"entropy":0.5162,"umi":0.4036,"landuse":"Commercial","cent":0.2371},"geometry":{"type":"Polygon","coordinates":[[[79.85997,6.859631],[79.859969,6.860067],[79.860421,6.860068],[79.860422,6.859616],[79.859974,6.859615],[79.85997,6.859631]]]}},{"type":"Feature","properties":{"id":64.0,"fsi":0.0658,"gsi":0.0658,"osr":0.9342,"entropy":0.4844,"umi":0.3907,"landuse":"Commercial","cent":0.2081},"geometry":{"type":"Polygon","coordinates":[[[79.860005,6.859263],[79.859992,6.859547],[79.859974,6.859615],[79.860422,6.859616],[79.860424,6.859164],[79.860015,6.859163],[79.860005,6.859263]]]}},{"type":"Feature","properties":{"id":65.0,"fsi":0.0946,"gsi":0.0946,"osr":0.9054,"entropy":0.5254,"umi":0.4083,"landuse":"Commercial","cent":0.2183},"geometry":{"type":"Polygon","coordinates":[[[79.860082,6.858757],[79.860058,6.858901],[79.860036,6.85903],[79.860015,6.859163],[79.860424,6.859164],[79.860425,6.858712],[79.860091,6.858711],[79.860082,6.858757]]]}},{"type":"Feature","properties":{"id":66.0,"fsi":0.1213,"gsi":0.1213,"osr":0.8787,"entropy":0.3642,"umi":0.3611,"landuse":"Coastal area","cent":0.1953},"geometry":{"type":"Polygon","coordinates":[[[79.860183,6.858284],[79.86016,6.858374],[79.860133,6.858471],[79.860112,6.858568],[79.860104,6.85865],[79.860091,6.858711],[79.860425,6.858712],[79.860426,6.858259],[79.860186,6.858259],[79.860183,6.858284]]]}},{"type":"Feature","properties":{"id":67.0,"fsi":0.1219,"gsi":0.1219,"osr":0.8781,"entropy":0.2927,"umi":0.3419,"landuse":"Coastal area","cent":0.2006},"geometry":{"type":"Polygon","coordinates":[[[79.860246,6.857866],[79.860236,6.857952],[79.860216,6.858049],[79.860196,6.858169],[79.860186,6.858259],[79.860426,6.858259],[79.860427,6.857807],[79.86026,6.857807],[79.860246,6.857866]]]}},{"type":"Feature","properties":{"id":68.0,"fsi":0.5072,"gsi":0.5072,"osr":0.4928,"entropy":0.253,"umi":0.384,"landuse":"Commercial","cent":0.2126},"geometry":{"type":"Polygon","coordinates":[[[79.860392,6.857355],[79.860352,6.857497],[79.860304,6.857654],[79.860269,6.857765],[79.86026,6.857807],[79.860427,6.857807],[79.860428,6.857355],[79.860392,6.857355]]]}},{"type":"Feature","properties":{"id":69.0,"fsi":0.0,"gsi":0.0,"osr":1.0,"entropy":0.0,"umi":0.2461,"landuse":"Coastal area","cent":0.2174},"geometry":{"type":"Polygon","coordinates":[[[79.860428,6.857236],[79.860392,6.857355],[79.860428,6.857355],[79.860428,6.857236]]]}},{"type":"Feature","properties":{"id":109.0,"fsi":0.0,"gsi":0.0,"osr":1.0,"entropy":0.2805,"umi":0.3186,"landuse":"Water","cent":0.1828},"geometry":{"type":"Polygon","coordinates":[[[79.860546,6.862622],[79.860868,6.862548],[79.860868,6.86233],[79.860416,6.862329],[79.860415,6.862611],[79.860546,6.862622]]]}},{"type":"Feature","properties":{"id":110.0,"fsi":0.3357,"gsi":0.3357,"osr":0.6643,"entropy":0.2518,"umi":0.3547,"landuse":"Residential","cent":0.1828},"geometry":{"type":"Polygon","coordinates":[[[79.860416,6.862329],[79.860868,6.86233],[79.86087,6.861878],[79.860417,6.861877],[79.860416,6.862329]]]}},{"type":"Feature","properties":{"id":111.0,"fsi":0.4064,"gsi":0.4064,"osr":0.5936,"entropy":0.3342,"umi":0.3876,"landuse":"Residential","cent":0.1831},"geometry":{"type":"Polygon","coordinates":[[[79.860417,6.861877],[79.86087,6.861878],[79.860871,6.861426],[79.860418,6.861425],[79.860417,6.861877]]]}},{"type":"Feature","properties":{"id":112.0,"fsi":0.2249,"gsi":0.2249,"osr":0.7751,"entropy":0.3924,"umi":0.3711,"landuse":"Transport","cent":0.1399},"geometry":{"type":"Polygon","coordinates":[[[79.860418,6.861425],[79.860871,6.861426],[79.860872,6.860974],[79.860419,6.860973],[79.860418,6.861425]]]}},{"type":"Feature","properties":{"id":113.0,"fsi":0.1798,"gsi":0.1798,"osr":0.8202,"entropy":0.4099,"umi":0.3852,"landuse":"Public Space","cent":0.2112},"geometry":{"type":"Polygon","coordinates":[[[79.860419,6.860973],[79.860872,6.860974],[79.860873,6.860522],[79.86042,6.86052],[79.860419,6.860973]]]}},{"type":"Feature","properties":{"id":114.0,"fsi":0.0195,"gsi":0.0195,"osr":0.9805,"entropy":0.209,"umi":0.3153,"landuse":"Public Space","cent":0.2509},"geometry":{"type":"Polygon","coordinates":[[[79.86042,6.86052],[79.860873,6.860522],[79.860874,6.860069],[79.860421,6.860068],[79.86042,6.86052]]]}},{"type":"Feature","properties":{"id":115.0,"fsi":0.4757,"gsi":0.4757,"osr":0.5243,"entropy":0.1879,"umi":0.3649,"landuse":"Residential","cent":0.2295},"geometry":{"type":"Polygon","coordinates":[[[79.860421,6.860068],[79.860874,6.860069],[79.860875,6.859617],[79.860422,6.859616],[79.860421,6.860068]]]}},{"type":"Feature","properties":{"id":116.0,"fsi":0.3428,"gsi":0.3428,"osr":0.6572,"entropy":0.1733,"umi":0.3497,"landuse":"Residential","cent":0.2601},"geometry":{"type":"Polygon","coordinates":[[[79.860422,6.859616],[79.860875,6.859617],[79.860876,6.859165],[79.860424,6.859164],[79.860422,6.859616]]]}},{"type":"Feature","properties":{"id":117.0,"fsi":0.3117,"gsi":0.3117,"osr":0.6883,"entropy":0.3995,"umi":0.4057,"landuse":"Commercial","cent":0.24},"geometry":{"type":"Polygon","coordinates":[[[79.860424,6.859164],[79.860876,6.859165],[79.860877,6.858713],[79.860425,6.858712],[79.860424,6.859164]]]}},{"type":"Feature","properties":{"id":118.0,"fsi":0.2754,"gsi":0.2754,"osr":0.7246,"entropy":0.3993,"umi":0.3972,"landuse":"Commercial","cent":0.2223},"geometry":{"type":"Polygon","coordinates":[[[79.860425,6.858712],[79.860877,6.858713],[79.860878,6.85826],[79.860426,6.858259],[79.860425,6.858712]]]}},{"type":"Feature","properties":{"id":119.0,"fsi":0.1923,"gsi":0.1923,"osr":0.8077,"entropy":0.5223,"umi":0.4203,"landuse":"Residential","cent":0.2182},"geometry":{"type":"Polygon","coordinates":[[[79.860426,6.858259],[79.860878,6.85826],[79.860879,6.857808],[79.860427,6.857807],[79.860426,6.858259]]]}},{"type":"Feature","properties":{"id":120.0,"fsi":0.1537,"gsi":0.1537,"osr":0.8463,"entropy":0.5561,"umi":0.4256,"landuse":"Commercial","cent":0.2217},"geometry":{"type":"Polygon","coordinates":[[[79.860427,6.857807],[79.860879,6.857808],[79.86088,6.857356],[79.860428,6.857355],[79.860427,6.857807]]]}},{"type":"Feature","properties":{"id":121.0,"fsi":0.062,"gsi":0.062,"osr":0.938,"entropy":0.5934,"umi":0.425,"landuse":"Residential","cent":0.2257},"geometry":{"type":"Polygon","coordinates":[[[79.860485,6.856968],[79.86046,6.8571],[79.860428,6.857236],[79.860428,6.857355],[79.86088,6.857356],[79.860881,6.856904],[79.860495,6.856903],[79.860485,6.856968]]]}},{"type":"Feature","properties":{"id":122.0,"fsi":0.0621,"gsi":0.0621,"osr":0.9379,"entropy":0.5016,"umi":0.4026,"landuse":"Commercial","cent":0.2435},"geometry":{"type":"Polygon","coordinates":[[[79.860525,6.856548],[79.860518,6.856633],[79.860514,6.856725],[79.860506,6.856832],[79.860495,6.856903],[79.860881,6.856904],[79.860882,6.856452],[79.860536,6.856451],[79.860525,6.856548]]]}},{"type":"Feature","properties":{"id":123.0,"fsi":0.0421,"gsi":0.0421,"osr":0.9579,"entropy":0.3684,"umi":0.3642,"landuse":"Commercial","cent":0.2535},"geometry":{"type":"Polygon","coordinates":[[[79.86055,6.855999],[79.860547,6.856242],[79.860545,6.856326],[79.860538,6.856437],[79.860536,6.856451],[79.860882,6.856452],[79.860884,6.855999],[79.86055,6.855999]]]}},{"type":"Feature","properties":{"id":124.0,"fsi":0.0984,"gsi":0.0984,"osr":0.9016,"entropy":0.3418,"umi":0.3591,"landuse":"Commercial","cent":0.23},"geometry":{"type":"Polygon","coordinates":[[[79.860598,6.855547],[79.860594,6.855645],[79.860571,6.855775],[79.860552,6.855895],[79.86055,6.855999],[79.860884,6.855999],[79.860885,6.855547],[79.860598,6.855547]]]}},{"type":"Feature","properties":{"id":125.0,"fsi":0.0583,"gsi":0.0583,"osr":0.9417,"entropy":0.4152,"umi":0.3703,"landuse":"Coastal area","cent":0.2095},"geometry":{"type":"Polygon","coordinates":[[[79.86067,6.855181],[79.86065,6.855278],[79.860643,6.855309],[79.860632,6.855375],[79.860618,6.855421],[79.860601,6.855501],[79.860598,6.855547],[79.860885,6.855547],[79.860886,6.855095],[79.860682,6.855095],[79.86067,6.855181]]]}},{"type":"Feature","properties":{"id":126.0,"fsi":0.0749,"gsi":0.0749,"osr":0.9251,"entropy":0.2804,"umi":0.3206,"landuse":"Coastal area","cent":0.1456},"geometry":{"type":"Polygon","coordinates":[[[79.860748,6.854642],[79.860731,6.854841],[79.860709,6.854979],[79.860685,6.855075],[79.860682,6.855095],[79.860886,6.855095],[79.860887,6.854643],[79.860748,6.854642]]]}},{"type":"Feature","properties":{"id":127.0,"fsi":0.0,"gsi":0.0,"osr":1.0,"entropy":0.0088,"umi":0.2328,"landuse":"Coastal area","cent":0.1427},"geometry":{"type":"Polygon","coordinates":[[[79.860815,6.854233],[79.860794,6.854325],[79.860775,6.854429],[79.860754,6.854572],[79.860748,6.854642],[79.860887,6.854643],[79.860888,6.854191],[79.860821,6.85419],[79.860815,6.854233]]]}},{"type":"Feature","properties":{"id":128.0,"fsi":0.0,"gsi":0.0,"osr":1.0,"entropy":0.0,"umi":0.2296,"landuse":"Coastal area","cent":0.1397},"geometry":{"type":"Polygon","coordinates":[[[79.860878,6.853738],[79.860868,6.853859],[79.860848,6.853969],[79.86083,6.854127],[79.860821,6.85419],[79.860888,6.854191],[79.860889,6.853738],[79.860878,6.853738]]]}},{"type":"Feature","properties":{"id":129.0,"fsi":0.0,"gsi":0.0,"osr":1.0,"entropy":0.0,"umi":0.2289,"landuse":"Coastal area","cent":0.1366},"geometry":{"type":"Polygon","coordinates":[[[79.860887,6.853345],[79.86088,6.853432],[79.860881,6.853552],[79.86088,6.853642],[79.860879,6.853729],[79.860878,6.853738],[79.860889,6.853738],[79.86089,6.853336],[79.860887,6.853345]]]}},{"type":"Feature","properties":{"id":161.0,"fsi":0.0,"gsi":0.0,"osr":1.0,"entropy":0.2276,"umi":0.3029,"landuse":"Water","cent":0.1797},"geometry":{"type":"Polygon","coordinates":[[[79.861021,6.862513],[79.861321,6.862488],[79.861321,6.862331],[79.860868,6.86233],[79.860868,6.862548],[79.861021,6.862513]]]}},{"type":"Feature","properties":{"id":162.0,"fsi":0.1651,"gsi":0.1651,"osr":0.8349,"entropy":0.3846,"umi":0.3614,"landuse":"Residential","cent":0.1419},"geometry":{"type":"Polygon","coordinates":[[[79.860868,6.86233],[79.861321,6.862331],[79.861322,6.861879],[79.86087,6.861878],[79.860868,6.86233]]]}},{"type":"Feature","properties":{"id":163.0,"fsi":0.3598,"gsi":0.3598,"osr":0.6402,"entropy":0.1262,"umi":0.3167,"landuse":"Residential","cent":0.1569},"geometry":{"type":"Polygon","coordinates":[[[79.86087,6.861878],[79.861322,6.861879],[79.861323,6.861427],[79.860871,6.861426],[79.86087,6.861878]]]}},{"type":"Feature","properties":{"id":164.0,"fsi":0.2947,"gsi":0.2947,"osr":0.7053,"entropy":0.2044,"umi":0.3219,"landuse":"Residential","cent":0.1171},"geometry":{"type":"Polygon","coordinates":[[[79.860871,6.861426],[79.861323,6.861427],[79.861324,6.860975],[79.860872,6.860974],[79.860871,6.861426]]]}},{"type":"Feature","properties":{"id":165.0,"fsi":0.1741,"gsi":0.1741,"osr":0.8259,"entropy":0.3803,"umi":0.3741,"landuse":"Public Space","cent":0.2024},"geometry":{"type":"Polygon","coordinates":[[[79.860872,6.860974],[79.861324,6.860975],[79.861325,6.860523],[79.860873,6.860522],[79.860872,6.860974]]]}},{"type":"Feature","properties":{"id":166.0,"fsi":0.3361,"gsi":0.3361,"osr":0.6639,"entropy":0.2121,"umi":0.3505,"landuse":"Public Space","cent":0.2159},"geometry":{"type":"Polygon","coordinates":[[[79.860873,6.860522],[79.861325,6.860523],[79.861326,6.86007],[79.860874,6.860069],[79.860873,6.860522]]]}},{"type":"Feature","properties":{"id":167.0,"fsi":0.464,"gsi":0.464,"osr":0.536,"entropy":0.3284,"umi":0.3988,"landuse":"Residential","cent":0.2078},"geometry":{"type":"Polygon","coordinates":[[[79.860874,6.860069],[79.861326,6.86007],[79.861327,6.859618],[79.860875,6.859617],[79.860874,6.860069]]]}},{"type":"Feature","properties":{"id":168.0,"fsi":0.5304,"gsi":0.5304,"osr":0.4696,"entropy":0.0,"umi":0.3125,"landuse":"Residential","cent":0.2005},"geometry":{"type":"Polygon","coordinates":[[[79.860875,6.859617],[79.861327,6.859618],[79.861328,6.859166],[79.860876,6.859165],[79.860875,6.859617]]]}},{"type":"Feature","properties":{"id":169.0,"fsi":0.4242,"gsi":0.4242,"osr":0.5758,"entropy":0.1356,"umi":0.3371,"landuse":"Residential","cent":0.2005},"geometry":{"type":"Polygon","coordinates":[[[79.860876,6.859165],[79.861328,6.859166],[79.86133,6.858714],[79.860877,6.858713],[79.860876,6.859165]]]}},{"type":"Feature","properties":{"id":170.0,"fsi":0.4879,"gsi":0.4879,"osr":0.5121,"entropy":0.1947,"umi":0.3594,"landuse":"Residential","cent":0.1868},"geometry":{"type":"Polygon","coordinates":[[[79.860877,6.858713],[79.86133,6.858714],[79.861331,6.858262],[79.860878,6.85826],[79.860877,6.858713]]]}},{"type":"Feature","properties":{"id":171.0,"fsi":0.5868,"gsi":0.5868,"osr":0.4132,"entropy":0.2048,"umi":0.3732,"landuse":"Residential","cent":0.1768},"geometry":{"type":"Polygon","coordinates":[[[79.860878,6.85826],[79.861331,6.858262],[79.861332,6.857809],[79.860879,6.857808],[79.860878,6.85826]]]}},{"type":"Feature","properties":{"id":172.0,"fsi":0.5577,"gsi":0.5577,"osr":0.4423,"entropy":0.1415,"umi":0.3523,"landuse":"Residential","cent":0.1809},"geometry":{"type":"Polygon","coordinates":[[[79.860879,6.857808],[79.861332,6.857809],[79.861333,6.857357],[79.86088,6.857356],[79.860879,6.857808]]]}},{"type":"Feature","properties":{"id":173.0,"fsi":0.541,"gsi":0.541,"osr":0.459,"entropy":0.3224,"umi":0.4011,"landuse":"Residential","cent":0.1789},"geometry":{"type":"Polygon","coordinates":[[[79.86088,6.857356],[79.861333,6.857357],[79.861334,6.856905],[79.860881,6.856904],[79.86088,6.857356]]]}},{"type":"Feature","properties":{"id":174.0,"fsi":0.9,"gsi":0.4724,"osr":0.5276,"entropy":0.3365,"umi":0.4555,"landuse":"Residential","cent":0.1927},"geometry":{"type":"Polygon","coordinates":[[[79.860881,6.856904],[79.861334,6.856905],[79.861335,6.856453],[79.860882,6.856452],[79.860881,6.856904]]]}},{"type":"Feature","properties":{"id":175.0,"fsi":0.4034,"gsi":0.4034,"osr":0.5966,"entropy":0.2925,"umi":0.3788,"landuse":"Residential","cent":0.1993},"geometry":{"type":"Polygon","coordinates":[[[79.860882,6.856452],[79.861335,6.856453],[79.861336,6.856001],[79.860884,6.855999],[79.860882,6.856452]]]}},{"type":"Feature","properties":{"id":176.0,"fsi":0.1986,"gsi":0.1986,"osr":0.8014,"entropy":0.2427,"umi":0.33,"landuse":"Residential","cent":0.1636},"geometry":{"type":"Polygon","coordinates":[[[79.860884,6.855999],[79.861336,6.856001],[79.861337,6.855548],[79.860885,6.855547],[79.860884,6.855999]]]}},{"type":"Feature","properties":{"id":177.0,"fsi":0.1469,"gsi":0.1469,"osr":0.8531,"entropy":0.4567,"umi":0.3846,"landuse":"Residential","cent":0.166},"geometry":{"type":"Polygon","coordinates":[[[79.860885,6.855547],[79.861337,6.855548],[79.861338,6.855096],[79.860886,6.855095],[79.860885,6.855547]]]}},{"type":"Feature","properties":{"id":178.0,"fsi":0.1087,"gsi":0.1087,"osr":0.8913,"entropy":0.5117,"umi":0.3849,"landuse":"Residential","cent":0.1174},"geometry":{"type":"Polygon","coordinates":[[[79.860886,6.855095],[79.861338,6.855096],[79.861339,6.854644],[79.860887,6.854643],[79.860886,6.855095]]]}},{"type":"Feature","properties":{"id":179.0,"fsi":0.2582,"gsi":0.2582,"osr":0.7418,"entropy":0.5045,"umi":0.408,"landuse":"Commercial","cent":0.1427},"geometry":{"type":"Polygon","coordinates":[[[79.860887,6.854643],[79.861339,6.854644],[79.86134,6.854192],[79.860888,6.854191],[79.860887,6.854643]]]}},{"type":"Feature","properties":{"id":180.0,"fsi":0.1371,"gsi":0.1371,"osr":0.8629,"entropy":0.227,"umi":0.3124,"landuse":"Residential","cent":0.1397},"geometry":{"type":"Polygon","coordinates":[[[79.860888,6.854191],[79.86134,6.854192],[79.861341,6.853739],[79.860889,6.853738],[79.860888,6.854191]]]}},{"type":"Feature","properties":{"id":181.0,"fsi":0.004,"gsi":0.004,"osr":0.996,"entropy":0.277,"umi":0.3083,"landuse":"Residential","cent":0.1366},"geometry":{"type":"Polygon","coordinates":[[[79.86089,6.853336],[79.860889,6.853738],[79.861341,6.853739],[79.861342,6.853287],[79.860905,6.853286],[79.86089,6.853336]]]}},{"type":"Feature","properties":{"id":182.0,"fsi":0.0486,"gsi":0.0486,"osr":0.9514,"entropy":0.2613,"umi":0.3069,"landuse":"Coastal area","cent":0.1231},"geometry":{"type":"Polygon","coordinates":[[[79.861017,6.852886],[79.860995,6.852934],[79.860998,6.852981],[79.860998,6.853047],[79.860994,6.853083],[79.860976,6.853096],[79.86097,6.853126],[79.860943,6.8532],[79.860913,6.853263],[79.860905,6.853286],[79.861342,6.853287],[79.861344,6.852835],[79.861034,6.852834],[79.861017,6.852886]]]}},{"type":"Feature","properties":{"id":183.0,"fsi":0.1333,"gsi":0.1333,"osr":0.8667,"entropy":0.2584,"umi":0.3159,"landuse":"Coastal area","cent":0.1169},"geometry":{"type":"Polygon","coordinates":[[[79.861157,6.852446],[79.861137,6.852519],[79.861124,6.852584],[79.8611,6.852652],[79.861068,6.852726],[79.861048,6.852782],[79.861034,6.852834],[79.861344,6.852835],[79.861345,6.852383],[79.861183,6.852382],[79.861157,6.852446]]]}},{"type":"Feature","properties":{"id":184.0,"fsi":0.0114,"gsi":0.0114,"osr":0.9886,"entropy":0.0344,"umi":0.2349,"landuse":"Coastal area","cent":0.1114},"geometry":{"type":"Polygon","coordinates":[[[79.861259,6.852179],[79.861211,6.852302],[79.861183,6.852382],[79.861345,6.852383],[79.861346,6.851931],[79.86134,6.851931],[79.861259,6.852179]]]}},{"type":"Feature","properties":{"id":185.0,"fsi":0.0,"gsi":0.0,"osr":1.0,"entropy":0.0,"umi":0.223,"landuse":"Coastal area","cent":0.1086},"geometry":{"type":"Polygon","coordinates":[[[79.861346,6.851912],[79.86134,6.851931],[79.861346,6.851931],[79.861346,6.851912]]]}},{"type":"Feature","properties":{"id":213.0,"fsi":0.0,"gsi":0.0,"osr":1.0,"entropy":0.0145,"umi":0.2416,"landuse":"Water","cent":0.1766},"geometry":{"type":"Polygon","coordinates":[[[79.861429,6.862479],[79.861773,6.862438],[79.861773,6.862333],[79.861321,6.862331],[79.861321,6.862488],[79.861429,6.862479]]]}},{"type":"Feature","properties":{"id":214.0,"fsi":0.0765,"gsi":0.0765,"osr":0.9235,"entropy":0.4528,"umi":0.3711,"landuse":"Residential","cent":0.1514},"geometry":{"type":"Polygon","coordinates":[[[79.861321,6.862331],[79.861773,6.862333],[79.861775,6.86188],[79.861322,6.861879],[79.861321,6.862331]]]}},{"type":"Feature","properties":{"id":215.0,"fsi":0.4829,"gsi":0.4829,"osr":0.5171,"entropy":0.0,"umi":0.3053,"landuse":"Residential","cent":0.196},"geometry":{"type":"Polygon","coordinates":[[[79.861322,6.861879],[79.861775,6.86188],[79.861776,6.861428],[79.861323,6.861427],[79.861322,6.861879]]]}},{"type":"Feature","properties":{"id":216.0,"fsi":0.3317,"gsi":0.3317,"osr":0.6683,"entropy":0.244,"umi":0.3381,"landuse":"Residential","cent":0.1171},"geometry":{"type":"Polygon","coordinates":[[[79.861323,6.861427],[79.861776,6.861428],[79.861777,6.860976],[79.861324,6.860975],[79.861323,6.861427]]]}},{"type":"Feature","properties":{"id":217.0,"fsi":0.1685,"gsi":0.1685,"osr":0.8315,"entropy":0.4103,"umi":0.3794,"landuse":"Residential","cent":0.1903},"geometry":{"type":"Polygon","coordinates":[[[79.861324,6.860975],[79.861777,6.860976],[79.861778,6.860524],[79.861325,6.860523],[79.861324,6.860975]]]}},{"type":"Feature","properties":{"id":218.0,"fsi":0.2513,"gsi":0.2513,"osr":0.7487,"entropy":0.5562,"umi":0.4302,"landuse":"Public Space","cent":0.1825},"geometry":{"type":"Polygon","coordinates":[[[79.861325,6.860523],[79.861778,6.860524],[79.861779,6.860071],[79.861326,6.86007],[79.861325,6.860523]]]}},{"type":"Feature","properties":{"id":219.0,"fsi":0.2964,"gsi":0.2964,"osr":0.7036,"entropy":0.2445,"umi":0.3518,"landuse":"Residential","cent":0.2033},"geometry":{"type":"Polygon","coordinates":[[[79.861326,6.86007],[79.861779,6.860071],[79.86178,6.859619],[79.861327,6.859618],[79.861326,6.86007]]]}},{"type":"Feature","properties":{"id":220.0,"fsi":0.427,"gsi":0.427,"osr":0.573,"entropy":0.3332,"umi":0.3937,"landuse":"Residential","cent":0.2005},"geometry":{"type":"Polygon","coordinates":[[[79.861327,6.859618],[79.86178,6.859619],[79.861781,6.859167],[79.861328,6.859166],[79.861327,6.859618]]]}},{"type":"Feature","properties":{"id":221.0,"fsi":0.4763,"gsi":0.4763,"osr":0.5237,"entropy":0.0905,"umi":0.3311,"landuse":"Residential","cent":0.2005},"geometry":{"type":"Polygon","coordinates":[[[79.861328,6.859166],[79.861781,6.859167],[79.861782,6.858715],[79.86133,6.858714],[79.861328,6.859166]]]}},{"type":"Feature","properties":{"id":222.0,"fsi":0.4266,"gsi":0.4266,"osr":0.5734,"entropy":0.1842,"umi":0.3484,"landuse":"Residential","cent":0.1868},"geometry":{"type":"Polygon","coordinates":[[[79.86133,6.858714],[79.861782,6.858715],[79.861783,6.858263],[79.861331,6.858262],[79.86133,6.858714]]]}},{"type":"Feature","properties":{"id":223.0,"fsi":0.5976,"gsi":0.5976,"osr":0.4024,"entropy":0.2743,"umi":0.3944,"landuse":"Residential","cent":0.1768},"geometry":{"type":"Polygon","coordinates":[[[79.861331,6.858262],[79.861783,6.858263],[79.861784,6.85781],[79.861332,6.857809],[79.861331,6.858262]]]}},{"type":"Feature","properties":{"id":224.0,"fsi":0.4482,"gsi":0.4482,"osr":0.5518,"entropy":0.1479,"umi":0.3396,"landuse":"Residential","cent":0.1809},"geometry":{"type":"Polygon","coordinates":[[[79.861332,6.857809],[79.861784,6.85781],[79.861785,6.857358],[79.861333,6.857357],[79.861332,6.857809]]]}},{"type":"Feature","properties":{"id":225.0,"fsi":0.5101,"gsi":0.455,"osr":0.545,"entropy":0.1997,"umi":0.3527,"landuse":"Residential","cent":0.1344},"geometry":{"type":"Polygon","coordinates":[[[79.861333,6.857357],[79.861785,6.857358],[79.861786,6.856906],[79.861334,6.856905],[79.861333,6.857357]]]}},{"type":"Feature","properties":{"id":226.0,"fsi":1.2189,"gsi":0.4332,"osr":0.5668,"entropy":0.2506,"umi":0.4565,"landuse":"Residential","cent":0.1143},"geometry":{"type":"Polygon","coordinates":[[[79.861334,6.856905],[79.861786,6.856906],[79.861787,6.856454],[79.861335,6.856453],[79.861334,6.856905]]]}},{"type":"Feature","properties":{"id":227.0,"fsi":0.7479,"gsi":0.5492,"osr":0.4508,"entropy":0.2633,"umi":0.3929,"landuse":"Residential","cent":0.0904},"geometry":{"type":"Polygon","coordinates":[[[79.861335,6.856453],[79.861787,6.856454],[79.861788,6.856002],[79.861336,6.856001],[79.861335,6.856453]]]}},{"type":"Feature","properties":{"id":228.0,"fsi":0.5105,"gsi":0.5105,"osr":0.4895,"entropy":0.2319,"umi":0.3562,"landuse":"Residential","cent":0.1075},"geometry":{"type":"Polygon","coordinates":[[[79.861336,6.856001],[79.861788,6.856002],[79.86179,6.855549],[79.861337,6.855548],[79.861336,6.856001]]]}},{"type":"Feature","properties":{"id":229.0,"fsi":0.3783,"gsi":0.3783,"osr":0.6217,"entropy":0.1008,"umi":0.305,"landuse":"Residential","cent":0.1246},"geometry":{"type":"Polygon","coordinates":[[[79.861337,6.855548],[79.86179,6.855549],[79.861791,6.855097],[79.861338,6.855096],[79.861337,6.855548]]]}},{"type":"Feature","properties":{"id":230.0,"fsi":0.4727,"gsi":0.4727,"osr":0.5273,"entropy":0.3739,"umi":0.3824,"landuse":"Residential","cent":0.0639},"geometry":{"type":"Polygon","coordinates":[[[79.861338,6.855096],[79.861791,6.855097],[79.861792,6.854645],[79.861339,6.854644],[79.861338,6.855096]]]}},{"type":"Feature","properties":{"id":231.0,"fsi":0.3429,"gsi":0.3429,"osr":0.6571,"entropy":0.1805,"umi":0.3218,"landuse":"Residential","cent":0.1185},"geometry":{"type":"Polygon","coordinates":[[[79.861339,6.854644],[79.861792,6.854645],[79.861793,6.854193],[79.86134,6.854192],[79.861339,6.854644]]]}},{"type":"Feature","properties":{"id":232.0,"fsi":0.1655,"gsi":0.1655,"osr":0.8345,"entropy":0.2118,"umi":0.3073,"landuse":"Residential","cent":0.1188},"geometry":{"type":"Polygon","coordinates":[[[79.86134,6.854192],[79.861793,6.854193],[79.861794,6.853741],[79.861341,6.853739],[79.86134,6.854192]]]}},{"type":"Feature","properties":{"id":233.0,"fsi":0.111,"gsi":0.111,"osr":0.889,"entropy":0.244,"umi":0.3081,"landuse":"Residential","cent":0.1133},"geometry":{"type":"Polygon","coordinates":[[[79.861341,6.853739],[79.861794,6.853741],[79.861795,6.853288],[79.861342,6.853287],[79.861341,6.853739]]]}},{"type":"Feature","properties":{"id":234.0,"fsi":0.151,"gsi":0.151,"osr":0.849,"entropy":0.3886,"umi":0.356,"landuse":"Transport","cent":0.12},"geometry":{"type":"Polygon","coordinates":[[[79.861342,6.853287],[79.861795,6.853288],[79.861796,6.852836],[79.861344,6.852835],[79.861342,6.853287]]]}},{"type":"Feature","properties":{"id":235.0,"fsi":0.3783,"gsi":0.3783,"osr":0.6217,"entropy":0.4519,"umi":0.4022,"landuse":"Commercial","cent":0.1114},"geometry":{"type":"Polygon","coordinates":[[[79.861344,6.852835],[79.861796,6.852836],[79.861797,6.852384],[79.861345,6.852383],[79.861344,6.852835]]]}},{"type":"Feature","properties":{"id":236.0,"fsi":0.4064,"gsi":0.4064,"osr":0.5936,"entropy":0.1675,"umi":0.325,"landuse":"Residential","cent":0.1114},"geometry":{"type":"Polygon","coordinates":[[[79.861345,6.852383],[79.861797,6.852384],[79.861798,6.851932],[79.861346,6.851931],[79.861345,6.852383]]]}},{"type":"Feature","properties":{"id":237.0,"fsi":0.2762,"gsi":0.2762,"osr":0.7238,"entropy":0.1564,"umi":0.304,"landuse":"Residential","cent":0.1086},"geometry":{"type":"Polygon","coordinates":[[[79.861395,6.85152],[79.86139,6.851716],[79.861346,6.851912],[79.861346,6.851931],[79.861798,6.851932],[79.861799,6.851479],[79.861398,6.851479],[79.861395,6.85152]]]}},{"type":"Feature","properties":{"id":238.0,"fsi":0.1297,"gsi":0.1297,"osr":0.8703,"entropy":0.2478,"umi":0.3115,"landuse":"Residential","cent":0.1126},"geometry":{"type":"Polygon","coordinates":[[[79.861415,6.851173],[79.86141,6.851324],[79.861398,6.851479],[79.861799,6.851479],[79.8618,6.851027],[79.861469,6.851026],[79.861415,6.851173]]]}},{"type":"Feature","properties":{"id":239.0,"fsi":0.001,"gsi":0.001,"osr":0.999,"entropy":0.2765,"umi":0.2789,"landuse":"Coastal area","cent":0.0},"geometry":{"type":"Polygon","coordinates":[[[79.861508,6.850918],[79.861469,6.851026],[79.8618,6.851027],[79.861801,6.850575],[79.86163,6.850575],[79.861508,6.850918]]]}},{"type":"Feature","properties":{"id":240.0,"fsi":0.0,"gsi":0.0,"osr":1.0,"entropy":0.1129,"umi":0.2321,"landuse":"Coastal area","cent":0.0},"geometry":{"type":"Polygon","coordinates":[[[79.861751,6.850123],[79.86163,6.850575],[79.861801,6.850575],[79.861802,6.850123],[79.861751,6.850123]]]}},{"type":"Feature","properties":{"id":241.0,"fsi":0.0,"gsi":0.0,"osr":1.0,"entropy":0.0,"umi":0.2,"landuse":"Coastal area","cent":0.0},"geometry":{"type":"Polygon","coordinates":[[[79.861706,6.849829],[79.861627,6.850066],[79.861767,6.850064],[79.861751,6.850123],[79.861802,6.850123],[79.861803,6.849671],[79.861755,6.849671],[79.861706,6.849829]]]}},{"type":"Feature","properties":{"id":242.0,"fsi":0.0,"gsi":0.0,"osr":1.0,"entropy":0.0,"umi":0.2157,"landuse":"Coastal area","cent":0.0742},"geometry":{"type":"Polygon","coordinates":[[[79.861784,6.849575],[79.861755,6.849671],[79.861803,6.849671],[79.861804,6.849523],[79.861784,6.849575]]]}},{"type":"Feature","properties":{"id":246.0,"fsi":0.0,"gsi":0.0,"osr":1.0,"entropy":0.0,"umi":0.2053,"landuse":"Coastal area","cent":0.0248},"geometry":{"type":"Polygon","coordinates":[[[79.861674,6.847409],[79.861662,6.847469],[79.861637,6.847496],[79.861618,6.847516],[79.861605,6.847534],[79.8616,6.847562],[79.861603,6.847604],[79.86162,6.847675],[79.861634,6.847714],[79.861656,6.847743],[79.861684,6.847752],[79.861735,6.847743],[79.861774,6.847723],[79.861798,6.847702],[79.861808,6.847699],[79.861809,6.84741],[79.861674,6.847409]]]}},{"type":"Feature","properties":{"id":247.0,"fsi":0.0,"gsi":0.0,"osr":1.0,"entropy":0.0,"umi":0.2053,"landuse":"Coastal area","cent":0.0248},"geometry":{"type":"Polygon","coordinates":[[[79.861733,6.846957],[79.861721,6.847073],[79.8617,6.847174],[79.861689,6.847241],[79.861685,6.847299],[79.861682,6.847375],[79.861674,6.847409],[79.861809,6.84741],[79.86181,6.846957],[79.861733,6.846957]]]}},{"type":"Feature","properties":{"id":248.0,"fsi":0.0,"gsi":0.0,"osr":1.0,"entropy":null,"umi":0.2179,"landuse":null,"cent":0.0846},"geometry":{"type":"Polygon","coordinates":[[[79.861753,6.846547],[79.861735,6.846848],[79.861733,6.846957],[79.86181,6.846957],[79.861811,6.846505],[79.861756,6.846505],[79.861753,6.846547]]]}},{"type":"Feature","properties":{"id":249.0,"fsi":0.0,"gsi":0.0,"osr":1.0,"entropy":null,"umi":0.217,"landuse":null,"cent":0.0802},"geometry":{"type":"Polygon","coordinates":[[[79.861715,6.846207],[79.861731,6.846284],[79.861749,6.846341],[79.861761,6.846415],[79.861759,6.846472],[79.861756,6.846505],[79.861811,6.846505],[79.861812,6.846053],[79.861704,6.846053],[79.861715,6.846207]]]}},{"type":"Feature","properties":{"id":250.0,"fsi":0.0,"gsi":0.0,"osr":1.0,"entropy":null,"umi":0.2154,"landuse":null,"cent":0.0727},"geometry":{"type":"Polygon","coordinates":[[[79.861729,6.845601],[79.861723,6.845634],[79.861707,6.845697],[79.861701,6.845729],[79.861696,6.845761],[79.861695,6.845778],[79.861694,6.845828],[79.861699,6.845983],[79.861704,6.846053],[79.861812,6.846053],[79.861813,6.845601],[79.861729,6.845601]]]}},{"type":"Feature","properties":{"id":251.0,"fsi":0.0,"gsi":0.0,"osr":1.0,"entropy":null,"umi":0.2156,"landuse":null,"cent":0.0738},"geometry":{"type":"Polygon","coordinates":[[[79.861808,6.845258],[79.861787,6.845339],[79.861767,6.845424],[79.861729,6.845601],[79.861813,6.845601],[79.861814,6.845225],[79.861808,6.845258]]]}},{"type":"Feature","properties":{"id":265.0,"fsi":0.0,"gsi":0.0,"osr":1.0,"entropy":0.0,"umi":0.2374,"landuse":"Water","cent":0.1766},"geometry":{"type":"Polygon","coordinates":[[[79.861854,6.862428],[79.862226,6.862437],[79.862226,6.862334],[79.861773,6.862333],[79.861773,6.862438],[79.861854,6.862428]]]}},{"type":"Feature","properties":{"id":266.0,"fsi":0.173,"gsi":0.173,"osr":0.827,"entropy":0.5101,"umi":0.4032,"landuse":"Residential","cent":0.1656},"geometry":{"type":"Polygon","coordinates":[[[79.861773,6.862333],[79.862226,6.862334],[79.862227,6.861881],[79.861775,6.86188],[79.861773,6.862333]]]}},{"type":"Feature","properties":{"id":267.0,"fsi":0.4001,"gsi":0.4001,"osr":0.5999,"entropy":0.0,"umi":0.2944,"landuse":"Residential","cent":0.196},"geometry":{"type":"Polygon","coordinates":[[[79.861775,6.86188],[79.862227,6.861881],[79.862228,6.861429],[79.861776,6.861428],[79.861775,6.86188]]]}},{"type":"Feature","properties":{"id":268.0,"fsi":0.3696,"gsi":0.3696,"osr":0.6304,"entropy":0.2438,"umi":0.3432,"landuse":"Residential","cent":0.1179},"geometry":{"type":"Polygon","coordinates":[[[79.861776,6.861428],[79.862228,6.861429],[79.862229,6.860977],[79.861777,6.860976],[79.861776,6.861428]]]}},{"type":"Feature","properties":{"id":269.0,"fsi":0.3738,"gsi":0.3738,"osr":0.6262,"entropy":0.1667,"umi":0.3325,"landuse":"Residential","cent":0.1685},"geometry":{"type":"Polygon","coordinates":[[[79.861777,6.860976],[79.862229,6.860977],[79.86223,6.860525],[79.861778,6.860524],[79.861777,6.860976]]]}},{"type":"Feature","properties":{"id":270.0,"fsi":0.4738,"gsi":0.4738,"osr":0.5262,"entropy":0.1495,"umi":0.3496,"landuse":"Residential","cent":0.2097},"geometry":{"type":"Polygon","coordinates":[[[79.861778,6.860524],[79.86223,6.860525],[79.862231,6.860073],[79.861779,6.860071],[79.861778,6.860524]]]}},{"type":"Feature","properties":{"id":271.0,"fsi":0.4891,"gsi":0.4891,"osr":0.5109,"entropy":0.16,"umi":0.3549,"landuse":"Residential","cent":0.2111},"geometry":{"type":"Polygon","coordinates":[[[79.861779,6.860071],[79.862231,6.860073],[79.862232,6.85962],[79.86178,6.859619],[79.861779,6.860071]]]}},{"type":"Feature","properties":{"id":272.0,"fsi":0.2507,"gsi":0.2507,"osr":0.7493,"entropy":0.2592,"umi":0.3496,"landuse":"Residential","cent":0.2015},"geometry":{"type":"Polygon","coordinates":[[[79.86178,6.859619],[79.862232,6.85962],[79.862233,6.859168],[79.861781,6.859167],[79.86178,6.859619]]]}},{"type":"Feature","properties":{"id":273.0,"fsi":0.4305,"gsi":0.4305,"osr":0.5695,"entropy":0.1164,"umi":0.3315,"landuse":"Residential","cent":0.1959},"geometry":{"type":"Polygon","coordinates":[[[79.861781,6.859167],[79.862233,6.859168],[79.862234,6.858716],[79.861782,6.858715],[79.861781,6.859167]]]}},{"type":"Feature","properties":{"id":274.0,"fsi":0.4216,"gsi":0.4216,"osr":0.5784,"entropy":0.2032,"umi":0.3529,"landuse":"Residential","cent":0.1858},"geometry":{"type":"Polygon","coordinates":[[[79.861782,6.858715],[79.862234,6.858716],[79.862236,6.858264],[79.861783,6.858263],[79.861782,6.858715]]]}},{"type":"Feature","properties":{"id":275.0,"fsi":0.4393,"gsi":0.4393,"osr":0.5607,"entropy":0.3945,"umi":0.4072,"landuse":"Residential","cent":0.1739},"geometry":{"type":"Polygon","coordinates":[[[79.861783,6.858263],[79.862236,6.858264],[79.862237,6.857811],[79.861784,6.85781],[79.861783,6.858263]]]}},{"type":"Feature","properties":{"id":276.0,"fsi":0.4457,"gsi":0.4457,"osr":0.5543,"entropy":0.2205,"umi":0.3521,"landuse":"Residential","cent":0.1439},"geometry":{"type":"Polygon","coordinates":[[[79.861784,6.85781],[79.862237,6.857811],[79.862238,6.857359],[79.861785,6.857358],[79.861784,6.85781]]]}},{"type":"Feature","properties":{"id":277.0,"fsi":0.4315,"gsi":0.4315,"osr":0.5685,"entropy":0.1788,"umi":0.3255,"landuse":"Residential","cent":0.0831},"geometry":{"type":"Polygon","coordinates":[[[79.861785,6.857358],[79.862238,6.857359],[79.862239,6.856907],[79.861786,6.856906],[79.861785,6.857358]]]}},{"type":"Feature","properties":{"id":278.0,"fsi":0.4972,"gsi":0.4846,"osr":0.5154,"entropy":0.2662,"umi":0.3657,"landuse":"Residential","cent":0.1143},"geometry":{"type":"Polygon","coordinates":[[[79.861786,6.856906],[79.862239,6.856907],[79.86224,6.856455],[79.861787,6.856454],[79.861786,6.856906]]]}},{"type":"Feature","properties":{"id":279.0,"fsi":0.4962,"gsi":0.4962,"osr":0.5038,"entropy":0.1088,"umi":0.3157,"landuse":"Residential","cent":0.0904},"geometry":{"type":"Polygon","coordinates":[[[79.861787,6.856454],[79.86224,6.856455],[79.862241,6.856003],[79.861788,6.856002],[79.861787,6.856454]]]}},{"type":"Feature","properties":{"id":280.0,"fsi":1.0615,"gsi":0.5664,"osr":0.4336,"entropy":0.3658,"umi":0.4707,"landuse":"Residential","cent":0.1246},"geometry":{"type":"Polygon","coordinates":[[[79.861788,6.856002],[79.862241,6.856003],[79.862242,6.85555],[79.86179,6.855549],[79.861788,6.856002]]]}},{"type":"Feature","properties":{"id":281.0,"fsi":1.515,"gsi":0.5074,"osr":0.4926,"entropy":0.4059,"umi":0.5291,"landuse":"Under Construction","cent":0.0639},"geometry":{"type":"Polygon","coordinates":[[[79.86179,6.855549],[79.862242,6.85555],[79.862243,6.855098],[79.861791,6.855097],[79.86179,6.855549]]]}},{"type":"Feature","properties":{"id":282.0,"fsi":0.6093,"gsi":0.6093,"osr":0.3907,"entropy":0.1502,"umi":0.3368,"landuse":"Residential","cent":0.0639},"geometry":{"type":"Polygon","coordinates":[[[79.861791,6.855097],[79.862243,6.855098],[79.862244,6.854646],[79.861792,6.854645],[79.861791,6.855097]]]}},{"type":"Feature","properties":{"id":283.0,"fsi":0.2759,"gsi":0.2759,"osr":0.7241,"entropy":0.3628,"umi":0.3552,"landuse":"Residential","cent":0.073},"geometry":{"type":"Polygon","coordinates":[[[79.861792,6.854645],[79.862244,6.854646],[79.862245,6.854194],[79.861793,6.854193],[79.861792,6.854645]]]}},{"type":"Feature","properties":{"id":284.0,"fsi":0.5129,"gsi":0.5129,"osr":0.4871,"entropy":0.2102,"umi":0.3445,"landuse":"Residential","cent":0.0801},"geometry":{"type":"Polygon","coordinates":[[[79.861793,6.854193],[79.862245,6.854194],[79.862246,6.853742],[79.861794,6.853741],[79.861793,6.854193]]]}},{"type":"Feature","properties":{"id":285.0,"fsi":0.3485,"gsi":0.3485,"osr":0.6515,"entropy":0.0123,"umi":0.2665,"landuse":"Residential","cent":0.0801},"geometry":{"type":"Polygon","coordinates":[[[79.861794,6.853741],[79.862246,6.853742],[79.862247,6.853289],[79.861795,6.853288],[79.861794,6.853741]]]}},{"type":"Feature","properties":{"id":286.0,"fsi":0.3588,"gsi":0.3588,"osr":0.6412,"entropy":0.2478,"umi":0.3386,"landuse":"Residential","cent":0.0977},"geometry":{"type":"Polygon","coordinates":[[[79.861795,6.853288],[79.862247,6.853289],[79.862248,6.852837],[79.861796,6.852836],[79.861795,6.853288]]]}},{"type":"Feature","properties":{"id":287.0,"fsi":0.1854,"gsi":0.1854,"osr":0.8146,"entropy":0.4166,"umi":0.3667,"landuse":"Barren Land","cent":0.1114},"geometry":{"type":"Polygon","coordinates":[[[79.861796,6.852836],[79.862248,6.852837],[79.86225,6.852385],[79.861797,6.852384],[79.861796,6.852836]]]}},{"type":"Feature","properties":{"id":288.0,"fsi":0.1545,"gsi":0.1545,"osr":0.8455,"entropy":0.4414,"umi":0.3666,"landuse":"Residential","cent":0.0969},"geometry":{"type":"Polygon","coordinates":[[[79.861797,6.852384],[79.86225,6.852385],[79.862251,6.851933],[79.861798,6.851932],[79.861797,6.852384]]]}},{"type":"Feature","properties":{"id":289.0,"fsi":0.1063,"gsi":0.1063,"osr":0.8937,"entropy":0.3047,"umi":0.328,"landuse":"Residential","cent":0.1282},"geometry":{"type":"Polygon","coordinates":[[[79.861798,6.851932],[79.862251,6.851933],[79.862252,6.851481],[79.861799,6.851479],[79.861798,6.851932]]]}},{"type":"Feature","properties":{"id":290.0,"fsi":0.1397,"gsi":0.1397,"osr":0.8603,"entropy":0.3137,"umi":0.3496,"landuse":"Transport","cent":0.1972},"geometry":{"type":"Polygon","coordinates":[[[79.861799,6.851479],[79.862252,6.851481],[79.862253,6.851028],[79.8618,6.851027],[79.861799,6.851479]]]}},{"type":"Feature","properties":{"id":291.0,"fsi":0.1835,"gsi":0.1835,"osr":0.8165,"entropy":0.3682,"umi":0.329,"landuse":"Residential","cent":0.0},"geometry":{"type":"Polygon","coordinates":[[[79.8618,6.851027],[79.862253,6.851028],[79.862254,6.850576],[79.861801,6.850575],[79.8618,6.851027]]]}},{"type":"Feature","properties":{"id":292.0,"fsi":0.2173,"gsi":0.2173,"osr":0.7827,"entropy":0.2986,"umi":0.3137,"landuse":"Residential","cent":0.0},"geometry":{"type":"Polygon","coordinates":[[[79.861801,6.850575],[79.862254,6.850576],[79.862255,6.850124],[79.861802,6.850123],[79.861801,6.850575]]]}},{"type":"Feature","properties":{"id":293.0,"fsi":0.0968,"gsi":0.0968,"osr":0.9032,"entropy":0.3278,"umi":0.3252,"landuse":"Residential","cent":0.0899},"geometry":{"type":"Polygon","coordinates":[[[79.861802,6.850123],[79.862255,6.850124],[79.862256,6.849672],[79.861803,6.849671],[79.861802,6.850123]]]}},{"type":"Feature","properties":{"id":294.0,"fsi":0.0,"gsi":0.0,"osr":1.0,"entropy":0.3455,"umi":0.3141,"landuse":"Coastal area","cent":0.0742},"geometry":{"type":"Polygon","coordinates":[[[79.861863,6.849367],[79.861804,6.849523],[79.861803,6.849671],[79.862256,6.849672],[79.862257,6.849219],[79.861917,6.849219],[79.861863,6.849367]]]}},{"type":"Feature","properties":{"id":295.0,"fsi":0.1405,"gsi":0.1405,"osr":0.8595,"entropy":0.3069,"umi":0.3216,"landuse":"Coastal area","cent":0.0742},"geometry":{"type":"Polygon","coordinates":[[[79.861871,6.848872],[79.861863,6.848905],[79.861926,6.848914],[79.861955,6.848921],[79.861959,6.848931],[79.861957,6.848953],[79.861955,6.84899],[79.861935,6.849168],[79.861917,6.849219],[79.862257,6.849219],[79.862258,6.848767],[79.861883,6.848766],[79.861871,6.848872]]]}},{"type":"Feature","properties":{"id":296.0,"fsi":0.0173,"gsi":0.0173,"osr":0.9827,"entropy":0.1731,"umi":0.2558,"landuse":"Coastal area","cent":0.0201},"geometry":{"type":"Polygon","coordinates":[[[79.861967,6.848314],[79.861966,6.848411],[79.861956,6.848488],[79.861938,6.848545],[79.861903,6.84865],[79.861883,6.848766],[79.862258,6.848767],[79.862259,6.848315],[79.861967,6.848314]]]}},{"type":"Feature","properties":{"id":297.0,"fsi":0.0416,"gsi":0.0416,"osr":0.9584,"entropy":0.0304,"umi":0.2184,"landuse":"Coastal area","cent":0.0201},"geometry":{"type":"Polygon","coordinates":[[[79.861982,6.847898],[79.861981,6.847989],[79.861979,6.848067],[79.861971,6.848151],[79.861968,6.848209],[79.861967,6.848314],[79.862259,6.848315],[79.86226,6.847863],[79.861981,6.847862],[79.861982,6.847898]]]}},{"type":"Feature","properties":{"id":298.0,"fsi":0.0285,"gsi":0.0285,"osr":0.9715,"entropy":0.0,"umi":0.209,"landuse":"Coastal area","cent":0.0248},"geometry":{"type":"Polygon","coordinates":[[[79.861813,6.847697],[79.861852,6.847698],[79.861884,6.847713],[79.861917,6.847744],[79.861946,6.847775],[79.86198,6.847842],[79.861981,6.847862],[79.86226,6.847863],[79.862261,6.847411],[79.861809,6.84741],[79.861808,6.847699],[79.861813,6.847697]]]}},{"type":"Feature","properties":{"id":299.0,"fsi":0.0353,"gsi":0.0353,"osr":0.9647,"entropy":0.0,"umi":0.2099,"landuse":"Coastal area","cent":0.0248},"geometry":{"type":"Polygon","coordinates":[[[79.861809,6.84741],[79.862261,6.847411],[79.862262,6.846958],[79.86181,6.846957],[79.861809,6.84741]]]}},{"type":"Feature","properties":{"id":300.0,"fsi":0.0382,"gsi":0.0382,"osr":0.9618,"entropy":0.0,"umi":0.223,"landuse":"Coastal area","cent":0.0846},"geometry":{"type":"Polygon","coordinates":[[[79.86181,6.846957],[79.862262,6.846958],[79.862263,6.846506],[79.861811,6.846505],[79.86181,6.846957]]]}},{"type":"Feature","properties":{"id":301.0,"fsi":0.0642,"gsi":0.0642,"osr":0.9358,"entropy":0.0013,"umi":0.2258,"landuse":"Coastal area","cent":0.0802},"geometry":{"type":"Polygon","coordinates":[[[79.861811,6.846505],[79.862263,6.846506],[79.862265,6.846054],[79.861812,6.846053],[79.861811,6.846505]]]}},{"type":"Feature","properties":{"id":302.0,"fsi":0.0473,"gsi":0.0473,"osr":0.9527,"entropy":0.0513,"umi":0.2362,"landuse":"Coastal area","cent":0.0727},"geometry":{"type":"Polygon","coordinates":[[[79.861812,6.846053],[79.862265,6.846054],[79.862266,6.845602],[79.861813,6.845601],[79.861812,6.846053]]]}},{"type":"Feature","properties":{"id":303.0,"fsi":0.0,"gsi":0.0,"osr":1.0,"entropy":0.0,"umi":0.2156,"landuse":"Coastal area","cent":0.0738},"geometry":{"type":"Polygon","coordinates":[[[79.861826,6.845157],[79.861814,6.845225],[79.861813,6.845601],[79.862266,6.845602],[79.862267,6.84515],[79.861828,6.845149],[79.861826,6.845157]]]}},{"type":"Feature","properties":{"id":304.0,"fsi":0.0553,"gsi":0.0553,"osr":0.9447,"entropy":0.0,"umi":0.2299,"landuse":"Coastal area","cent":0.1068},"geometry":{"type":"Polygon","coordinates":[[[79.861869,6.844916],[79.861864,6.844959],[79.861858,6.845004],[79.861846,6.845062],[79.861838,6.845105],[79.861828,6.845149],[79.862267,6.84515],[79.862268,6.844697],[79.861943,6.844697],[79.861869,6.844916]]]}},{"type":"Feature","properties":{"id":305.0,"fsi":0.0,"gsi":0.0,"osr":1.0,"entropy":0.0,"umi":0.2226,"landuse":"Coastal area","cent":0.1068},"geometry":{"type":"Polygon","coordinates":[[[79.861959,6.844289],[79.861974,6.844489],[79.861978,6.844592],[79.861943,6.844697],[79.862268,6.844697],[79.862269,6.844245],[79.861955,6.844244],[79.861959,6.844289]]]}},{"type":"Feature","properties":{"id":306.0,"fsi":0.0,"gsi":0.0,"osr":1.0,"entropy":0.0,"umi":0.2226,"landuse":"Coastal area","cent":0.1068},"geometry":{"type":"Polygon","coordinates":[[[79.861958,6.843864],[79.861947,6.843979],[79.861943,6.844077],[79.861949,6.84417],[79.861955,6.844244],[79.862269,6.844245],[79.86227,6.843793],[79.861972,6.843792],[79.861958,6.843864]]]}},{"type":"Feature","properties":{"id":307.0,"fsi":0.0,"gsi":0.0,"osr":1.0,"entropy":0.0,"umi":0.2088,"landuse":"Coastal area","cent":0.0417},"geometry":{"type":"Polygon","coordinates":[[[79.862035,6.84334],[79.862032,6.843381],[79.862032,6.843482],[79.862019,6.843592],[79.861989,6.843712],[79.861972,6.843792],[79.86227,6.843793],[79.862271,6.843341],[79.862035,6.84334]]]}},{"type":"Feature","properties":{"id":308.0,"fsi":0.0,"gsi":0.0,"osr":1.0,"entropy":0.1052,"umi":0.2388,"landuse":"Coastal area","cent":0.0417},"geometry":{"type":"Polygon","coordinates":[[[79.862122,6.842899],[79.862115,6.842934],[79.862106,6.842965],[79.862089,6.842996],[79.862072,6.843026],[79.862056,6.843055],[79.862043,6.843084],[79.862032,6.843118],[79.862023,6.843153],[79.862019,6.843189],[79.86202,6.843221],[79.862023,6.843255],[79.862027,6.84329],[79.862035,6.843318],[79.862035,6.84334],[79.862271,6.843341],[79.862272,6.842889],[79.862125,6.842888],[79.862122,6.842899]]]}},{"type":"Feature","properties":{"id":309.0,"fsi":0.0,"gsi":0.0,"osr":1.0,"entropy":0.0,"umi":0.2116,"landuse":"Coastal area","cent":0.055},"geometry":{"type":"Polygon","coordinates":[[[79.862227,6.842479],[79.862222,6.842509],[79.862218,6.842542],[79.862217,6.842587],[79.862204,6.842658],[79.862195,6.842699],[79.86218,6.84274],[79.862143,6.842823],[79.862131,6.842863],[79.862125,6.842888],[79.862272,6.842889],[79.862273,6.842436],[79.862244,6.842436],[79.862227,6.842479]]]}},{"type":"Feature","properties":{"id":310.0,"fsi":0.0,"gsi":0.0,"osr":1.0,"entropy":0.0,"umi":0.2116,"landuse":"Coastal area","cent":0.055},"geometry":{"type":"Polygon","coordinates":[[[79.86223,6.842014],[79.862223,6.842044],[79.862217,6.842075],[79.862218,6.842106],[79.862224,6.842136],[79.862234,6.842175],[79.862237,6.842211],[79.862231,6.842238],[79.862229,6.842265],[79.862234,6.842294],[79.862245,6.842333],[79.862255,6.842371],[79.862256,6.842409],[79.862244,6.842436],[79.862273,6.842436],[79.862274,6.841984],[79.862241,6.841984],[79.86223,6.842014]]]}},{"type":"Feature","properties":{"id":311.0,"fsi":0.0,"gsi":0.0,"osr":1.0,"entropy":null,"umi":0.2116,"landuse":null,"cent":0.055},"geometry":{"type":"Polygon","coordinates":[[[79.862263,6.841931],[79.862245,6.841971],[79.862241,6.841984],[79.862274,6.841984],[79.862274,6.841909],[79.862263,6.841931]]]}},{"type":"Feature","properties":{"id":317.0,"fsi":0.0,"gsi":0.0,"osr":1.0,"entropy":0.0417,"umi":0.2599,"landuse":"Water","cent":0.2265},"geometry":{"type":"Polygon","coordinates":[[[79.862325,6.86244],[79.862672,6.862583],[79.862678,6.862587],[79.862678,6.862335],[79.862226,6.862334],[79.862226,6.862437],[79.862325,6.86244]]]}},{"type":"Feature","properties":{"id":318.0,"fsi":0.1573,"gsi":0.1573,"osr":0.8427,"entropy":0.3575,"umi":0.3588,"landuse":"Residential","cent":0.1709},"geometry":{"type":"Polygon","coordinates":[[[79.862226,6.862334],[79.862678,6.862335],[79.862679,6.861882],[79.862227,6.861881],[79.862226,6.862334]]]}},{"type":"Feature","properties":{"id":319.0,"fsi":0.3261,"gsi":0.3261,"osr":0.6739,"entropy":0.0732,"umi":0.3054,"landuse":"Residential","cent":0.196},"geometry":{"type":"Polygon","coordinates":[[[79.862227,6.861881],[79.862679,6.861882],[79.862681,6.86143],[79.862228,6.861429],[79.862227,6.861881]]]}},{"type":"Feature","properties":{"id":320.0,"fsi":0.1952,"gsi":0.1952,"osr":0.8048,"entropy":0.2247,"umi":0.3232,"landuse":"Residential","cent":0.1577},"geometry":{"type":"Polygon","coordinates":[[[79.862228,6.861429],[79.862681,6.86143],[79.862682,6.860978],[79.862229,6.860977],[79.862228,6.861429]]]}},{"type":"Feature","properties":{"id":321.0,"fsi":0.2977,"gsi":0.2977,"osr":0.7023,"entropy":0.1891,"umi":0.3289,"landuse":"Residential","cent":0.1685},"geometry":{"type":"Polygon","coordinates":[[[79.862229,6.860977],[79.862682,6.860978],[79.862683,6.860526],[79.86223,6.860525],[79.862229,6.860977]]]}},{"type":"Feature","properties":{"id":322.0,"fsi":0.3775,"gsi":0.3775,"osr":0.6225,"entropy":0.1175,"umi":0.3277,"landuse":"Residential","cent":0.2097},"geometry":{"type":"Polygon","coordinates":[[[79.86223,6.860525],[79.862683,6.860526],[79.862684,6.860074],[79.862231,6.860073],[79.86223,6.860525]]]}},{"type":"Feature","properties":{"id":323.0,"fsi":0.4986,"gsi":0.4986,"osr":0.5014,"entropy":0.1137,"umi":0.3429,"landuse":"Residential","cent":0.2107},"geometry":{"type":"Polygon","coordinates":[[[79.862231,6.860073],[79.862684,6.860074],[79.862685,6.859621],[79.862232,6.85962],[79.862231,6.860073]]]}},{"type":"Feature","properties":{"id":324.0,"fsi":0.4278,"gsi":0.4278,"osr":0.5722,"entropy":0.1412,"umi":0.3366,"landuse":"Residential","cent":0.1883},"geometry":{"type":"Polygon","coordinates":[[[79.862232,6.85962],[79.862685,6.859621],[79.862686,6.859169],[79.862233,6.859168],[79.862232,6.85962]]]}},{"type":"Feature","properties":{"id":325.0,"fsi":0.4353,"gsi":0.4353,"osr":0.5647,"entropy":0.0,"umi":0.2974,"landuse":"Residential","cent":0.1883},"geometry":{"type":"Polygon","coordinates":[[[79.862233,6.859168],[79.862686,6.859169],[79.862687,6.858717],[79.862234,6.858716],[79.862233,6.859168]]]}},{"type":"Feature","properties":{"id":326.0,"fsi":0.2949,"gsi":0.2949,"osr":0.7051,"entropy":0.1098,"umi":0.308,"landuse":"Residential","cent":0.1782},"geometry":{"type":"Polygon","coordinates":[[[79.862234,6.858716],[79.862687,6.858717],[79.862688,6.858265],[79.862236,6.858264],[79.862234,6.858716]]]}},{"type":"Feature","properties":{"id":327.0,"fsi":0.6501,"gsi":0.6501,"osr":0.3499,"entropy":0.1348,"umi":0.3586,"landuse":"Residential","cent":0.1624},"geometry":{"type":"Polygon","coordinates":[[[79.862236,6.858264],[79.862688,6.858265],[79.862689,6.857813],[79.862237,6.857811],[79.862236,6.858264]]]}},{"type":"Feature","properties":{"id":328.0,"fsi":0.5342,"gsi":0.5342,"osr":0.4658,"entropy":0.186,"umi":0.3551,"landuse":"Residential","cent":0.1492},"geometry":{"type":"Polygon","coordinates":[[[79.862237,6.857811],[79.862689,6.857813],[79.86269,6.85736],[79.862238,6.857359],[79.862237,6.857811]]]}},{"type":"Feature","properties":{"id":329.0,"fsi":0.3132,"gsi":0.3132,"osr":0.6868,"entropy":0.1132,"umi":0.2956,"landuse":"Residential","cent":0.1037},"geometry":{"type":"Polygon","coordinates":[[[79.862238,6.857359],[79.86269,6.85736],[79.862691,6.856908],[79.862239,6.856907],[79.862238,6.857359]]]}},{"type":"Feature","properties":{"id":330.0,"fsi":0.3211,"gsi":0.3211,"osr":0.6789,"entropy":0.1086,"umi":0.2975,"landuse":"Residential","cent":0.1143},"geometry":{"type":"Polygon","coordinates":[[[79.862239,6.856907],[79.862691,6.856908],[79.862692,6.856456],[79.86224,6.856455],[79.862239,6.856907]]]}},{"type":"Feature","properties":{"id":331.0,"fsi":0.3754,"gsi":0.3754,"osr":0.6246,"entropy":0.1575,"umi":0.3101,"landuse":"Residential","cent":0.0742},"geometry":{"type":"Polygon","coordinates":[[[79.86224,6.856455],[79.862692,6.856456],[79.862693,6.856004],[79.862241,6.856003],[79.86224,6.856455]]]}},{"type":"Feature","properties":{"id":332.0,"fsi":0.4514,"gsi":0.4514,"osr":0.5486,"entropy":0.1615,"umi":0.3292,"landuse":"Residential","cent":0.1114},"geometry":{"type":"Polygon","coordinates":[[[79.862241,6.856003],[79.862693,6.856004],[79.862694,6.855552],[79.862242,6.85555],[79.862241,6.856003]]]}},{"type":"Feature","properties":{"id":333.0,"fsi":0.5826,"gsi":0.5826,"osr":0.4174,"entropy":0.2478,"umi":0.361,"landuse":"Residential","cent":0.0639},"geometry":{"type":"Polygon","coordinates":[[[79.862242,6.85555],[79.862694,6.855552],[79.862696,6.855099],[79.862243,6.855098],[79.862242,6.85555]]]}},{"type":"Feature","properties":{"id":334.0,"fsi":0.5599,"gsi":0.5599,"osr":0.4401,"entropy":0.2276,"umi":0.3542,"landuse":"Residential","cent":0.073},"geometry":{"type":"Polygon","coordinates":[[[79.862243,6.855098],[79.862696,6.855099],[79.862697,6.854647],[79.862244,6.854646],[79.862243,6.855098]]]}},{"type":"Feature","properties":{"id":335.0,"fsi":0.205,"gsi":0.205,"osr":0.795,"entropy":0.2533,"umi":0.3146,"landuse":"Commercial","cent":0.073},"geometry":{"type":"Polygon","coordinates":[[[79.862244,6.854646],[79.862697,6.854647],[79.862698,6.854195],[79.862245,6.854194],[79.862244,6.854646]]]}},{"type":"Feature","properties":{"id":336.0,"fsi":0.4606,"gsi":0.4606,"osr":0.5394,"entropy":0.2673,"umi":0.3494,"landuse":"Residential","cent":0.059},"geometry":{"type":"Polygon","coordinates":[[[79.862245,6.854194],[79.862698,6.854195],[79.862699,6.853743],[79.862246,6.853742],[79.862245,6.854194]]]}},{"type":"Feature","properties":{"id":337.0,"fsi":0.3515,"gsi":0.3515,"osr":0.6485,"entropy":0.122,"umi":0.296,"landuse":"Residential","cent":0.0703},"geometry":{"type":"Polygon","coordinates":[[[79.862246,6.853742],[79.862699,6.853743],[79.8627,6.85329],[79.862247,6.853289],[79.862246,6.853742]]]}},{"type":"Feature","properties":{"id":338.0,"fsi":0.5087,"gsi":0.5087,"osr":0.4913,"entropy":0.3076,"umi":0.3685,"landuse":"Residential","cent":0.065},"geometry":{"type":"Polygon","coordinates":[[[79.862247,6.853289],[79.8627,6.85329],[79.862701,6.852838],[79.862248,6.852837],[79.862247,6.853289]]]}},{"type":"Feature","properties":{"id":339.0,"fsi":0.6463,"gsi":0.6463,"osr":0.3537,"entropy":0.4761,"umi":0.4338,"landuse":"Commercial","cent":0.061},"geometry":{"type":"Polygon","coordinates":[[[79.862248,6.852837],[79.862701,6.852838],[79.862702,6.852386],[79.86225,6.852385],[79.862248,6.852837]]]}},{"type":"Feature","properties":{"id":340.0,"fsi":0.5468,"gsi":0.5468,"osr":0.4532,"entropy":0.0988,"umi":0.3181,"landuse":"Residential","cent":0.0838},"geometry":{"type":"Polygon","coordinates":[[[79.86225,6.852385],[79.862702,6.852386],[79.862703,6.851934],[79.862251,6.851933],[79.86225,6.852385]]]}},{"type":"Feature","properties":{"id":341.0,"fsi":0.5276,"gsi":0.5276,"osr":0.4724,"entropy":0.1147,"umi":0.3318,"landuse":"Residential","cent":0.139},"geometry":{"type":"Polygon","coordinates":[[[79.862251,6.851933],[79.862703,6.851934],[79.862704,6.851482],[79.862252,6.851481],[79.862251,6.851933]]]}},{"type":"Feature","properties":{"id":342.0,"fsi":0.6307,"gsi":0.6307,"osr":0.3693,"entropy":0.3963,"umi":0.4379,"landuse":"Commercial","cent":0.1972},"geometry":{"type":"Polygon","coordinates":[[[79.862252,6.851481],[79.862704,6.851482],[79.862705,6.851029],[79.862253,6.851028],[79.862252,6.851481]]]}},{"type":"Feature","properties":{"id":343.0,"fsi":0.352,"gsi":0.352,"osr":0.648,"entropy":0.4774,"umi":0.4202,"landuse":"Transport","cent":0.1785},"geometry":{"type":"Polygon","coordinates":[[[79.862253,6.851028],[79.862705,6.851029],[79.862706,6.850577],[79.862254,6.850576],[79.862253,6.851028]]]}},{"type":"Feature","properties":{"id":344.0,"fsi":0.4044,"gsi":0.4044,"osr":0.5956,"entropy":0.4004,"umi":0.3959,"landuse":"Residential","cent":0.1344},"geometry":{"type":"Polygon","coordinates":[[[79.862254,6.850576],[79.862706,6.850577],[79.862707,6.850125],[79.862255,6.850124],[79.862254,6.850576]]]}},{"type":"Feature","properties":{"id":345.0,"fsi":0.3592,"gsi":0.3592,"osr":0.6408,"entropy":0.2395,"umi":0.3441,"landuse":"Residential","cent":0.1344},"geometry":{"type":"Polygon","coordinates":[[[79.862255,6.850124],[79.862707,6.850125],[79.862708,6.849673],[79.862256,6.849672],[79.862255,6.850124]]]}},{"type":"Feature","properties":{"id":346.0,"fsi":0.3249,"gsi":0.3249,"osr":0.6751,"entropy":0.3938,"umi":0.3741,"landuse":"Residential","cent":0.0899},"geometry":{"type":"Polygon","coordinates":[[[79.862256,6.849672],[79.862708,6.849673],[79.862709,6.849221],[79.862257,6.849219],[79.862256,6.849672]]]}},{"type":"Feature","properties":{"id":347.0,"fsi":0.2567,"gsi":0.2567,"osr":0.7433,"entropy":0.3679,"umi":0.3543,"landuse":"Residential","cent":0.0742},"geometry":{"type":"Polygon","coordinates":[[[79.862257,6.849219],[79.862709,6.849221],[79.862711,6.848768],[79.862258,6.848767],[79.862257,6.849219]]]}},{"type":"Feature","properties":{"id":348.0,"fsi":0.237,"gsi":0.237,"osr":0.763,"entropy":0.3152,"umi":0.3253,"landuse":"Residential","cent":0.0201},"geometry":{"type":"Polygon","coordinates":[[[79.862258,6.848767],[79.862711,6.848768],[79.862712,6.848316],[79.862259,6.848315],[79.862258,6.848767]]]}},{"type":"Feature","properties":{"id":349.0,"fsi":0.2398,"gsi":0.2398,"osr":0.7602,"entropy":0.2628,"umi":0.3108,"landuse":"Residential","cent":0.0201},"geometry":{"type":"Polygon","coordinates":[[[79.862259,6.848315],[79.862712,6.848316],[79.862713,6.847864],[79.86226,6.847863],[79.862259,6.848315]]]}},{"type":"Feature","properties":{"id":350.0,"fsi":0.2728,"gsi":0.2728,"osr":0.7272,"entropy":0.2843,"umi":0.3222,"landuse":"Residential","cent":0.0248},"geometry":{"type":"Polygon","coordinates":[[[79.86226,6.847863],[79.862713,6.847864],[79.862714,6.847412],[79.862261,6.847411],[79.86226,6.847863]]]}},{"type":"Feature","properties":{"id":351.0,"fsi":0.3389,"gsi":0.3389,"osr":0.6611,"entropy":0.1973,"umi":0.3062,"landuse":"Residential","cent":0.0248},"geometry":{"type":"Polygon","coordinates":[[[79.862261,6.847411],[79.862714,6.847412],[79.862715,6.846959],[79.862262,6.846958],[79.862261,6.847411]]]}},{"type":"Feature","properties":{"id":352.0,"fsi":0.4467,"gsi":0.4467,"osr":0.5533,"entropy":0.1323,"umi":0.3146,"landuse":"Residential","cent":0.0846},"geometry":{"type":"Polygon","coordinates":[[[79.862262,6.846958],[79.862715,6.846959],[79.862716,6.846507],[79.862263,6.846506],[79.862262,6.846958]]]}},{"type":"Feature","properties":{"id":353.0,"fsi":0.5675,"gsi":0.5675,"osr":0.4325,"entropy":0.1156,"umi":0.3248,"landuse":"Residential","cent":0.0802},"geometry":{"type":"Polygon","coordinates":[[[79.862263,6.846506],[79.862716,6.846507],[79.862717,6.846055],[79.862265,6.846054],[79.862263,6.846506]]]}},{"type":"Feature","properties":{"id":354.0,"fsi":0.448,"gsi":0.448,"osr":0.552,"entropy":0.0303,"umi":0.2834,"landuse":"Residential","cent":0.0738},"geometry":{"type":"Polygon","coordinates":[[[79.862265,6.846054],[79.862717,6.846055],[79.862718,6.845603],[79.862266,6.845602],[79.862265,6.846054]]]}},{"type":"Feature","properties":{"id":355.0,"fsi":0.4307,"gsi":0.4307,"osr":0.5693,"entropy":0.196,"umi":0.3283,"landuse":"Residential","cent":0.0736},"geometry":{"type":"Polygon","coordinates":[[[79.862266,6.845602],[79.862718,6.845603],[79.862719,6.845151],[79.862267,6.84515],[79.862266,6.845602]]]}},{"type":"Feature","properties":{"id":356.0,"fsi":0.4761,"gsi":0.4761,"osr":0.5239,"entropy":0.2284,"umi":0.344,"landuse":"Residential","cent":0.0759},"geometry":{"type":"Polygon","coordinates":[[[79.862267,6.84515],[79.862719,6.845151],[79.86272,6.844698],[79.862268,6.844697],[79.862267,6.84515]]]}},{"type":"Feature","properties":{"id":357.0,"fsi":0.1063,"gsi":0.1063,"osr":0.8937,"entropy":0.2775,"umi":0.3157,"landuse":"Residential","cent":0.1068},"geometry":{"type":"Polygon","coordinates":[[[79.862268,6.844697],[79.86272,6.844698],[79.862721,6.844246],[79.862269,6.844245],[79.862268,6.844697]]]}},{"type":"Feature","properties":{"id":358.0,"fsi":0.1246,"gsi":0.1246,"osr":0.8754,"entropy":0.4295,"umi":0.3614,"landuse":"Institutional","cent":0.1068},"geometry":{"type":"Polygon","coordinates":[[[79.862269,6.844245],[79.862721,6.844246],[79.862722,6.843794],[79.86227,6.843793],[79.862269,6.844245]]]}},{"type":"Feature","properties":{"id":359.0,"fsi":0.1418,"gsi":0.1418,"osr":0.8582,"entropy":0.3481,"umi":0.3267,"landuse":"Coastal area","cent":0.0417},"geometry":{"type":"Polygon","coordinates":[[[79.86227,6.843793],[79.862722,6.843794],[79.862723,6.843342],[79.862271,6.843341],[79.86227,6.843793]]]}},{"type":"Feature","properties":{"id":360.0,"fsi":0.0994,"gsi":0.0994,"osr":0.9006,"entropy":0.1822,"umi":0.2738,"landuse":"Coastal area","cent":0.0417},"geometry":{"type":"Polygon","coordinates":[[[79.862271,6.843341],[79.862723,6.843342],[79.862724,6.84289],[79.862272,6.842889],[79.862271,6.843341]]]}},{"type":"Feature","properties":{"id":361.0,"fsi":0.0401,"gsi":0.0401,"osr":0.9599,"entropy":0.2279,"umi":0.2818,"landuse":"Coastal area","cent":0.055},"geometry":{"type":"Polygon","coordinates":[[[79.862272,6.842889],[79.862724,6.84289],[79.862726,6.842437],[79.862273,6.842436],[79.862272,6.842889]]]}},{"type":"Feature","properties":{"id":362.0,"fsi":0.0281,"gsi":0.0281,"osr":0.9719,"entropy":0.163,"umi":0.2618,"landuse":"Coastal area","cent":0.055},"geometry":{"type":"Polygon","coordinates":[[[79.862273,6.842436],[79.862726,6.842437],[79.862727,6.841985],[79.862274,6.841984],[79.862273,6.842436]]]}},{"type":"Feature","properties":{"id":363.0,"fsi":0.0125,"gsi":0.0125,"osr":0.9875,"entropy":0.0591,"umi":0.2334,"landuse":"Coastal area","cent":0.0704},"geometry":{"type":"Polygon","coordinates":[[[79.862367,6.841532],[79.862355,6.841603],[79.862352,6.84165],[79.862337,6.841734],[79.862313,6.841817],[79.862297,6.841862],[79.862283,6.841891],[79.862274,6.841909],[79.862274,6.841984],[79.862727,6.841985],[79.862728,6.841533],[79.862367,6.841532]]]}},{"type":"Feature","properties":{"id":364.0,"fsi":0.0012,"gsi":0.0012,"osr":0.9988,"entropy":0.0,"umi":0.2151,"landuse":"Coastal area","cent":0.0704},"geometry":{"type":"Polygon","coordinates":[[[79.8624,6.841309],[79.862394,6.841352],[79.86239,6.841432],[79.862385,6.841463],[79.862375,6.841494],[79.862367,6.841532],[79.862728,6.841533],[79.862728,6.841358],[79.8624,6.841309]]]}},{"type":"Feature","properties":{"id":368.0,"fsi":0.0,"gsi":0.0,"osr":1.0,"entropy":0.2677,"umi":0.3023,"landuse":"Water","cent":0.1231},"geometry":{"type":"Polygon","coordinates":[[[79.862969,6.86279],[79.863129,6.862941],[79.86313,6.862788],[79.862965,6.862788],[79.862969,6.86279]]]}},{"type":"Feature","properties":{"id":369.0,"fsi":0.0807,"gsi":0.0807,"osr":0.9193,"entropy":0.434,"umi":0.3794,"landuse":"Commercial","cent":0.2132},"geometry":{"type":"Polygon","coordinates":[[[79.862965,6.862788],[79.86313,6.862788],[79.863131,6.862336],[79.862678,6.862335],[79.862678,6.862587],[79.862965,6.862788]]]}},{"type":"Feature","properties":{"id":370.0,"fsi":0.3729,"gsi":0.3729,"osr":0.6271,"entropy":0.2134,"umi":0.3522,"landuse":"Residential","cent":0.1993},"geometry":{"type":"Polygon","coordinates":[[[79.862678,6.862335],[79.863131,6.862336],[79.863132,6.861884],[79.862679,6.861882],[79.862678,6.862335]]]}},{"type":"Feature","properties":{"id":371.0,"fsi":0.3638,"gsi":0.3638,"osr":0.6362,"entropy":0.1609,"umi":0.3354,"landuse":"Residential","cent":0.196},"geometry":{"type":"Polygon","coordinates":[[[79.862679,6.861882],[79.863132,6.861884],[79.863133,6.861431],[79.862681,6.86143],[79.862679,6.861882]]]}},{"type":"Feature","properties":{"id":372.0,"fsi":0.2518,"gsi":0.2518,"osr":0.7482,"entropy":0.1797,"umi":0.3097,"landuse":"Residential","cent":0.1194},"geometry":{"type":"Polygon","coordinates":[[[79.862681,6.86143],[79.863133,6.861431],[79.863134,6.860979],[79.862682,6.860978],[79.862681,6.86143]]]}},{"type":"Feature","properties":{"id":373.0,"fsi":0.3488,"gsi":0.3488,"osr":0.6512,"entropy":0.3288,"umi":0.369,"landuse":"Residential","cent":0.1386},"geometry":{"type":"Polygon","coordinates":[[[79.862682,6.860978],[79.863134,6.860979],[79.863135,6.860527],[79.862683,6.860526],[79.862682,6.860978]]]}},{"type":"Feature","properties":{"id":374.0,"fsi":0.2974,"gsi":0.2974,"osr":0.7026,"entropy":0.2801,"umi":0.3635,"landuse":"Residential","cent":0.2097},"geometry":{"type":"Polygon","coordinates":[[[79.862683,6.860526],[79.863135,6.860527],[79.863136,6.860075],[79.862684,6.860074],[79.862683,6.860526]]]}},{"type":"Feature","properties":{"id":375.0,"fsi":0.5864,"gsi":0.5864,"osr":0.4136,"entropy":0.1077,"umi":0.353,"landuse":"Residential","cent":0.2117},"geometry":{"type":"Polygon","coordinates":[[[79.862684,6.860074],[79.863136,6.860075],[79.863137,6.859622],[79.862685,6.859621],[79.862684,6.860074]]]}},{"type":"Feature","properties":{"id":376.0,"fsi":0.3378,"gsi":0.3378,"osr":0.6622,"entropy":0.1534,"umi":0.3282,"landuse":"Residential","cent":0.1883},"geometry":{"type":"Polygon","coordinates":[[[79.862685,6.859621],[79.863137,6.859622],[79.863138,6.85917],[79.862686,6.859169],[79.862685,6.859621]]]}},{"type":"Feature","properties":{"id":377.0,"fsi":0.6126,"gsi":0.6126,"osr":0.3874,"entropy":0.0,"umi":0.316,"landuse":"Residential","cent":0.1655},"geometry":{"type":"Polygon","coordinates":[[[79.862686,6.859169],[79.863138,6.85917],[79.863139,6.858718],[79.862687,6.858717],[79.862686,6.859169]]]}},{"type":"Feature","properties":{"id":378.0,"fsi":0.2723,"gsi":0.2723,"osr":0.7277,"entropy":0.2755,"umi":0.3508,"landuse":"Residential","cent":0.1718},"geometry":{"type":"Polygon","coordinates":[[[79.862687,6.858717],[79.863139,6.858718],[79.86314,6.858266],[79.862688,6.858265],[79.862687,6.858717]]]}},{"type":"Feature","properties":{"id":379.0,"fsi":0.3501,"gsi":0.3501,"osr":0.6499,"entropy":0.2283,"umi":0.3456,"landuse":"Residential","cent":0.1624},"geometry":{"type":"Polygon","coordinates":[[[79.862688,6.858265],[79.86314,6.858266],[79.863142,6.857814],[79.862689,6.857813],[79.862688,6.858265]]]}},{"type":"Feature","properties":{"id":380.0,"fsi":0.5635,"gsi":0.5635,"osr":0.4365,"entropy":0.2263,"umi":0.3744,"landuse":"Residential","cent":0.1676},"geometry":{"type":"Polygon","coordinates":[[[79.862689,6.857813],[79.863142,6.857814],[79.863143,6.857361],[79.86269,6.85736],[79.862689,6.857813]]]}},{"type":"Feature","properties":{"id":381.0,"fsi":0.4239,"gsi":0.4239,"osr":0.5761,"entropy":0.478,"umi":0.4183,"landuse":"Residential","cent":0.1238},"geometry":{"type":"Polygon","coordinates":[[[79.86269,6.85736],[79.863143,6.857361],[79.863144,6.856909],[79.862691,6.856908],[79.86269,6.85736]]]}},{"type":"Feature","properties":{"id":382.0,"fsi":0.5002,"gsi":0.5002,"osr":0.4998,"entropy":0.2224,"umi":0.3536,"landuse":"Residential","cent":0.1143},"geometry":{"type":"Polygon","coordinates":[[[79.862691,6.856908],[79.863144,6.856909],[79.863145,6.856457],[79.862692,6.856456],[79.862691,6.856908]]]}},{"type":"Feature","properties":{"id":383.0,"fsi":0.4076,"gsi":0.4076,"osr":0.5924,"entropy":0.1341,"umi":0.3113,"landuse":"Residential","cent":0.091},"geometry":{"type":"Polygon","coordinates":[[[79.862692,6.856456],[79.863145,6.856457],[79.863146,6.856005],[79.862693,6.856004],[79.862692,6.856456]]]}},{"type":"Feature","properties":{"id":384.0,"fsi":0.4063,"gsi":0.4063,"osr":0.5937,"entropy":0.1248,"umi":0.3126,"landuse":"Residential","cent":0.1105},"geometry":{"type":"Polygon","coordinates":[[[79.862693,6.856004],[79.863146,6.856005],[79.863147,6.855553],[79.862694,6.855552],[79.862693,6.856004]]]}},{"type":"Feature","properties":{"id":385.0,"fsi":0.5639,"gsi":0.5639,"osr":0.4361,"entropy":0.1297,"umi":0.3238,"landuse":"Residential","cent":0.0588},"geometry":{"type":"Polygon","coordinates":[[[79.862694,6.855552],[79.863147,6.855553],[79.863148,6.8551],[79.862696,6.855099],[79.862694,6.855552]]]}},{"type":"Feature","properties":{"id":386.0,"fsi":0.4799,"gsi":0.4799,"osr":0.5201,"entropy":0.1327,"umi":0.3166,"landuse":"Residential","cent":0.073},"geometry":{"type":"Polygon","coordinates":[[[79.862696,6.855099],[79.863148,6.8551],[79.863149,6.854648],[79.862697,6.854647],[79.862696,6.855099]]]}},{"type":"Feature","properties":{"id":387.0,"fsi":0.623,"gsi":0.623,"osr":0.377,"entropy":0.3324,"umi":0.3842,"landuse":"Residential","cent":0.0346},"geometry":{"type":"Polygon","coordinates":[[[79.862697,6.854647],[79.863149,6.854648],[79.86315,6.854196],[79.862698,6.854195],[79.862697,6.854647]]]}},{"type":"Feature","properties":{"id":388.0,"fsi":0.4667,"gsi":0.4667,"osr":0.5333,"entropy":0.3046,"umi":0.3557,"landuse":"Residential","cent":0.0346},"geometry":{"type":"Polygon","coordinates":[[[79.862698,6.854195],[79.86315,6.854196],[79.863151,6.853744],[79.862699,6.853743],[79.862698,6.854195]]]}},{"type":"Feature","properties":{"id":389.0,"fsi":0.4324,"gsi":0.4324,"osr":0.5676,"entropy":0.1282,"umi":0.3118,"landuse":"Residential","cent":0.0857},"geometry":{"type":"Polygon","coordinates":[[[79.862699,6.853743],[79.863151,6.853744],[79.863152,6.853292],[79.8627,6.85329],[79.862699,6.853743]]]}},{"type":"Feature","properties":{"id":390.0,"fsi":0.2861,"gsi":0.2861,"osr":0.7139,"entropy":0.2783,"umi":0.3308,"landuse":"Residential","cent":0.065},"geometry":{"type":"Polygon","coordinates":[[[79.8627,6.85329],[79.863152,6.853292],[79.863153,6.852839],[79.862701,6.852838],[79.8627,6.85329]]]}},{"type":"Feature","properties":{"id":391.0,"fsi":0.4465,"gsi":0.4465,"osr":0.5535,"entropy":0.2671,"umi":0.3479,"landuse":"Residential","cent":0.061},"geometry":{"type":"Polygon","coordinates":[[[79.862701,6.852838],[79.863153,6.852839],[79.863154,6.852387],[79.862702,6.852386],[79.862701,6.852838]]]}},{"type":"Feature","properties":{"id":392.0,"fsi":0.65,"gsi":0.65,"osr":0.35,"entropy":0.0,"umi":0.3084,"landuse":"Residential","cent":0.1066},"geometry":{"type":"Polygon","coordinates":[[[79.862702,6.852386],[79.863154,6.852387],[79.863155,6.851935],[79.862703,6.851934],[79.862702,6.852386]]]}},{"type":"Feature","properties":{"id":393.0,"fsi":0.1695,"gsi":0.1695,"osr":0.8305,"entropy":0.4061,"umi":0.3723,"landuse":"Barren Land","cent":0.1618},"geometry":{"type":"Polygon","coordinates":[[[79.862703,6.851934],[79.863155,6.851935],[79.863157,6.851483],[79.862704,6.851482],[79.862703,6.851934]]]}},{"type":"Feature","properties":{"id":394.0,"fsi":0.3714,"gsi":0.3714,"osr":0.6286,"entropy":0.2799,"umi":0.3689,"landuse":"Residential","cent":0.1893},"geometry":{"type":"Polygon","coordinates":[[[79.862704,6.851482],[79.863157,6.851483],[79.863158,6.85103],[79.862705,6.851029],[79.862704,6.851482]]]}},{"type":"Feature","properties":{"id":395.0,"fsi":0.4872,"gsi":0.4168,"osr":0.5832,"entropy":0.4265,"umi":0.449,"landuse":"Commercial","cent":0.2985},"geometry":{"type":"Polygon","coordinates":[[[79.862705,6.851029],[79.863158,6.85103],[79.863159,6.850578],[79.862706,6.850577],[79.862705,6.851029]]]}},{"type":"Feature","properties":{"id":396.0,"fsi":0.4798,"gsi":0.4577,"osr":0.5423,"entropy":0.2707,"umi":0.3689,"landuse":"Residential","cent":0.1344},"geometry":{"type":"Polygon","coordinates":[[[79.862706,6.850577],[79.863159,6.850578],[79.86316,6.850126],[79.862707,6.850125],[79.862706,6.850577]]]}},{"type":"Feature","properties":{"id":397.0,"fsi":0.4318,"gsi":0.4318,"osr":0.5682,"entropy":0.0875,"umi":0.3104,"landuse":"Residential","cent":0.1344},"geometry":{"type":"Polygon","coordinates":[[[79.862707,6.850125],[79.86316,6.850126],[79.863161,6.849674],[79.862708,6.849673],[79.862707,6.850125]]]}},{"type":"Feature","properties":{"id":398.0,"fsi":0.4141,"gsi":0.4141,"osr":0.5859,"entropy":0.1526,"umi":0.3172,"landuse":"Residential","cent":0.0899},"geometry":{"type":"Polygon","coordinates":[[[79.862708,6.849673],[79.863161,6.849674],[79.863162,6.849222],[79.862709,6.849221],[79.862708,6.849673]]]}},{"type":"Feature","properties":{"id":399.0,"fsi":0.1953,"gsi":0.1953,"osr":0.8047,"entropy":0.3953,"umi":0.3481,"landuse":"Residential","cent":0.0459},"geometry":{"type":"Polygon","coordinates":[[[79.862709,6.849221],[79.863162,6.849222],[79.863163,6.848769],[79.862711,6.848768],[79.862709,6.849221]]]}},{"type":"Feature","properties":{"id":400.0,"fsi":0.2682,"gsi":0.2682,"osr":0.7318,"entropy":0.3052,"umi":0.3263,"landuse":"Residential","cent":0.0189},"geometry":{"type":"Polygon","coordinates":[[[79.862711,6.848768],[79.863163,6.848769],[79.863164,6.848317],[79.862712,6.848316],[79.862711,6.848768]]]}},{"type":"Feature","properties":{"id":401.0,"fsi":0.3553,"gsi":0.3553,"osr":0.6447,"entropy":0.0383,"umi":0.2714,"landuse":"Residential","cent":0.064},"geometry":{"type":"Polygon","coordinates":[[[79.862712,6.848316],[79.863164,6.848317],[79.863165,6.847865],[79.862713,6.847864],[79.862712,6.848316]]]}},{"type":"Feature","properties":{"id":402.0,"fsi":0.2211,"gsi":0.2211,"osr":0.7789,"entropy":0.2751,"umi":0.316,"landuse":"Transport","cent":0.0398},"geometry":{"type":"Polygon","coordinates":[[[79.862713,6.847864],[79.863165,6.847865],[79.863166,6.847413],[79.862714,6.847412],[79.862713,6.847864]]]}},{"type":"Feature","properties":{"id":403.0,"fsi":0.2316,"gsi":0.2316,"osr":0.7684,"entropy":0.242,"umi":0.3111,"landuse":"Residential","cent":0.0548},"geometry":{"type":"Polygon","coordinates":[[[79.862714,6.847412],[79.863166,6.847413],[79.863167,6.846961],[79.862715,6.846959],[79.862714,6.847412]]]}},{"type":"Feature","properties":{"id":404.0,"fsi":0.2425,"gsi":0.2425,"osr":0.7575,"entropy":0.2417,"umi":0.3215,"landuse":"Residential","cent":0.0974},"geometry":{"type":"Polygon","coordinates":[[[79.862715,6.846959],[79.863167,6.846961],[79.863168,6.846508],[79.862716,6.846507],[79.862715,6.846959]]]}},{"type":"Feature","properties":{"id":405.0,"fsi":0.2386,"gsi":0.2386,"osr":0.7614,"entropy":0.1732,"umi":0.2968,"landuse":"Residential","cent":0.0755},"geometry":{"type":"Polygon","coordinates":[[[79.862716,6.846507],[79.863168,6.846508],[79.863169,6.846056],[79.862717,6.846055],[79.862716,6.846507]]]}},{"type":"Feature","properties":{"id":406.0,"fsi":0.354,"gsi":0.354,"osr":0.646,"entropy":0.1743,"umi":0.3119,"landuse":"Residential","cent":0.0734},"geometry":{"type":"Polygon","coordinates":[[[79.862717,6.846055],[79.863169,6.846056],[79.86317,6.845604],[79.862718,6.845603],[79.862717,6.846055]]]}},{"type":"Feature","properties":{"id":407.0,"fsi":0.2493,"gsi":0.2493,"osr":0.7507,"entropy":0.426,"umi":0.3697,"landuse":"Transport","cent":0.0732},"geometry":{"type":"Polygon","coordinates":[[[79.862718,6.845603],[79.86317,6.845604],[79.863172,6.845152],[79.862719,6.845151],[79.862718,6.845603]]]}},{"type":"Feature","properties":{"id":408.0,"fsi":0.3577,"gsi":0.3577,"osr":0.6423,"entropy":0.2708,"umi":0.3421,"landuse":"Residential","cent":0.084},"geometry":{"type":"Polygon","coordinates":[[[79.862719,6.845151],[79.863172,6.845152],[79.863173,6.8447],[79.86272,6.844698],[79.862719,6.845151]]]}},{"type":"Feature","properties":{"id":409.0,"fsi":0.2018,"gsi":0.2018,"osr":0.7982,"entropy":0.2671,"umi":0.3224,"landuse":"Residential","cent":0.0929},"geometry":{"type":"Polygon","coordinates":[[[79.86272,6.844698],[79.863173,6.8447],[79.863174,6.844247],[79.862721,6.844246],[79.86272,6.844698]]]}},{"type":"Feature","properties":{"id":410.0,"fsi":0.102,"gsi":0.102,"osr":0.898,"entropy":0.5288,"umi":0.3812,"landuse":"Barren Land","cent":0.0811},"geometry":{"type":"Polygon","coordinates":[[[79.862721,6.844246],[79.863174,6.844247],[79.863175,6.843795],[79.862722,6.843794],[79.862721,6.844246]]]}},{"type":"Feature","properties":{"id":411.0,"fsi":0.1768,"gsi":0.1768,"osr":0.8232,"entropy":0.602,"umi":0.4036,"landuse":"Transport","cent":0.0417},"geometry":{"type":"Polygon","coordinates":[[[79.862722,6.843794],[79.863175,6.843795],[79.863176,6.843343],[79.862723,6.843342],[79.862722,6.843794]]]}},{"type":"Feature","properties":{"id":412.0,"fsi":0.2051,"gsi":0.2051,"osr":0.7949,"entropy":0.398,"umi":0.3585,"landuse":"Transport","cent":0.0854},"geometry":{"type":"Polygon","coordinates":[[[79.862723,6.843342],[79.863176,6.843343],[79.863177,6.842891],[79.862724,6.84289],[79.862723,6.843342]]]}},{"type":"Feature","properties":{"id":413.0,"fsi":0.3954,"gsi":0.3954,"osr":0.6046,"entropy":0.4022,"umi":0.3784,"landuse":"Residential","cent":0.055},"geometry":{"type":"Polygon","coordinates":[[[79.862724,6.84289],[79.863177,6.842891],[79.863178,6.842438],[79.862726,6.842437],[79.862724,6.84289]]]}},{"type":"Feature","properties":{"id":414.0,"fsi":0.1992,"gsi":0.1992,"osr":0.8008,"entropy":0.2938,"umi":0.3216,"landuse":"Commercial","cent":0.055},"geometry":{"type":"Polygon","coordinates":[[[79.862726,6.842437],[79.863178,6.842438],[79.863179,6.841986],[79.862727,6.841985],[79.862726,6.842437]]]}},{"type":"Feature","properties":{"id":415.0,"fsi":0.1926,"gsi":0.1926,"osr":0.8074,"entropy":0.4225,"umi":0.3606,"landuse":"Commercial","cent":0.0704},"geometry":{"type":"Polygon","coordinates":[[[79.862727,6.841985],[79.863179,6.841986],[79.86318,6.841534],[79.862728,6.841533],[79.862727,6.841985]]]}},{"type":"Feature","properties":{"id":416.0,"fsi":0.2522,"gsi":0.2522,"osr":0.7478,"entropy":0.4855,"umi":0.3865,"landuse":"Commercial","cent":0.0704},"geometry":{"type":"Polygon","coordinates":[[[79.862728,6.841358],[79.862728,6.841533],[79.86318,6.841534],[79.86318,6.841425],[79.862728,6.841358]]]}},{"type":"Feature","properties":{"id":419.0,"fsi":0.0,"gsi":0.0,"osr":1.0,"entropy":0.0,"umi":0.2765,"landuse":"Transport","cent":0.361},"geometry":{"type":"Polygon","coordinates":[[[79.863581,6.863255],[79.863581,6.863241],[79.86356,6.863241],[79.863581,6.863255]]]}},{"type":"Feature","properties":{"id":420.0,"fsi":0.0011,"gsi":0.0011,"osr":0.9989,"entropy":0.4326,"umi":0.3637,"landuse":"Commercial","cent":0.1907},"geometry":{"type":"Polygon","coordinates":[[[79.863199,6.863006],[79.86356,6.863241],[79.863581,6.863241],[79.863582,6.862789],[79.86313,6.862788],[79.863129,6.862941],[79.863199,6.863006]]]}},{"type":"Feature","properties":{"id":421.0,"fsi":0.4498,"gsi":0.4498,"osr":0.5502,"entropy":0.1788,"umi":0.358,"landuse":"Commercial","cent":0.225},"geometry":{"type":"Polygon","coordinates":[[[79.86313,6.862788],[79.863582,6.862789],[79.863583,6.862337],[79.863131,6.862336],[79.86313,6.862788]]]}},{"type":"Feature","properties":{"id":422.0,"fsi":0.2639,"gsi":0.2639,"osr":0.7361,"entropy":0.3599,"umi":0.3832,"landuse":"Residential","cent":0.2167},"geometry":{"type":"Polygon","coordinates":[[[79.863131,6.862336],[79.863583,6.862337],[79.863584,6.861885],[79.863132,6.861884],[79.863131,6.862336]]]}},{"type":"Feature","properties":{"id":423.0,"fsi":0.292,"gsi":0.292,"osr":0.708,"entropy":0.3006,"umi":0.3657,"landuse":"Residential","cent":0.196},"geometry":{"type":"Polygon","coordinates":[[[79.863132,6.861884],[79.863584,6.861885],[79.863585,6.861432],[79.863133,6.861431],[79.863132,6.861884]]]}},{"type":"Feature","properties":{"id":424.0,"fsi":0.2747,"gsi":0.2747,"osr":0.7253,"entropy":0.297,"umi":0.3461,"landuse":"Residential","cent":0.1194},"geometry":{"type":"Polygon","coordinates":[[[79.863133,6.861431],[79.863585,6.861432],[79.863587,6.86098],[79.863134,6.860979],[79.863133,6.861431]]]}},{"type":"Feature","properties":{"id":425.0,"fsi":0.3049,"gsi":0.3049,"osr":0.6951,"entropy":0.3125,"umi":0.3744,"landuse":"Residential","cent":0.2131},"geometry":{"type":"Polygon","coordinates":[[[79.863134,6.860979],[79.863587,6.86098],[79.863588,6.860528],[79.863135,6.860527],[79.863134,6.860979]]]}},{"type":"Feature","properties":{"id":426.0,"fsi":0.3273,"gsi":0.3273,"osr":0.6727,"entropy":0.1488,"umi":0.33,"landuse":"Residential","cent":0.2097},"geometry":{"type":"Polygon","coordinates":[[[79.863135,6.860527],[79.863588,6.860528],[79.863589,6.860076],[79.863136,6.860075],[79.863135,6.860527]]]}},{"type":"Feature","properties":{"id":427.0,"fsi":0.4263,"gsi":0.4263,"osr":0.5737,"entropy":0.1179,"umi":0.3347,"landuse":"Residential","cent":0.2117},"geometry":{"type":"Polygon","coordinates":[[[79.863136,6.860075],[79.863589,6.860076],[79.86359,6.859624],[79.863137,6.859622],[79.863136,6.860075]]]}},{"type":"Feature","properties":{"id":428.0,"fsi":0.5849,"gsi":0.5849,"osr":0.4151,"entropy":0.1522,"umi":0.3605,"landuse":"Residential","cent":0.1883},"geometry":{"type":"Polygon","coordinates":[[[79.863137,6.859622],[79.86359,6.859624],[79.863591,6.859171],[79.863138,6.85917],[79.863137,6.859622]]]}},{"type":"Feature","properties":{"id":429.0,"fsi":0.3842,"gsi":0.3842,"osr":0.6158,"entropy":0.0592,"umi":0.3026,"landuse":"Residential","cent":0.1655},"geometry":{"type":"Polygon","coordinates":[[[79.863138,6.85917],[79.863591,6.859171],[79.863592,6.858719],[79.863139,6.858718],[79.863138,6.85917]]]}},{"type":"Feature","properties":{"id":430.0,"fsi":0.5664,"gsi":0.5664,"osr":0.4336,"entropy":0.1592,"umi":0.3548,"landuse":"Residential","cent":0.1639},"geometry":{"type":"Polygon","coordinates":[[[79.863139,6.858718],[79.863592,6.858719],[79.863593,6.858267],[79.86314,6.858266],[79.863139,6.858718]]]}},{"type":"Feature","properties":{"id":431.0,"fsi":0.5311,"gsi":0.5311,"osr":0.4689,"entropy":0.2018,"umi":0.3626,"landuse":"Residential","cent":0.165},"geometry":{"type":"Polygon","coordinates":[[[79.86314,6.858266],[79.863593,6.858267],[79.863594,6.857815],[79.863142,6.857814],[79.86314,6.858266]]]}},{"type":"Feature","properties":{"id":432.0,"fsi":0.5818,"gsi":0.5818,"osr":0.4182,"entropy":0.1288,"umi":0.3444,"landuse":"Residential","cent":0.1458},"geometry":{"type":"Polygon","coordinates":[[[79.863142,6.857814],[79.863594,6.857815],[79.863595,6.857362],[79.863143,6.857361],[79.863142,6.857814]]]}},{"type":"Feature","properties":{"id":433.0,"fsi":0.4467,"gsi":0.4467,"osr":0.5533,"entropy":0.5318,"umi":0.4376,"landuse":"Residential","cent":0.1285},"geometry":{"type":"Polygon","coordinates":[[[79.863143,6.857361],[79.863595,6.857362],[79.863596,6.85691],[79.863144,6.856909],[79.863143,6.857361]]]}},{"type":"Feature","properties":{"id":434.0,"fsi":0.5992,"gsi":0.5992,"osr":0.4008,"entropy":0.3482,"umi":0.3894,"landuse":"Residential","cent":0.0525},"geometry":{"type":"Polygon","coordinates":[[[79.863144,6.856909],[79.863596,6.85691],[79.863597,6.856458],[79.863145,6.856457],[79.863144,6.856909]]]}},{"type":"Feature","properties":{"id":435.0,"fsi":0.4006,"gsi":0.4006,"osr":0.5994,"entropy":0.3268,"umi":0.3677,"landuse":"Residential","cent":0.1026},"geometry":{"type":"Polygon","coordinates":[[[79.863145,6.856457],[79.863597,6.856458],[79.863598,6.856006],[79.863146,6.856005],[79.863145,6.856457]]]}},{"type":"Feature","properties":{"id":436.0,"fsi":0.5722,"gsi":0.5722,"osr":0.4278,"entropy":0.0693,"umi":0.309,"landuse":"Residential","cent":0.0647},"geometry":{"type":"Polygon","coordinates":[[[79.863146,6.856005],[79.863598,6.856006],[79.863599,6.855554],[79.863147,6.855553],[79.863146,6.856005]]]}},{"type":"Feature","properties":{"id":437.0,"fsi":0.5721,"gsi":0.5721,"osr":0.4279,"entropy":0.1404,"umi":0.3256,"landuse":"Residential","cent":0.0474},"geometry":{"type":"Polygon","coordinates":[[[79.863147,6.855553],[79.863599,6.855554],[79.8636,6.855101],[79.863148,6.8551],[79.863147,6.855553]]]}},{"type":"Feature","properties":{"id":438.0,"fsi":0.5185,"gsi":0.5185,"osr":0.4815,"entropy":0.1321,"umi":0.3215,"landuse":"Residential","cent":0.073},"geometry":{"type":"Polygon","coordinates":[[[79.863148,6.8551],[79.8636,6.855101],[79.863602,6.854649],[79.863149,6.854648],[79.863148,6.8551]]]}},{"type":"Feature","properties":{"id":439.0,"fsi":0.4272,"gsi":0.4272,"osr":0.5728,"entropy":0.1347,"umi":0.3021,"landuse":"Residential","cent":0.0346},"geometry":{"type":"Polygon","coordinates":[[[79.863149,6.854648],[79.863602,6.854649],[79.863603,6.854197],[79.86315,6.854196],[79.863149,6.854648]]]}},{"type":"Feature","properties":{"id":440.0,"fsi":0.575,"gsi":0.575,"osr":0.425,"entropy":0.068,"umi":0.3026,"landuse":"Residential","cent":0.0346},"geometry":{"type":"Polygon","coordinates":[[[79.86315,6.854196],[79.863603,6.854197],[79.863604,6.853745],[79.863151,6.853744],[79.86315,6.854196]]]}},{"type":"Feature","properties":{"id":441.0,"fsi":0.4874,"gsi":0.4874,"osr":0.5126,"entropy":0.1753,"umi":0.3353,"landuse":"Residential","cent":0.0992},"geometry":{"type":"Polygon","coordinates":[[[79.863151,6.853744],[79.863604,6.853745],[79.863605,6.853293],[79.863152,6.853292],[79.863151,6.853744]]]}},{"type":"Feature","properties":{"id":442.0,"fsi":0.2981,"gsi":0.2981,"osr":0.7019,"entropy":0.2596,"umi":0.3403,"landuse":"Residential","cent":0.1277},"geometry":{"type":"Polygon","coordinates":[[[79.863152,6.853292],[79.863605,6.853293],[79.863606,6.85284],[79.863153,6.852839],[79.863152,6.853292]]]}},{"type":"Feature","properties":{"id":443.0,"fsi":0.5196,"gsi":0.5196,"osr":0.4804,"entropy":0.4692,"umi":0.4375,"landuse":"Residential","cent":0.1667},"geometry":{"type":"Polygon","coordinates":[[[79.863153,6.852839],[79.863606,6.85284],[79.863607,6.852388],[79.863154,6.852387],[79.863153,6.852839]]]}},{"type":"Feature","properties":{"id":444.0,"fsi":0.482,"gsi":0.482,"osr":0.518,"entropy":0.4466,"umi":0.436,"landuse":"Residential","cent":0.2132},"geometry":{"type":"Polygon","coordinates":[[[79.863154,6.852387],[79.863607,6.852388],[79.863608,6.851936],[79.863155,6.851935],[79.863154,6.852387]]]}},{"type":"Feature","properties":{"id":445.0,"fsi":0.3918,"gsi":0.3918,"osr":0.6082,"entropy":0.3832,"umi":0.4106,"landuse":"Residential","cent":0.2349},"geometry":{"type":"Polygon","coordinates":[[[79.863155,6.851935],[79.863608,6.851936],[79.863609,6.851484],[79.863157,6.851483],[79.863155,6.851935]]]}},{"type":"Feature","properties":{"id":446.0,"fsi":0.2899,"gsi":0.2899,"osr":0.7101,"entropy":0.4885,"umi":0.4424,"landuse":"Residential","cent":0.3071},"geometry":{"type":"Polygon","coordinates":[[[79.863157,6.851483],[79.863609,6.851484],[79.86361,6.851032],[79.863158,6.85103],[79.863157,6.851483]]]}},{"type":"Feature","properties":{"id":447.0,"fsi":0.2245,"gsi":0.2245,"osr":0.7755,"entropy":0.6099,"umi":0.4784,"landuse":"Transport","cent":0.3544},"geometry":{"type":"Polygon","coordinates":[[[79.863158,6.85103],[79.86361,6.851032],[79.863611,6.850579],[79.863159,6.850578],[79.863158,6.85103]]]}},{"type":"Feature","properties":{"id":448.0,"fsi":0.4347,"gsi":0.4347,"osr":0.5653,"entropy":0.4804,"umi":0.4383,"landuse":"Institutional","cent":0.2082},"geometry":{"type":"Polygon","coordinates":[[[79.863159,6.850578],[79.863611,6.850579],[79.863612,6.850127],[79.86316,6.850126],[79.863159,6.850578]]]}},{"type":"Feature","properties":{"id":449.0,"fsi":0.3562,"gsi":0.3562,"osr":0.6438,"entropy":0.3728,"umi":0.3937,"landuse":"Residential","cent":0.1913},"geometry":{"type":"Polygon","coordinates":[[[79.86316,6.850126],[79.863612,6.850127],[79.863613,6.849675],[79.863161,6.849674],[79.86316,6.850126]]]}},{"type":"Feature","properties":{"id":450.0,"fsi":0.4384,"gsi":0.4384,"osr":0.5616,"entropy":0.1251,"umi":0.3197,"landuse":"Residential","cent":0.1236},"geometry":{"type":"Polygon","coordinates":[[[79.863161,6.849674],[79.863613,6.849675],[79.863614,6.849223],[79.863162,6.849222],[79.863161,6.849674]]]}},{"type":"Feature","properties":{"id":451.0,"fsi":0.3014,"gsi":0.3014,"osr":0.6986,"entropy":0.3699,"umi":0.3548,"landuse":"Residential","cent":0.0459},"geometry":{"type":"Polygon","coordinates":[[[79.863162,6.849222],[79.863614,6.849223],[79.863615,6.84877],[79.863163,6.848769],[79.863162,6.849222]]]}},{"type":"Feature","properties":{"id":452.0,"fsi":0.4922,"gsi":0.4922,"osr":0.5078,"entropy":0.2073,"umi":0.3283,"landuse":"Residential","cent":0.0201},"geometry":{"type":"Polygon","coordinates":[[[79.863163,6.848769],[79.863615,6.84877],[79.863617,6.848318],[79.863164,6.848317],[79.863163,6.848769]]]}},{"type":"Feature","properties":{"id":453.0,"fsi":0.227,"gsi":0.227,"osr":0.773,"entropy":0.0752,"umi":0.266,"landuse":"Residential","cent":0.0692},"geometry":{"type":"Polygon","coordinates":[[[79.863164,6.848317],[79.863617,6.848318],[79.863618,6.847866],[79.863165,6.847865],[79.863164,6.848317]]]}},{"type":"Feature","properties":{"id":454.0,"fsi":0.4763,"gsi":0.4763,"osr":0.5237,"entropy":0.1908,"umi":0.3255,"landuse":"Residential","cent":0.0391},"geometry":{"type":"Polygon","coordinates":[[[79.863165,6.847865],[79.863618,6.847866],[79.863619,6.847414],[79.863166,6.847413],[79.863165,6.847865]]]}},{"type":"Feature","properties":{"id":455.0,"fsi":0.0929,"gsi":0.0929,"osr":0.9071,"entropy":0.4187,"umi":0.339,"landuse":"Residential","cent":0.0357},"geometry":{"type":"Polygon","coordinates":[[[79.863166,6.847413],[79.863619,6.847414],[79.86362,6.846962],[79.863167,6.846961],[79.863166,6.847413]]]}},{"type":"Feature","properties":{"id":456.0,"fsi":0.2786,"gsi":0.2786,"osr":0.7214,"entropy":0.4754,"umi":0.4044,"landuse":"Residential","cent":0.1521},"geometry":{"type":"Polygon","coordinates":[[[79.863167,6.846961],[79.86362,6.846962],[79.863621,6.846509],[79.863168,6.846508],[79.863167,6.846961]]]}},{"type":"Feature","properties":{"id":457.0,"fsi":0.4194,"gsi":0.4194,"osr":0.5806,"entropy":0.0,"umi":0.2811,"landuse":"Residential","cent":0.1216},"geometry":{"type":"Polygon","coordinates":[[[79.863168,6.846508],[79.863621,6.846509],[79.863622,6.846057],[79.863169,6.846056],[79.863168,6.846508]]]}},{"type":"Feature","properties":{"id":458.0,"fsi":0.4351,"gsi":0.4351,"osr":0.5649,"entropy":0.0267,"umi":0.2977,"landuse":"Residential","cent":0.1542},"geometry":{"type":"Polygon","coordinates":[[[79.863169,6.846056],[79.863622,6.846057],[79.863623,6.845605],[79.86317,6.845604],[79.863169,6.846056]]]}},{"type":"Feature","properties":{"id":459.0,"fsi":0.4834,"gsi":0.4834,"osr":0.5166,"entropy":0.1564,"umi":0.3238,"landuse":"Residential","cent":0.073},"geometry":{"type":"Polygon","coordinates":[[[79.86317,6.845604],[79.863623,6.845605],[79.863624,6.845153],[79.863172,6.845152],[79.86317,6.845604]]]}},{"type":"Feature","properties":{"id":460.0,"fsi":0.4882,"gsi":0.4882,"osr":0.5118,"entropy":0.1044,"umi":0.3095,"landuse":"Residential","cent":0.0725},"geometry":{"type":"Polygon","coordinates":[[[79.863172,6.845152],[79.863624,6.845153],[79.863625,6.844701],[79.863173,6.8447],[79.863172,6.845152]]]}},{"type":"Feature","properties":{"id":461.0,"fsi":0.3548,"gsi":0.3548,"osr":0.6452,"entropy":0.1446,"umi":0.309,"landuse":"Residential","cent":0.0991},"geometry":{"type":"Polygon","coordinates":[[[79.863173,6.8447],[79.863625,6.844701],[79.863626,6.844248],[79.863174,6.844247],[79.863173,6.8447]]]}},{"type":"Feature","properties":{"id":462.0,"fsi":0.532,"gsi":0.532,"osr":0.468,"entropy":0.066,"umi":0.305,"landuse":"Residential","cent":0.0755},"geometry":{"type":"Polygon","coordinates":[[[79.863174,6.844247],[79.863626,6.844248],[79.863627,6.843796],[79.863175,6.843795],[79.863174,6.844247]]]}},{"type":"Feature","properties":{"id":463.0,"fsi":0.4123,"gsi":0.4123,"osr":0.5877,"entropy":0.1595,"umi":0.3107,"landuse":"Residential","cent":0.0512},"geometry":{"type":"Polygon","coordinates":[[[79.863175,6.843795],[79.863627,6.843796],[79.863628,6.843344],[79.863176,6.843343],[79.863175,6.843795]]]}},{"type":"Feature","properties":{"id":464.0,"fsi":0.4063,"gsi":0.4063,"osr":0.5937,"entropy":0.274,"umi":0.3498,"landuse":"Transport","cent":0.0854},"geometry":{"type":"Polygon","coordinates":[[[79.863176,6.843343],[79.863628,6.843344],[79.863629,6.842892],[79.863177,6.842891],[79.863176,6.843343]]]}},{"type":"Feature","properties":{"id":465.0,"fsi":0.4676,"gsi":0.4676,"osr":0.5324,"entropy":0.2243,"umi":0.3453,"landuse":"Residential","cent":0.0928},"geometry":{"type":"Polygon","coordinates":[[[79.863177,6.842891],[79.863629,6.842892],[79.86363,6.84244],[79.863178,6.842438],[79.863177,6.842891]]]}},{"type":"Feature","properties":{"id":466.0,"fsi":0.7053,"gsi":0.3785,"osr":0.6215,"entropy":0.3835,"umi":0.416,"landuse":"Commercial","cent":0.0647},"geometry":{"type":"Polygon","coordinates":[[[79.863178,6.842438],[79.86363,6.84244],[79.863631,6.841987],[79.863179,6.841986],[79.863178,6.842438]]]}},{"type":"Feature","properties":{"id":467.0,"fsi":0.5866,"gsi":0.3362,"osr":0.6638,"entropy":0.0891,"umi":0.3116,"landuse":"Residential","cent":0.0417},"geometry":{"type":"Polygon","coordinates":[[[79.863179,6.841986],[79.863631,6.841987],[79.863633,6.841535],[79.86318,6.841534],[79.863179,6.841986]]]}},{"type":"Feature","properties":{"id":468.0,"fsi":0.372,"gsi":0.372,"osr":0.628,"entropy":0.0,"umi":0.264,"landuse":"Residential","cent":0.0704},"geometry":{"type":"Polygon","coordinates":[[[79.86318,6.841425],[79.86318,6.841534],[79.863633,6.841535],[79.863633,6.841493],[79.86318,6.841425]]]}},{"type":"Feature","properties":{"id":471.0,"fsi":0.0816,"gsi":0.0816,"osr":0.9184,"entropy":0.3921,"umi":0.3891,"landuse":"Water","cent":0.3147},"geometry":{"type":"Polygon","coordinates":[[[79.863581,6.863255],[79.863614,6.863277],[79.863614,6.863277],[79.863783,6.863403],[79.864033,6.863597],[79.864034,6.863242],[79.863581,6.863241],[79.863581,6.863255]]]}},{"type":"Feature","properties":{"id":472.0,"fsi":0.1689,"gsi":0.1689,"osr":0.8311,"entropy":0.4479,"umi":0.4214,"landuse":"Transport","cent":0.3379},"geometry":{"type":"Polygon","coordinates":[[[79.863581,6.863241],[79.864034,6.863242],[79.864035,6.86279],[79.863582,6.862789],[79.863581,6.863241]]]}},{"type":"Feature","properties":{"id":473.0,"fsi":0.0421,"gsi":0.0421,"osr":0.9579,"entropy":0.3184,"umi":0.3768,"landuse":"Commercial","cent":0.3802},"geometry":{"type":"Polygon","coordinates":[[[79.863582,6.862789],[79.864035,6.86279],[79.864036,6.862338],[79.863583,6.862337],[79.863582,6.862789]]]}},{"type":"Feature","properties":{"id":474.0,"fsi":0.157,"gsi":0.157,"osr":0.843,"entropy":0.4165,"umi":0.4154,"landuse":"Commercial","cent":0.359},"geometry":{"type":"Polygon","coordinates":[[[79.863583,6.862337],[79.864036,6.862338],[79.864037,6.861886],[79.863584,6.861885],[79.863583,6.862337]]]}},{"type":"Feature","properties":{"id":475.0,"fsi":0.1907,"gsi":0.1907,"osr":0.8093,"entropy":0.2764,"umi":0.3753,"landuse":"Commercial","cent":0.3371},"geometry":{"type":"Polygon","coordinates":[[[79.863584,6.861885],[79.864037,6.861886],[79.864038,6.861433],[79.863585,6.861432],[79.863584,6.861885]]]}},{"type":"Feature","properties":{"id":476.0,"fsi":0.2073,"gsi":0.2073,"osr":0.7927,"entropy":0.302,"umi":0.3839,"landuse":"Commercial","cent":0.333},"geometry":{"type":"Polygon","coordinates":[[[79.863585,6.861432],[79.864038,6.861433],[79.864039,6.860981],[79.863587,6.86098],[79.863585,6.861432]]]}},{"type":"Feature","properties":{"id":477.0,"fsi":0.3813,"gsi":0.3813,"osr":0.6187,"entropy":0.5392,"umi":0.449,"landuse":"Commercial","cent":0.2131},"geometry":{"type":"Polygon","coordinates":[[[79.863587,6.86098],[79.864039,6.860981],[79.86404,6.860529],[79.863588,6.860528],[79.863587,6.86098]]]}},{"type":"Feature","properties":{"id":478.0,"fsi":0.4293,"gsi":0.4293,"osr":0.5707,"entropy":0.2883,"umi":0.3832,"landuse":"Residential","cent":0.2097},"geometry":{"type":"Polygon","coordinates":[[[79.863588,6.860528],[79.86404,6.860529],[79.864041,6.860077],[79.863589,6.860076],[79.863588,6.860528]]]}},{"type":"Feature","properties":{"id":479.0,"fsi":0.5052,"gsi":0.5052,"osr":0.4948,"entropy":0.1905,"umi":0.3743,"landuse":"Residential","cent":0.2516},"geometry":{"type":"Polygon","coordinates":[[[79.863589,6.860076],[79.864041,6.860077],[79.864042,6.859625],[79.86359,6.859624],[79.863589,6.860076]]]}},{"type":"Feature","properties":{"id":480.0,"fsi":0.375,"gsi":0.375,"osr":0.625,"entropy":0.166,"umi":0.3379,"landuse":"Residential","cent":0.1939},"geometry":{"type":"Polygon","coordinates":[[[79.86359,6.859624],[79.864042,6.859625],[79.864043,6.859172],[79.863591,6.859171],[79.86359,6.859624]]]}},{"type":"Feature","properties":{"id":481.0,"fsi":0.4055,"gsi":0.4055,"osr":0.5945,"entropy":0.1104,"umi":0.32,"landuse":"Residential","cent":0.1655},"geometry":{"type":"Polygon","coordinates":[[[79.863591,6.859171],[79.864043,6.859172],[79.864044,6.85872],[79.863592,6.858719],[79.863591,6.859171]]]}},{"type":"Feature","properties":{"id":482.0,"fsi":0.5297,"gsi":0.5297,"osr":0.4703,"entropy":0.2675,"umi":0.3805,"landuse":"Residential","cent":0.1624},"geometry":{"type":"Polygon","coordinates":[[[79.863592,6.858719],[79.864044,6.85872],[79.864045,6.858268],[79.863593,6.858267],[79.863592,6.858719]]]}},{"type":"Feature","properties":{"id":483.0,"fsi":0.4322,"gsi":0.4322,"osr":0.5678,"entropy":0.1621,"umi":0.3387,"landuse":"Residential","cent":0.1676},"geometry":{"type":"Polygon","coordinates":[[[79.863593,6.858267],[79.864045,6.858268],[79.864046,6.857816],[79.863594,6.857815],[79.863593,6.858267]]]}},{"type":"Feature","properties":{"id":484.0,"fsi":0.5158,"gsi":0.5158,"osr":0.4842,"entropy":0.1067,"umi":0.3247,"landuse":"Residential","cent":0.1239},"geometry":{"type":"Polygon","coordinates":[[[79.863594,6.857815],[79.864046,6.857816],[79.864048,6.857364],[79.863595,6.857362],[79.863594,6.857815]]]}},{"type":"Feature","properties":{"id":485.0,"fsi":0.5816,"gsi":0.5816,"osr":0.4184,"entropy":0.3558,"umi":0.4063,"landuse":"Institutional","cent":0.1332},"geometry":{"type":"Polygon","coordinates":[[[79.863595,6.857362],[79.864048,6.857364],[79.864049,6.856911],[79.863596,6.85691],[79.863595,6.857362]]]}},{"type":"Feature","properties":{"id":486.0,"fsi":0.7171,"gsi":0.7171,"osr":0.2829,"entropy":0.2495,"umi":0.3939,"landuse":"Institutional","cent":0.1332},"geometry":{"type":"Polygon","coordinates":[[[79.863596,6.85691],[79.864049,6.856911],[79.86405,6.856459],[79.863597,6.856458],[79.863596,6.85691]]]}},{"type":"Feature","properties":{"id":487.0,"fsi":0.4862,"gsi":0.4862,"osr":0.5138,"entropy":0.192,"umi":0.351,"landuse":"Residential","cent":0.1515},"geometry":{"type":"Polygon","coordinates":[[[79.863597,6.856458],[79.86405,6.856459],[79.864051,6.856007],[79.863598,6.856006],[79.863597,6.856458]]]}},{"type":"Feature","properties":{"id":488.0,"fsi":0.3752,"gsi":0.3752,"osr":0.6248,"entropy":0.1146,"umi":0.2971,"landuse":"Residential","cent":0.0707},"geometry":{"type":"Polygon","coordinates":[[[79.863598,6.856006],[79.864051,6.856007],[79.864052,6.855555],[79.863599,6.855554],[79.863598,6.856006]]]}},{"type":"Feature","properties":{"id":489.0,"fsi":0.668,"gsi":0.668,"osr":0.332,"entropy":0.0628,"umi":0.3215,"landuse":"Residential","cent":0.073},"geometry":{"type":"Polygon","coordinates":[[[79.863599,6.855554],[79.864052,6.855555],[79.864053,6.855103],[79.8636,6.855101],[79.863599,6.855554]]]}},{"type":"Feature","properties":{"id":490.0,"fsi":0.6162,"gsi":0.6162,"osr":0.3838,"entropy":0.0953,"umi":0.324,"landuse":"Residential","cent":0.073},"geometry":{"type":"Polygon","coordinates":[[[79.8636,6.855101],[79.864053,6.855103],[79.864054,6.85465],[79.863602,6.854649],[79.8636,6.855101]]]}},{"type":"Feature","properties":{"id":491.0,"fsi":0.5283,"gsi":0.5283,"osr":0.4717,"entropy":0.1379,"umi":0.3286,"landuse":"Residential","cent":0.0923},"geometry":{"type":"Polygon","coordinates":[[[79.863602,6.854649],[79.864054,6.85465],[79.864055,6.854198],[79.863603,6.854197],[79.863602,6.854649]]]}},{"type":"Feature","properties":{"id":492.0,"fsi":0.5376,"gsi":0.5376,"osr":0.4624,"entropy":0.1361,"umi":0.3478,"landuse":"Residential","cent":0.1798},"geometry":{"type":"Polygon","coordinates":[[[79.863603,6.854197],[79.864055,6.854198],[79.864056,6.853746],[79.863604,6.853745],[79.863603,6.854197]]]}},{"type":"Feature","properties":{"id":493.0,"fsi":0.5291,"gsi":0.5291,"osr":0.4709,"entropy":0.0678,"umi":0.3167,"landuse":"Residential","cent":0.1301},"geometry":{"type":"Polygon","coordinates":[[[79.863604,6.853745],[79.864056,6.853746],[79.864057,6.853294],[79.863605,6.853293],[79.863604,6.853745]]]}},{"type":"Feature","properties":{"id":494.0,"fsi":0.6698,"gsi":0.6698,"osr":0.3302,"entropy":0.1524,"umi":0.3808,"landuse":"Residential","cent":0.2313},"geometry":{"type":"Polygon","coordinates":[[[79.863605,6.853293],[79.864057,6.853294],[79.864058,6.852841],[79.863606,6.85284],[79.863605,6.853293]]]}},{"type":"Feature","properties":{"id":495.0,"fsi":0.4832,"gsi":0.4832,"osr":0.5168,"entropy":0.3024,"umi":0.3834,"landuse":"Residential","cent":0.1579},"geometry":{"type":"Polygon","coordinates":[[[79.863606,6.85284],[79.864058,6.852841],[79.864059,6.852389],[79.863607,6.852388],[79.863606,6.85284]]]}},{"type":"Feature","properties":{"id":496.0,"fsi":0.4952,"gsi":0.4952,"osr":0.5048,"entropy":0.2109,"umi":0.375,"landuse":"Residential","cent":0.2337},"geometry":{"type":"Polygon","coordinates":[[[79.863607,6.852388],[79.864059,6.852389],[79.86406,6.851937],[79.863608,6.851936],[79.863607,6.852388]]]}},{"type":"Feature","properties":{"id":497.0,"fsi":0.5762,"gsi":0.5762,"osr":0.4238,"entropy":0.0381,"umi":0.3192,"landuse":"Residential","cent":0.1522},"geometry":{"type":"Polygon","coordinates":[[[79.863608,6.851936],[79.86406,6.851937],[79.864061,6.851485],[79.863609,6.851484],[79.863608,6.851936]]]}},{"type":"Feature","properties":{"id":498.0,"fsi":0.4302,"gsi":0.4302,"osr":0.5698,"entropy":0.3419,"umi":0.4192,"landuse":"Residential","cent":0.3071},"geometry":{"type":"Polygon","coordinates":[[[79.863609,6.851484],[79.864061,6.851485],[79.864063,6.851033],[79.86361,6.851032],[79.863609,6.851484]]]}},{"type":"Feature","properties":{"id":499.0,"fsi":0.163,"gsi":0.163,"osr":0.837,"entropy":0.3107,"umi":0.4059,"landuse":"Cultural","cent":0.4528},"geometry":{"type":"Polygon","coordinates":[[[79.86361,6.851032],[79.864063,6.851033],[79.864064,6.85058],[79.863611,6.850579],[79.86361,6.851032]]]}},{"type":"Feature","properties":{"id":500.0,"fsi":0.4998,"gsi":0.4998,"osr":0.5002,"entropy":0.0814,"umi":0.3369,"landuse":"Institutional","cent":0.225},"geometry":{"type":"Polygon","coordinates":[[[79.863611,6.850579],[79.864064,6.85058],[79.864065,6.850128],[79.863612,6.850127],[79.863611,6.850579]]]}},{"type":"Feature","properties":{"id":501.0,"fsi":0.4196,"gsi":0.4196,"osr":0.5804,"entropy":0.401,"umi":0.4018,"landuse":"Residential","cent":0.152},"geometry":{"type":"Polygon","coordinates":[[[79.863612,6.850127],[79.864065,6.850128],[79.864066,6.849676],[79.863613,6.849675],[79.863612,6.850127]]]}},{"type":"Feature","properties":{"id":502.0,"fsi":0.4084,"gsi":0.4084,"osr":0.5916,"entropy":0.1168,"umi":0.3029,"landuse":"Residential","cent":0.0742},"geometry":{"type":"Polygon","coordinates":[[[79.863613,6.849675],[79.864066,6.849676],[79.864067,6.849224],[79.863614,6.849223],[79.863613,6.849675]]]}},{"type":"Feature","properties":{"id":503.0,"fsi":0.4064,"gsi":0.4064,"osr":0.5936,"entropy":0.3462,"umi":0.3591,"landuse":"Residential","cent":0.0323},"geometry":{"type":"Polygon","coordinates":[[[79.863614,6.849223],[79.864067,6.849224],[79.864068,6.848772],[79.863615,6.84877],[79.863614,6.849223]]]}},{"type":"Feature","properties":{"id":504.0,"fsi":0.2488,"gsi":0.2488,"osr":0.7512,"entropy":0.3099,"umi":0.3302,"landuse":"Residential","cent":0.0432},"geometry":{"type":"Polygon","coordinates":[[[79.863615,6.84877],[79.864068,6.848772],[79.864069,6.848319],[79.863617,6.848318],[79.863615,6.84877]]]}},{"type":"Feature","properties":{"id":505.0,"fsi":0.3447,"gsi":0.3447,"osr":0.6553,"entropy":0.3979,"umi":0.3779,"landuse":"Residential","cent":0.0902},"geometry":{"type":"Polygon","coordinates":[[[79.863617,6.848318],[79.864069,6.848319],[79.86407,6.847867],[79.863618,6.847866],[79.863617,6.848318]]]}},{"type":"Feature","properties":{"id":506.0,"fsi":0.4644,"gsi":0.4644,"osr":0.5356,"entropy":0.1624,"umi":0.3151,"landuse":"Residential","cent":0.0357},"geometry":{"type":"Polygon","coordinates":[[[79.863618,6.847866],[79.86407,6.847867],[79.864071,6.847415],[79.863619,6.847414],[79.863618,6.847866]]]}},{"type":"Feature","properties":{"id":507.0,"fsi":0.5025,"gsi":0.5025,"osr":0.4975,"entropy":0.0511,"umi":0.2884,"landuse":"Residential","cent":0.0357},"geometry":{"type":"Polygon","coordinates":[[[79.863619,6.847414],[79.864071,6.847415],[79.864072,6.846963],[79.86362,6.846962],[79.863619,6.847414]]]}},{"type":"Feature","properties":{"id":508.0,"fsi":0.4326,"gsi":0.4326,"osr":0.5674,"entropy":0.2502,"umi":0.3603,"landuse":"Residential","cent":0.1508},"geometry":{"type":"Polygon","coordinates":[[[79.86362,6.846962],[79.864072,6.846963],[79.864073,6.84651],[79.863621,6.846509],[79.86362,6.846962]]]}},{"type":"Feature","properties":{"id":509.0,"fsi":0.3675,"gsi":0.3675,"osr":0.6325,"entropy":0.024,"umi":0.2756,"landuse":"Residential","cent":0.0954},"geometry":{"type":"Polygon","coordinates":[[[79.863621,6.846509],[79.864073,6.84651],[79.864074,6.846058],[79.863622,6.846057],[79.863621,6.846509]]]}},{"type":"Feature","properties":{"id":510.0,"fsi":0.4793,"gsi":0.4793,"osr":0.5207,"entropy":0.1446,"umi":0.3349,"landuse":"Residential","cent":0.1438},"geometry":{"type":"Polygon","coordinates":[[[79.863622,6.846057],[79.864074,6.846058],[79.864075,6.845606],[79.863623,6.845605],[79.863622,6.846057]]]}},{"type":"Feature","properties":{"id":511.0,"fsi":0.4738,"gsi":0.4738,"osr":0.5262,"entropy":0.082,"umi":0.3124,"landuse":"Residential","cent":0.125},"geometry":{"type":"Polygon","coordinates":[[[79.863623,6.845605],[79.864075,6.845606],[79.864076,6.845154],[79.863624,6.845153],[79.863623,6.845605]]]}},{"type":"Feature","properties":{"id":512.0,"fsi":0.4418,"gsi":0.4418,"osr":0.5582,"entropy":0.2902,"umi":0.374,"landuse":"Residential","cent":0.1557},"geometry":{"type":"Polygon","coordinates":[[[79.863624,6.845153],[79.864076,6.845154],[79.864078,6.844702],[79.863625,6.844701],[79.863624,6.845153]]]}},{"type":"Feature","properties":{"id":513.0,"fsi":0.3403,"gsi":0.3403,"osr":0.6597,"entropy":0.1823,"umi":0.3333,"landuse":"Residential","cent":0.1721},"geometry":{"type":"Polygon","coordinates":[[[79.863625,6.844701],[79.864078,6.844702],[79.864079,6.844249],[79.863626,6.844248],[79.863625,6.844701]]]}},{"type":"Feature","properties":{"id":514.0,"fsi":0.5151,"gsi":0.5151,"osr":0.4849,"entropy":0.0,"umi":0.2851,"landuse":"Residential","cent":0.0806},"geometry":{"type":"Polygon","coordinates":[[[79.863626,6.844248],[79.864079,6.844249],[79.86408,6.843797],[79.863627,6.843796],[79.863626,6.844248]]]}},{"type":"Feature","properties":{"id":515.0,"fsi":0.4787,"gsi":0.4787,"osr":0.5213,"entropy":0.153,"umi":0.3157,"landuse":"Residential","cent":0.042},"geometry":{"type":"Polygon","coordinates":[[[79.863627,6.843796],[79.86408,6.843797],[79.864081,6.843345],[79.863628,6.843344],[79.863627,6.843796]]]}},{"type":"Feature","properties":{"id":516.0,"fsi":0.4707,"gsi":0.4707,"osr":0.5293,"entropy":0.2388,"umi":0.3482,"landuse":"Residential","cent":0.0854},"geometry":{"type":"Polygon","coordinates":[[[79.863628,6.843344],[79.864081,6.843345],[79.864082,6.842893],[79.863629,6.842892],[79.863628,6.843344]]]}},{"type":"Feature","properties":{"id":517.0,"fsi":0.387,"gsi":0.387,"osr":0.613,"entropy":0.113,"umi":0.3078,"landuse":"Residential","cent":0.116},"geometry":{"type":"Polygon","coordinates":[[[79.863629,6.842892],[79.864082,6.842893],[79.864083,6.842441],[79.86363,6.84244],[79.863629,6.842892]]]}},{"type":"Feature","properties":{"id":518.0,"fsi":0.5163,"gsi":0.5163,"osr":0.4837,"entropy":0.1219,"umi":0.325,"landuse":"Residential","cent":0.1044},"geometry":{"type":"Polygon","coordinates":[[[79.86363,6.84244],[79.864083,6.842441],[79.864084,6.841988],[79.863631,6.841987],[79.86363,6.84244]]]}},{"type":"Feature","properties":{"id":519.0,"fsi":0.4056,"gsi":0.4056,"osr":0.5944,"entropy":0.0,"umi":0.2685,"landuse":"Residential","cent":0.0704},"geometry":{"type":"Polygon","coordinates":[[[79.863919,6.841536],[79.863633,6.841535],[79.863631,6.841987],[79.864084,6.841988],[79.864085,6.841561],[79.863919,6.841536]]]}},{"type":"Feature","properties":{"id":520.0,"fsi":0.2693,"gsi":0.2693,"osr":0.7307,"entropy":0.0,"umi":0.2505,"landuse":"Residential","cent":0.0704},"geometry":{"type":"Polygon","coordinates":[[[79.863633,6.841493],[79.863633,6.841535],[79.863919,6.841536],[79.863633,6.841493]]]}},{"type":"Feature","properties":{"id":522.0,"fsi":0.0502,"gsi":0.0502,"osr":0.9498,"entropy":0.2642,"umi":0.3238,"landuse":"Water","cent":0.1981},"geometry":{"type":"Polygon","coordinates":[[[79.864151,6.863695],[79.864326,6.863842],[79.864484,6.863992],[79.864485,6.863696],[79.864151,6.863695]]]}},{"type":"Feature","properties":{"id":523.0,"fsi":0.1895,"gsi":0.1895,"osr":0.8105,"entropy":0.3638,"umi":0.3742,"landuse":"Residential","cent":0.2151},"geometry":{"type":"Polygon","coordinates":[[[79.864058,6.863616],[79.864151,6.863695],[79.864485,6.863696],[79.864486,6.863243],[79.864034,6.863242],[79.864033,6.863597],[79.864058,6.863616]]]}},{"type":"Feature","properties":{"id":524.0,"fsi":0.3106,"gsi":0.3106,"osr":0.6894,"entropy":0.2158,"umi":0.3516,"landuse":"Residential","cent":0.2321},"geometry":{"type":"Polygon","coordinates":[[[79.864034,6.863242],[79.864486,6.863243],[79.864487,6.862791],[79.864035,6.86279],[79.864034,6.863242]]]}},{"type":"Feature","properties":{"id":525.0,"fsi":0.162,"gsi":0.162,"osr":0.838,"entropy":0.5597,"umi":0.4685,"landuse":"Commercial","cent":0.414},"geometry":{"type":"Polygon","coordinates":[[[79.864035,6.86279],[79.864487,6.862791],[79.864488,6.862339],[79.864036,6.862338],[79.864035,6.86279]]]}},{"type":"Feature","properties":{"id":526.0,"fsi":0.2918,"gsi":0.2918,"osr":0.7082,"entropy":0.4125,"umi":0.4261,"landuse":"Industrial","cent":0.331},"geometry":{"type":"Polygon","coordinates":[[[79.864036,6.862338],[79.864488,6.862339],[79.864489,6.861887],[79.864037,6.861886],[79.864036,6.862338]]]}},{"type":"Feature","properties":{"id":527.0,"fsi":0.3361,"gsi":0.3361,"osr":0.6639,"entropy":0.3027,"umi":0.3991,"landuse":"Institutional","cent":0.3233},"geometry":{"type":"Polygon","coordinates":[[[79.864037,6.861886],[79.864489,6.861887],[79.86449,6.861435],[79.864038,6.861433],[79.864037,6.861886]]]}},{"type":"Feature","properties":{"id":528.0,"fsi":0.0304,"gsi":0.0304,"osr":0.9696,"entropy":0.3528,"umi":0.3745,"landuse":"Institutional","cent":0.3306},"geometry":{"type":"Polygon","coordinates":[[[79.864038,6.861433],[79.86449,6.861435],[79.864491,6.860982],[79.864039,6.860981],[79.864038,6.861433]]]}},{"type":"Feature","properties":{"id":529.0,"fsi":0.1588,"gsi":0.1588,"osr":0.8412,"entropy":0.6693,"umi":0.4777,"landuse":"Transport","cent":0.3125},"geometry":{"type":"Polygon","coordinates":[[[79.864039,6.860981],[79.864491,6.860982],[79.864493,6.86053],[79.86404,6.860529],[79.864039,6.860981]]]}},{"type":"Feature","properties":{"id":530.0,"fsi":0.244,"gsi":0.244,"osr":0.756,"entropy":0.4112,"umi":0.4131,"landuse":"Commercial","cent":0.301},"geometry":{"type":"Polygon","coordinates":[[[79.86404,6.860529],[79.864493,6.86053],[79.864494,6.860078],[79.864041,6.860077],[79.86404,6.860529]]]}},{"type":"Feature","properties":{"id":531.0,"fsi":0.3031,"gsi":0.3031,"osr":0.6969,"entropy":0.3424,"umi":0.4037,"landuse":"Commercial","cent":0.3122},"geometry":{"type":"Polygon","coordinates":[[[79.864041,6.860077],[79.864494,6.860078],[79.864495,6.859626],[79.864042,6.859625],[79.864041,6.860077]]]}},{"type":"Feature","properties":{"id":532.0,"fsi":0.3844,"gsi":0.3844,"osr":0.6156,"entropy":0.3874,"umi":0.4224,"landuse":"Commercial","cent":0.2897},"geometry":{"type":"Polygon","coordinates":[[[79.864042,6.859625],[79.864495,6.859626],[79.864496,6.859173],[79.864043,6.859172],[79.864042,6.859625]]]}},{"type":"Feature","properties":{"id":533.0,"fsi":0.374,"gsi":0.374,"osr":0.626,"entropy":0.2763,"umi":0.3779,"landuse":"Residential","cent":0.2353},"geometry":{"type":"Polygon","coordinates":[[[79.864043,6.859172],[79.864496,6.859173],[79.864497,6.858721],[79.864044,6.85872],[79.864043,6.859172]]]}},{"type":"Feature","properties":{"id":534.0,"fsi":0.4714,"gsi":0.4714,"osr":0.5286,"entropy":0.3424,"umi":0.395,"landuse":"Commercial","cent":0.1667},"geometry":{"type":"Polygon","coordinates":[[[79.864044,6.85872],[79.864497,6.858721],[79.864498,6.858269],[79.864045,6.858268],[79.864044,6.85872]]]}},{"type":"Feature","properties":{"id":535.0,"fsi":0.5028,"gsi":0.5028,"osr":0.4972,"entropy":0.374,"umi":0.4084,"landuse":"Residential","cent":0.1676},"geometry":{"type":"Polygon","coordinates":[[[79.864045,6.858268],[79.864498,6.858269],[79.864499,6.857817],[79.864046,6.857816],[79.864045,6.858268]]]}},{"type":"Feature","properties":{"id":536.0,"fsi":0.4794,"gsi":0.4794,"osr":0.5206,"entropy":0.3186,"umi":0.3803,"landuse":"Residential","cent":0.1239},"geometry":{"type":"Polygon","coordinates":[[[79.864046,6.857816],[79.864499,6.857817],[79.8645,6.857365],[79.864048,6.857364],[79.864046,6.857816]]]}},{"type":"Feature","properties":{"id":537.0,"fsi":0.3948,"gsi":0.3948,"osr":0.6052,"entropy":0.3164,"umi":0.3704,"landuse":"Institutional","cent":0.1332},"geometry":{"type":"Polygon","coordinates":[[[79.864048,6.857364],[79.8645,6.857365],[79.864501,6.856912],[79.864049,6.856911],[79.864048,6.857364]]]}},{"type":"Feature","properties":{"id":538.0,"fsi":0.4885,"gsi":0.4885,"osr":0.5115,"entropy":0.2679,"umi":0.3729,"landuse":"Residential","cent":0.1515},"geometry":{"type":"Polygon","coordinates":[[[79.864049,6.856911],[79.864501,6.856912],[79.864502,6.85646],[79.86405,6.856459],[79.864049,6.856911]]]}},{"type":"Feature","properties":{"id":539.0,"fsi":0.3941,"gsi":0.3941,"osr":0.6059,"entropy":0.1233,"umi":0.3192,"landuse":"Residential","cent":0.1515},"geometry":{"type":"Polygon","coordinates":[[[79.86405,6.856459],[79.864502,6.85646],[79.864503,6.856008],[79.864051,6.856007],[79.86405,6.856459]]]}},{"type":"Feature","properties":{"id":540.0,"fsi":0.5023,"gsi":0.5023,"osr":0.4977,"entropy":0.0,"umi":0.2984,"landuse":"Residential","cent":0.1515},"geometry":{"type":"Polygon","coordinates":[[[79.864051,6.856007],[79.864503,6.856008],[79.864504,6.855556],[79.864052,6.855555],[79.864051,6.856007]]]}},{"type":"Feature","properties":{"id":541.0,"fsi":0.4976,"gsi":0.4976,"osr":0.5024,"entropy":0.1254,"umi":0.3189,"landuse":"Residential","cent":0.0828},"geometry":{"type":"Polygon","coordinates":[[[79.864052,6.855555],[79.864504,6.855556],[79.864505,6.855104],[79.864053,6.855103],[79.864052,6.855555]]]}},{"type":"Feature","properties":{"id":542.0,"fsi":0.5507,"gsi":0.5507,"osr":0.4493,"entropy":0.1049,"umi":0.3325,"landuse":"Residential","cent":0.1413},"geometry":{"type":"Polygon","coordinates":[[[79.864053,6.855103],[79.864505,6.855104],[79.864506,6.854651],[79.864054,6.85465],[79.864053,6.855103]]]}},{"type":"Feature","properties":{"id":543.0,"fsi":0.5541,"gsi":0.5541,"osr":0.4459,"entropy":0.1079,"umi":0.3234,"landuse":"Residential","cent":0.0923},"geometry":{"type":"Polygon","coordinates":[[[79.864054,6.85465],[79.864506,6.854651],[79.864508,6.854199],[79.864055,6.854198],[79.864054,6.85465]]]}},{"type":"Feature","properties":{"id":544.0,"fsi":0.5108,"gsi":0.5108,"osr":0.4892,"entropy":0.1302,"umi":0.3595,"landuse":"Residential","cent":0.2594},"geometry":{"type":"Polygon","coordinates":[[[79.864055,6.854198],[79.864508,6.854199],[79.864509,6.853747],[79.864056,6.853746],[79.864055,6.854198]]]}},{"type":"Feature","properties":{"id":545.0,"fsi":0.5834,"gsi":0.5834,"osr":0.4166,"entropy":0.0,"umi":0.332,"landuse":"Residential","cent":0.2594},"geometry":{"type":"Polygon","coordinates":[[[79.864056,6.853746],[79.864509,6.853747],[79.86451,6.853295],[79.864057,6.853294],[79.864056,6.853746]]]}},{"type":"Feature","properties":{"id":546.0,"fsi":0.455,"gsi":0.455,"osr":0.545,"entropy":0.1542,"umi":0.353,"landuse":"Residential","cent":0.2313},"geometry":{"type":"Polygon","coordinates":[[[79.864057,6.853294],[79.86451,6.853295],[79.864511,6.852843],[79.864058,6.852841],[79.864057,6.853294]]]}},{"type":"Feature","properties":{"id":547.0,"fsi":0.3781,"gsi":0.3781,"osr":0.6219,"entropy":0.1678,"umi":0.3384,"landuse":"Residential","cent":0.1921},"geometry":{"type":"Polygon","coordinates":[[[79.864058,6.852841],[79.864511,6.852843],[79.864512,6.85239],[79.864059,6.852389],[79.864058,6.852841]]]}},{"type":"Feature","properties":{"id":548.0,"fsi":0.5447,"gsi":0.5447,"osr":0.4553,"entropy":0.0225,"umi":0.3096,"landuse":"Residential","cent":0.1478},"geometry":{"type":"Polygon","coordinates":[[[79.864059,6.852389],[79.864512,6.85239],[79.864513,6.851938],[79.86406,6.851937],[79.864059,6.852389]]]}},{"type":"Feature","properties":{"id":549.0,"fsi":0.4608,"gsi":0.4608,"osr":0.5392,"entropy":0.4495,"umi":0.4275,"landuse":"Residential","cent":0.1826},"geometry":{"type":"Polygon","coordinates":[[[79.86406,6.851937],[79.864513,6.851938],[79.864514,6.851486],[79.864061,6.851485],[79.86406,6.851937]]]}},{"type":"Feature","properties":{"id":550.0,"fsi":0.3019,"gsi":0.3019,"osr":0.6981,"entropy":0.5455,"umi":0.501,"landuse":"Institutional","cent":0.4994},"geometry":{"type":"Polygon","coordinates":[[[79.864061,6.851485],[79.864514,6.851486],[79.864515,6.851034],[79.864063,6.851033],[79.864061,6.851485]]]}},{"type":"Feature","properties":{"id":551.0,"fsi":0.4416,"gsi":0.4416,"osr":0.5584,"entropy":0.3882,"umi":0.4659,"landuse":"Commercial","cent":0.4579},"geometry":{"type":"Polygon","coordinates":[[[79.864063,6.851033],[79.864515,6.851034],[79.864516,6.850581],[79.864064,6.85058],[79.864063,6.851033]]]}},{"type":"Feature","properties":{"id":552.0,"fsi":0.653,"gsi":0.5299,"osr":0.4701,"entropy":0.3682,"umi":0.4335,"landuse":"Institutional","cent":0.2005},"geometry":{"type":"Polygon","coordinates":[[[79.864064,6.85058],[79.864516,6.850581],[79.864517,6.850129],[79.864065,6.850128],[79.864064,6.85058]]]}},{"type":"Feature","properties":{"id":553.0,"fsi":0.3648,"gsi":0.3648,"osr":0.6352,"entropy":0.3348,"umi":0.3658,"landuse":"Residential","cent":0.1055},"geometry":{"type":"Polygon","coordinates":[[[79.864065,6.850128],[79.864517,6.850129],[79.864518,6.849677],[79.864066,6.849676],[79.864065,6.850128]]]}},{"type":"Feature","properties":{"id":554.0,"fsi":0.3964,"gsi":0.3964,"osr":0.6036,"entropy":0.1356,"umi":0.3211,"landuse":"Residential","cent":0.1423},"geometry":{"type":"Polygon","coordinates":[[[79.864066,6.849676],[79.864518,6.849677],[79.864519,6.849225],[79.864067,6.849224],[79.864066,6.849676]]]}},{"type":"Feature","properties":{"id":555.0,"fsi":0.3106,"gsi":0.3106,"osr":0.6894,"entropy":0.3547,"umi":0.3519,"landuse":"Residential","cent":0.0469},"geometry":{"type":"Polygon","coordinates":[[[79.864067,6.849224],[79.864519,6.849225],[79.86452,6.848773],[79.864068,6.848772],[79.864067,6.849224]]]}},{"type":"Feature","properties":{"id":556.0,"fsi":0.3931,"gsi":0.3931,"osr":0.6069,"entropy":0.3206,"umi":0.3544,"landuse":"Residential","cent":0.0528},"geometry":{"type":"Polygon","coordinates":[[[79.864068,6.848772],[79.86452,6.848773],[79.864521,6.84832],[79.864069,6.848319],[79.864068,6.848772]]]}},{"type":"Feature","properties":{"id":557.0,"fsi":0.3985,"gsi":0.3985,"osr":0.6015,"entropy":0.2582,"umi":0.3486,"landuse":"Residential","cent":0.1063},"geometry":{"type":"Polygon","coordinates":[[[79.864069,6.848319],[79.864521,6.84832],[79.864522,6.847868],[79.86407,6.847867],[79.864069,6.848319]]]}},{"type":"Feature","properties":{"id":558.0,"fsi":0.4875,"gsi":0.4875,"osr":0.5125,"entropy":0.0,"umi":0.2774,"landuse":"Residential","cent":0.0615},"geometry":{"type":"Polygon","coordinates":[[[79.86407,6.847867],[79.864522,6.847868],[79.864524,6.847416],[79.864071,6.847415],[79.86407,6.847867]]]}},{"type":"Feature","properties":{"id":559.0,"fsi":0.4729,"gsi":0.4729,"osr":0.5271,"entropy":0.0,"umi":0.2755,"landuse":"Residential","cent":0.0615},"geometry":{"type":"Polygon","coordinates":[[[79.864071,6.847415],[79.864524,6.847416],[79.864525,6.846964],[79.864072,6.846963],[79.864071,6.847415]]]}},{"type":"Feature","properties":{"id":560.0,"fsi":0.2803,"gsi":0.2803,"osr":0.7197,"entropy":0.1557,"umi":0.327,"landuse":"Residential","cent":0.2156},"geometry":{"type":"Polygon","coordinates":[[[79.864072,6.846963],[79.864525,6.846964],[79.864526,6.846512],[79.864073,6.84651],[79.864072,6.846963]]]}},{"type":"Feature","properties":{"id":561.0,"fsi":0.5382,"gsi":0.5382,"osr":0.4618,"entropy":0.0002,"umi":0.2903,"landuse":"Residential","cent":0.0908},"geometry":{"type":"Polygon","coordinates":[[[79.864073,6.84651],[79.864526,6.846512],[79.864527,6.846059],[79.864074,6.846058],[79.864073,6.84651]]]}},{"type":"Feature","properties":{"id":562.0,"fsi":0.3812,"gsi":0.3812,"osr":0.6188,"entropy":0.1537,"umi":0.3199,"landuse":"Residential","cent":0.1218},"geometry":{"type":"Polygon","coordinates":[[[79.864074,6.846058],[79.864527,6.846059],[79.864528,6.845607],[79.864075,6.845606],[79.864074,6.846058]]]}},{"type":"Feature","properties":{"id":563.0,"fsi":0.4852,"gsi":0.4852,"osr":0.5148,"entropy":0.2345,"umi":0.3534,"landuse":"Residential","cent":0.1066},"geometry":{"type":"Polygon","coordinates":[[[79.864075,6.845606],[79.864528,6.845607],[79.864529,6.845155],[79.864076,6.845154],[79.864075,6.845606]]]}},{"type":"Feature","properties":{"id":564.0,"fsi":0.5596,"gsi":0.5596,"osr":0.4404,"entropy":0.2773,"umi":0.3701,"landuse":"Residential","cent":0.0817},"geometry":{"type":"Polygon","coordinates":[[[79.864076,6.845154],[79.864529,6.845155],[79.86453,6.844703],[79.864078,6.844702],[79.864076,6.845154]]]}},{"type":"Feature","properties":{"id":565.0,"fsi":0.5838,"gsi":0.5838,"osr":0.4162,"entropy":0.1869,"umi":0.3812,"landuse":"Residential","cent":0.2402},"geometry":{"type":"Polygon","coordinates":[[[79.864078,6.844702],[79.86453,6.844703],[79.864531,6.844251],[79.864079,6.844249],[79.864078,6.844702]]]}},{"type":"Feature","properties":{"id":566.0,"fsi":0.3844,"gsi":0.3844,"osr":0.6156,"entropy":0.124,"umi":0.3104,"landuse":"Residential","cent":0.1149},"geometry":{"type":"Polygon","coordinates":[[[79.864079,6.844249],[79.864531,6.844251],[79.864532,6.843798],[79.86408,6.843797],[79.864079,6.844249]]]}},{"type":"Feature","properties":{"id":567.0,"fsi":0.4327,"gsi":0.4327,"osr":0.5673,"entropy":0.2755,"umi":0.348,"landuse":"Residential","cent":0.0587},"geometry":{"type":"Polygon","coordinates":[[[79.86408,6.843797],[79.864532,6.843798],[79.864533,6.843346],[79.864081,6.843345],[79.86408,6.843797]]]}},{"type":"Feature","properties":{"id":568.0,"fsi":0.434,"gsi":0.434,"osr":0.566,"entropy":0.4092,"umi":0.3919,"landuse":"Residential","cent":0.0854},"geometry":{"type":"Polygon","coordinates":[[[79.864081,6.843345],[79.864533,6.843346],[79.864534,6.842894],[79.864082,6.842893],[79.864081,6.843345]]]}},{"type":"Feature","properties":{"id":569.0,"fsi":0.2967,"gsi":0.2967,"osr":0.7033,"entropy":0.2755,"umi":0.3442,"landuse":"Residential","cent":0.1256},"geometry":{"type":"Polygon","coordinates":[[[79.864082,6.842893],[79.864534,6.842894],[79.864535,6.842442],[79.864083,6.842441],[79.864082,6.842893]]]}},{"type":"Feature","properties":{"id":570.0,"fsi":0.3835,"gsi":0.3835,"osr":0.6165,"entropy":0.158,"umi":0.3222,"landuse":"Residential","cent":0.1252},"geometry":{"type":"Polygon","coordinates":[[[79.864083,6.842441],[79.864535,6.842442],[79.864536,6.841989],[79.864084,6.841988],[79.864083,6.842441]]]}},{"type":"Feature","properties":{"id":571.0,"fsi":0.3676,"gsi":0.3676,"osr":0.6324,"entropy":0.1582,"umi":0.3233,"landuse":"Residential","cent":0.1405},"geometry":{"type":"Polygon","coordinates":[[[79.864085,6.841561],[79.864084,6.841988],[79.864536,6.841989],[79.864537,6.841628],[79.864085,6.841561]]]}},{"type":"Feature","properties":{"id":573.0,"fsi":0.0,"gsi":0.0,"osr":1.0,"entropy":0.104,"umi":0.2635,"landuse":"Water","cent":0.1598},"geometry":{"type":"Polygon","coordinates":[[[79.864679,6.864206],[79.864862,6.864453],[79.864936,6.864532],[79.864936,6.864149],[79.86463,6.864148],[79.864679,6.864206]]]}},{"type":"Feature","properties":{"id":574.0,"fsi":0.3305,"gsi":0.3305,"osr":0.6695,"entropy":0.5372,"umi":0.4311,"landuse":"Commercial","cent":0.1631},"geometry":{"type":"Polygon","coordinates":[[[79.864546,6.86405],[79.86463,6.864148],[79.864936,6.864149],[79.864937,6.863697],[79.864485,6.863696],[79.864484,6.863992],[79.864546,6.86405]]]}},{"type":"Feature","properties":{"id":575.0,"fsi":0.3091,"gsi":0.3091,"osr":0.6909,"entropy":0.2607,"umi":0.3533,"landuse":"Residential","cent":0.1806},"geometry":{"type":"Polygon","coordinates":[[[79.864485,6.863696],[79.864937,6.863697],[79.864939,6.863244],[79.864486,6.863243],[79.864485,6.863696]]]}},{"type":"Feature","properties":{"id":576.0,"fsi":0.3495,"gsi":0.3495,"osr":0.6505,"entropy":0.3619,"umi":0.3881,"landuse":"Residential","cent":0.1837},"geometry":{"type":"Polygon","coordinates":[[[79.864486,6.863243],[79.864939,6.863244],[79.86494,6.862792],[79.864487,6.862791],[79.864486,6.863243]]]}},{"type":"Feature","properties":{"id":577.0,"fsi":0.2269,"gsi":0.2269,"osr":0.7731,"entropy":0.5632,"umi":0.466,"landuse":"Residential","cent":0.3571},"geometry":{"type":"Polygon","coordinates":[[[79.864487,6.862791],[79.86494,6.862792],[79.864941,6.86234],[79.864488,6.862339],[79.864487,6.862791]]]}},{"type":"Feature","properties":{"id":578.0,"fsi":0.4642,"gsi":0.4642,"osr":0.5358,"entropy":0.1661,"umi":0.3224,"landuse":"Institutional","cent":0.0654},"geometry":{"type":"Polygon","coordinates":[[[79.864488,6.862339],[79.864941,6.86234],[79.864942,6.861888],[79.864489,6.861887],[79.864488,6.862339]]]}},{"type":"Feature","properties":{"id":579.0,"fsi":0.3483,"gsi":0.3483,"osr":0.6517,"entropy":0.0,"umi":0.2908,"landuse":"Institutional","cent":0.2116},"geometry":{"type":"Polygon","coordinates":[[[79.864489,6.861887],[79.864942,6.861888],[79.864943,6.861436],[79.86449,6.861435],[79.864489,6.861887]]]}},{"type":"Feature","properties":{"id":580.0,"fsi":0.1479,"gsi":0.1479,"osr":0.8521,"entropy":0.4123,"umi":0.3855,"landuse":"Institutional","cent":0.2291},"geometry":{"type":"Polygon","coordinates":[[[79.86449,6.861435],[79.864943,6.861436],[79.864944,6.860983],[79.864491,6.860982],[79.86449,6.861435]]]}},{"type":"Feature","properties":{"id":581.0,"fsi":0.4383,"gsi":0.4383,"osr":0.5617,"entropy":0.375,"umi":0.395,"landuse":"Residential","cent":0.1432},"geometry":{"type":"Polygon","coordinates":[[[79.864491,6.860982],[79.864944,6.860983],[79.864945,6.860531],[79.864493,6.86053],[79.864491,6.860982]]]}},{"type":"Feature","properties":{"id":582.0,"fsi":0.5089,"gsi":0.5089,"osr":0.4911,"entropy":0.3023,"umi":0.3843,"landuse":"Residential","cent":0.1466},"geometry":{"type":"Polygon","coordinates":[[[79.864493,6.86053],[79.864945,6.860531],[79.864946,6.860079],[79.864494,6.860078],[79.864493,6.86053]]]}},{"type":"Feature","properties":{"id":583.0,"fsi":0.0892,"gsi":0.0892,"osr":0.9108,"entropy":0.3607,"umi":0.366,"landuse":"Cultural","cent":0.2429},"geometry":{"type":"Polygon","coordinates":[[[79.864494,6.860078],[79.864946,6.860079],[79.864947,6.859627],[79.864495,6.859626],[79.864494,6.860078]]]}},{"type":"Feature","properties":{"id":584.0,"fsi":0.2204,"gsi":0.2204,"osr":0.7796,"entropy":0.4502,"umi":0.4263,"landuse":"Cultural","cent":0.3259},"geometry":{"type":"Polygon","coordinates":[[[79.864495,6.859626],[79.864947,6.859627],[79.864948,6.859175],[79.864496,6.859173],[79.864495,6.859626]]]}},{"type":"Feature","properties":{"id":585.0,"fsi":0.3105,"gsi":0.3105,"osr":0.6895,"entropy":0.3686,"umi":0.3993,"landuse":"Commercial","cent":0.2518},"geometry":{"type":"Polygon","coordinates":[[[79.864496,6.859173],[79.864948,6.859175],[79.864949,6.858722],[79.864497,6.858721],[79.864496,6.859173]]]}},{"type":"Feature","properties":{"id":586.0,"fsi":0.2693,"gsi":0.2693,"osr":0.7307,"entropy":0.2555,"umi":0.3627,"landuse":"Commercial","cent":0.2565},"geometry":{"type":"Polygon","coordinates":[[[79.864497,6.858721],[79.864949,6.858722],[79.86495,6.85827],[79.864498,6.858269],[79.864497,6.858721]]]}},{"type":"Feature","properties":{"id":587.0,"fsi":0.2533,"gsi":0.2533,"osr":0.7467,"entropy":0.2736,"umi":0.3653,"landuse":"Commercial","cent":0.2544},"geometry":{"type":"Polygon","coordinates":[[[79.864498,6.858269],[79.86495,6.85827],[79.864951,6.857818],[79.864499,6.857817],[79.864498,6.858269]]]}},{"type":"Feature","properties":{"id":588.0,"fsi":0.3337,"gsi":0.3337,"osr":0.6663,"entropy":0.3021,"umi":0.3783,"landuse":"Commercial","cent":0.2274},"geometry":{"type":"Polygon","coordinates":[[[79.864499,6.857817],[79.864951,6.857818],[79.864952,6.857366],[79.8645,6.857365],[79.864499,6.857817]]]}},{"type":"Feature","properties":{"id":589.0,"fsi":0.0815,"gsi":0.0815,"osr":0.9185,"entropy":0.3779,"umi":0.3674,"landuse":"Institutional","cent":0.2316},"geometry":{"type":"Polygon","coordinates":[[[79.8645,6.857365],[79.864952,6.857366],[79.864954,6.856913],[79.864501,6.856912],[79.8645,6.857365]]]}},{"type":"Feature","properties":{"id":590.0,"fsi":0.4967,"gsi":0.4967,"osr":0.5033,"entropy":0.1948,"umi":0.3531,"landuse":"Residential","cent":0.1515},"geometry":{"type":"Polygon","coordinates":[[[79.864501,6.856912],[79.864954,6.856913],[79.864955,6.856461],[79.864502,6.85646],[79.864501,6.856912]]]}},{"type":"Feature","properties":{"id":591.0,"fsi":0.4469,"gsi":0.4469,"osr":0.5531,"entropy":0.4948,"umi":0.432,"landuse":"Under Construction","cent":0.1515},"geometry":{"type":"Polygon","coordinates":[[[79.864502,6.85646],[79.864955,6.856461],[79.864956,6.856009],[79.864503,6.856008],[79.864502,6.85646]]]}},{"type":"Feature","properties":{"id":592.0,"fsi":0.3793,"gsi":0.3793,"osr":0.6207,"entropy":0.2565,"umi":0.3649,"landuse":"Residential","cent":0.1973},"geometry":{"type":"Polygon","coordinates":[[[79.864503,6.856008],[79.864956,6.856009],[79.864957,6.855557],[79.864504,6.855556],[79.864503,6.856008]]]}},{"type":"Feature","properties":{"id":593.0,"fsi":0.4979,"gsi":0.4979,"osr":0.5021,"entropy":0.0238,"umi":0.302,"landuse":"Residential","cent":0.1392},"geometry":{"type":"Polygon","coordinates":[[[79.864504,6.855556],[79.864957,6.855557],[79.864958,6.855105],[79.864505,6.855104],[79.864504,6.855556]]]}},{"type":"Feature","properties":{"id":594.0,"fsi":0.5535,"gsi":0.5535,"osr":0.4465,"entropy":0.1343,"umi":0.3613,"landuse":"Residential","cent":0.2357},"geometry":{"type":"Polygon","coordinates":[[[79.864505,6.855104],[79.864958,6.855105],[79.864959,6.854652],[79.864506,6.854651],[79.864505,6.855104]]]}},{"type":"Feature","properties":{"id":595.0,"fsi":0.565,"gsi":0.565,"osr":0.435,"entropy":0.1228,"umi":0.3413,"landuse":"Residential","cent":0.1499},"geometry":{"type":"Polygon","coordinates":[[[79.864506,6.854651],[79.864959,6.854652],[79.86496,6.8542],[79.864508,6.854199],[79.864506,6.854651]]]}},{"type":"Feature","properties":{"id":596.0,"fsi":0.5499,"gsi":0.5499,"osr":0.4501,"entropy":0.1207,"umi":0.3619,"landuse":"Residential","cent":0.2594},"geometry":{"type":"Polygon","coordinates":[[[79.864508,6.854199],[79.86496,6.8542],[79.864961,6.853748],[79.864509,6.853747],[79.864508,6.854199]]]}},{"type":"Feature","properties":{"id":597.0,"fsi":0.5799,"gsi":0.5799,"osr":0.4201,"entropy":0.0,"umi":0.3307,"landuse":"Residential","cent":0.2556},"geometry":{"type":"Polygon","coordinates":[[[79.864509,6.853747],[79.864961,6.853748],[79.864962,6.853296],[79.86451,6.853295],[79.864509,6.853747]]]}},{"type":"Feature","properties":{"id":598.0,"fsi":0.4253,"gsi":0.4253,"osr":0.5747,"entropy":0.1476,"umi":0.3497,"landuse":"Residential","cent":0.2434},"geometry":{"type":"Polygon","coordinates":[[[79.86451,6.853295],[79.864962,6.853296],[79.864963,6.852844],[79.864511,6.852843],[79.86451,6.853295]]]}},{"type":"Feature","properties":{"id":599.0,"fsi":0.4852,"gsi":0.4852,"osr":0.5148,"entropy":0.1634,"umi":0.3658,"landuse":"Residential","cent":0.2604},"geometry":{"type":"Polygon","coordinates":[[[79.864511,6.852843],[79.864963,6.852844],[79.864964,6.852391],[79.864512,6.85239],[79.864511,6.852843]]]}},{"type":"Feature","properties":{"id":600.0,"fsi":0.4088,"gsi":0.4088,"osr":0.5912,"entropy":0.0355,"umi":0.2954,"landuse":"Residential","cent":0.1478},"geometry":{"type":"Polygon","coordinates":[[[79.864512,6.85239],[79.864964,6.852391],[79.864965,6.851939],[79.864513,6.851938],[79.864512,6.85239]]]}},{"type":"Feature","properties":{"id":601.0,"fsi":0.4628,"gsi":0.4628,"osr":0.5372,"entropy":0.3435,"umi":0.3902,"landuse":"Residential","cent":0.1478},"geometry":{"type":"Polygon","coordinates":[[[79.864513,6.851938],[79.864965,6.851939],[79.864966,6.851487],[79.864514,6.851486],[79.864513,6.851938]]]}},{"type":"Feature","properties":{"id":602.0,"fsi":0.3826,"gsi":0.3826,"osr":0.6174,"entropy":0.4722,"umi":0.5245,"landuse":"Transport","cent":0.6585},"geometry":{"type":"Polygon","coordinates":[[[79.864514,6.851486],[79.864966,6.851487],[79.864967,6.851035],[79.864515,6.851034],[79.864514,6.851486]]]}},{"type":"Feature","properties":{"id":603.0,"fsi":0.7262,"gsi":0.7262,"osr":0.2738,"entropy":0.4241,"umi":0.4638,"landuse":"Under Construction","cent":0.2226},"geometry":{"type":"Polygon","coordinates":[[[79.864515,6.851034],[79.864967,6.851035],[79.864969,6.850583],[79.864516,6.850581],[79.864515,6.851034]]]}},{"type":"Feature","properties":{"id":604.0,"fsi":0.5012,"gsi":0.4936,"osr":0.5064,"entropy":0.0733,"umi":0.3293,"landuse":"Residential","cent":0.1992},"geometry":{"type":"Polygon","coordinates":[[[79.864516,6.850581],[79.864969,6.850583],[79.86497,6.85013],[79.864517,6.850129],[79.864516,6.850581]]]}},{"type":"Feature","properties":{"id":605.0,"fsi":0.4057,"gsi":0.4057,"osr":0.5943,"entropy":0.1161,"umi":0.3134,"landuse":"Residential","cent":0.1266},"geometry":{"type":"Polygon","coordinates":[[[79.864517,6.850129],[79.86497,6.85013],[79.864971,6.849678],[79.864518,6.849677],[79.864517,6.850129]]]}},{"type":"Feature","properties":{"id":606.0,"fsi":0.4141,"gsi":0.4141,"osr":0.5859,"entropy":0.1236,"umi":0.3344,"landuse":"Residential","cent":0.2104},"geometry":{"type":"Polygon","coordinates":[[[79.864518,6.849677],[79.864971,6.849678],[79.864972,6.849226],[79.864519,6.849225],[79.864518,6.849677]]]}},{"type":"Feature","properties":{"id":607.0,"fsi":0.5078,"gsi":0.5078,"osr":0.4922,"entropy":0.0,"umi":0.2903,"landuse":"Residential","cent":0.1095},"geometry":{"type":"Polygon","coordinates":[[[79.864519,6.849225],[79.864972,6.849226],[79.864973,6.848774],[79.86452,6.848773],[79.864519,6.849225]]]}},{"type":"Feature","properties":{"id":608.0,"fsi":0.3752,"gsi":0.3752,"osr":0.6248,"entropy":0.0867,"umi":0.305,"landuse":"Residential","cent":0.1454},"geometry":{"type":"Polygon","coordinates":[[[79.86452,6.848773],[79.864973,6.848774],[79.864974,6.848321],[79.864521,6.84832],[79.86452,6.848773]]]}},{"type":"Feature","properties":{"id":609.0,"fsi":0.4349,"gsi":0.4349,"osr":0.5651,"entropy":0.2816,"umi":0.3821,"landuse":"Residential","cent":0.2103},"geometry":{"type":"Polygon","coordinates":[[[79.864521,6.84832],[79.864974,6.848321],[79.864975,6.847869],[79.864522,6.847868],[79.864521,6.84832]]]}},{"type":"Feature","properties":{"id":610.0,"fsi":0.3932,"gsi":0.3932,"osr":0.6068,"entropy":0.279,"umi":0.352,"landuse":"Residential","cent":0.0975},"geometry":{"type":"Polygon","coordinates":[[[79.864522,6.847868],[79.864975,6.847869],[79.864976,6.847417],[79.864524,6.847416],[79.864522,6.847868]]]}},{"type":"Feature","properties":{"id":611.0,"fsi":0.5289,"gsi":0.5289,"osr":0.4711,"entropy":0.0028,"umi":0.2922,"landuse":"Residential","cent":0.102},"geometry":{"type":"Polygon","coordinates":[[[79.864524,6.847416],[79.864976,6.847417],[79.864977,6.846965],[79.864525,6.846964],[79.864524,6.847416]]]}},{"type":"Feature","properties":{"id":612.0,"fsi":0.2426,"gsi":0.2426,"osr":0.7574,"entropy":0.3882,"umi":0.384,"landuse":"Residential","cent":0.1956},"geometry":{"type":"Polygon","coordinates":[[[79.864525,6.846964],[79.864977,6.846965],[79.864978,6.846513],[79.864526,6.846512],[79.864525,6.846964]]]}},{"type":"Feature","properties":{"id":613.0,"fsi":0.4868,"gsi":0.4868,"osr":0.5132,"entropy":0.1019,"umi":0.3097,"landuse":"Residential","cent":0.0776},"geometry":{"type":"Polygon","coordinates":[[[79.864526,6.846512],[79.864978,6.846513],[79.864979,6.84606],[79.864527,6.846059],[79.864526,6.846512]]]}},{"type":"Feature","properties":{"id":614.0,"fsi":0.3515,"gsi":0.3515,"osr":0.6485,"entropy":0.3961,"umi":0.3886,"landuse":"Residential","cent":0.1388},"geometry":{"type":"Polygon","coordinates":[[[79.864527,6.846059],[79.864979,6.84606],[79.86498,6.845608],[79.864528,6.845607],[79.864527,6.846059]]]}},{"type":"Feature","properties":{"id":615.0,"fsi":0.3405,"gsi":0.3405,"osr":0.6595,"entropy":0.4331,"umi":0.3913,"landuse":"Residential","cent":0.1088},"geometry":{"type":"Polygon","coordinates":[[[79.864528,6.845607],[79.86498,6.845608],[79.864981,6.845156],[79.864529,6.845155],[79.864528,6.845607]]]}},{"type":"Feature","properties":{"id":616.0,"fsi":0.5409,"gsi":0.5409,"osr":0.4591,"entropy":0.1008,"umi":0.3185,"landuse":"Residential","cent":0.0866},"geometry":{"type":"Polygon","coordinates":[[[79.864529,6.845155],[79.864981,6.845156],[79.864982,6.844704],[79.86453,6.844703],[79.864529,6.845155]]]}},{"type":"Feature","properties":{"id":617.0,"fsi":0.5727,"gsi":0.5727,"osr":0.4273,"entropy":0.2978,"umi":0.4268,"landuse":"Residential","cent":0.3131},"geometry":{"type":"Polygon","coordinates":[[[79.86453,6.844703],[79.864982,6.844704],[79.864983,6.844252],[79.864531,6.844251],[79.86453,6.844703]]]}},{"type":"Feature","properties":{"id":618.0,"fsi":0.5313,"gsi":0.5313,"osr":0.4687,"entropy":0.2211,"umi":0.3398,"landuse":"Residential","cent":0.0317},"geometry":{"type":"Polygon","coordinates":[[[79.864531,6.844251],[79.864983,6.844252],[79.864985,6.843799],[79.864532,6.843798],[79.864531,6.844251]]]}},{"type":"Feature","properties":{"id":619.0,"fsi":0.479,"gsi":0.479,"osr":0.521,"entropy":0.186,"umi":0.3229,"landuse":"Residential","cent":0.0317},"geometry":{"type":"Polygon","coordinates":[[[79.864532,6.843798],[79.864985,6.843799],[79.864986,6.843347],[79.864533,6.843346],[79.864532,6.843798]]]}},{"type":"Feature","properties":{"id":620.0,"fsi":0.4436,"gsi":0.4436,"osr":0.5564,"entropy":0.2514,"umi":0.3482,"landuse":"Residential","cent":0.0854},"geometry":{"type":"Polygon","coordinates":[[[79.864533,6.843346],[79.864986,6.843347],[79.864987,6.842895],[79.864534,6.842894],[79.864533,6.843346]]]}},{"type":"Feature","properties":{"id":621.0,"fsi":0.4457,"gsi":0.4457,"osr":0.5543,"entropy":0.2937,"umi":0.3689,"landuse":"Residential","cent":0.1247},"geometry":{"type":"Polygon","coordinates":[[[79.864534,6.842894],[79.864987,6.842895],[79.864988,6.842443],[79.864535,6.842442],[79.864534,6.842894]]]}},{"type":"Feature","properties":{"id":622.0,"fsi":0.3363,"gsi":0.3363,"osr":0.6637,"entropy":0.0,"umi":0.2614,"landuse":"Residential","cent":0.0802},"geometry":{"type":"Polygon","coordinates":[[[79.864535,6.842442],[79.864988,6.842443],[79.864989,6.841991],[79.864536,6.841989],[79.864535,6.842442]]]}},{"type":"Feature","properties":{"id":623.0,"fsi":0.5617,"gsi":0.5617,"osr":0.4383,"entropy":0.0,"umi":0.287,"landuse":"Residential","cent":0.0609},"geometry":{"type":"Polygon","coordinates":[[[79.864537,6.841628],[79.864536,6.841989],[79.864989,6.841991],[79.86499,6.841696],[79.864537,6.841628]]]}},{"type":"Feature","properties":{"id":625.0,"fsi":0.112,"gsi":0.112,"osr":0.888,"entropy":0.2304,"umi":0.3123,"landuse":"Cultural","cent":0.1504},"geometry":{"type":"Polygon","coordinates":[[[79.864955,6.864553],[79.865023,6.864601],[79.865185,6.864602],[79.865388,6.864587],[79.865389,6.86415],[79.864936,6.864149],[79.864936,6.864532],[79.864955,6.864553]]]}},{"type":"Feature","properties":{"id":626.0,"fsi":0.1279,"gsi":0.1279,"osr":0.8721,"entropy":0.4849,"umi":0.3951,"landuse":"Cultural","cent":0.1897},"geometry":{"type":"Polygon","coordinates":[[[79.864936,6.864149],[79.865389,6.86415],[79.86539,6.863698],[79.864937,6.863697],[79.864936,6.864149]]]}},{"type":"Feature","properties":{"id":627.0,"fsi":0.2943,"gsi":0.2943,"osr":0.7057,"entropy":0.1638,"umi":0.32,"landuse":"Residential","cent":0.1631},"geometry":{"type":"Polygon","coordinates":[[[79.864937,6.863697],[79.86539,6.863698],[79.865391,6.863246],[79.864939,6.863244],[79.864937,6.863697]]]}},{"type":"Feature","properties":{"id":628.0,"fsi":0.3066,"gsi":0.3066,"osr":0.6934,"entropy":0.2676,"umi":0.4043,"landuse":"Commercial","cent":0.4134},"geometry":{"type":"Polygon","coordinates":[[[79.864939,6.863244],[79.865391,6.863246],[79.865392,6.862793],[79.86494,6.862792],[79.864939,6.863244]]]}},{"type":"Feature","properties":{"id":629.0,"fsi":0.2082,"gsi":0.2082,"osr":0.7918,"entropy":0.4755,"umi":0.4164,"landuse":"Residential","cent":0.2528},"geometry":{"type":"Polygon","coordinates":[[[79.86494,6.862792],[79.865392,6.862793],[79.865393,6.862341],[79.864941,6.86234],[79.86494,6.862792]]]}},{"type":"Feature","properties":{"id":630.0,"fsi":0.385,"gsi":0.385,"osr":0.615,"entropy":0.0,"umi":0.2711,"landuse":"Institutional","cent":0.0957},"geometry":{"type":"Polygon","coordinates":[[[79.864941,6.86234],[79.865393,6.862341],[79.865394,6.861889],[79.864942,6.861888],[79.864941,6.86234]]]}},{"type":"Feature","properties":{"id":631.0,"fsi":0.5204,"gsi":0.5204,"osr":0.4796,"entropy":0.0055,"umi":0.2977,"landuse":"Institutional","cent":0.1294},"geometry":{"type":"Polygon","coordinates":[[[79.864942,6.861888],[79.865394,6.861889],[79.865395,6.861437],[79.864943,6.861436],[79.864942,6.861888]]]}},{"type":"Feature","properties":{"id":632.0,"fsi":0.3653,"gsi":0.3653,"osr":0.6347,"entropy":0.3567,"umi":0.3902,"landuse":"Institutional","cent":0.1905},"geometry":{"type":"Polygon","coordinates":[[[79.864943,6.861436],[79.865395,6.861437],[79.865396,6.860984],[79.864944,6.860983],[79.864943,6.861436]]]}},{"type":"Feature","properties":{"id":633.0,"fsi":0.4382,"gsi":0.4382,"osr":0.5618,"entropy":0.0997,"umi":0.3105,"landuse":"Residential","cent":0.1145},"geometry":{"type":"Polygon","coordinates":[[[79.864944,6.860983],[79.865396,6.860984],[79.865397,6.860532],[79.864945,6.860531],[79.864944,6.860983]]]}},{"type":"Feature","properties":{"id":634.0,"fsi":0.5107,"gsi":0.5107,"osr":0.4893,"entropy":0.0751,"umi":0.3409,"landuse":"Residential","cent":0.2459},"geometry":{"type":"Polygon","coordinates":[[[79.864945,6.860531],[79.865397,6.860532],[79.865399,6.86008],[79.864946,6.860079],[79.864945,6.860531]]]}},{"type":"Feature","properties":{"id":635.0,"fsi":0.316,"gsi":0.316,"osr":0.684,"entropy":0.1514,"umi":0.3533,"landuse":"Cultural","cent":0.3231},"geometry":{"type":"Polygon","coordinates":[[[79.864946,6.860079],[79.865399,6.86008],[79.8654,6.859628],[79.864947,6.859627],[79.864946,6.860079]]]}},{"type":"Feature","properties":{"id":636.0,"fsi":0.4213,"gsi":0.4213,"osr":0.5787,"entropy":0.3254,"umi":0.383,"landuse":"Residential","cent":0.164},"geometry":{"type":"Polygon","coordinates":[[[79.864947,6.859627],[79.8654,6.859628],[79.865401,6.859176],[79.864948,6.859175],[79.864947,6.859627]]]}},{"type":"Feature","properties":{"id":637.0,"fsi":0.6236,"gsi":0.6236,"osr":0.3764,"entropy":0.2827,"umi":0.3964,"landuse":"Residential","cent":0.1582},"geometry":{"type":"Polygon","coordinates":[[[79.864948,6.859175],[79.865401,6.859176],[79.865402,6.858723],[79.864949,6.858722],[79.864948,6.859175]]]}},{"type":"Feature","properties":{"id":638.0,"fsi":0.4114,"gsi":0.4114,"osr":0.5886,"entropy":0.2768,"umi":0.3654,"landuse":"Residential","cent":0.1525},"geometry":{"type":"Polygon","coordinates":[[[79.864949,6.858722],[79.865402,6.858723],[79.865403,6.858271],[79.86495,6.85827],[79.864949,6.858722]]]}},{"type":"Feature","properties":{"id":639.0,"fsi":0.4812,"gsi":0.4812,"osr":0.5188,"entropy":0.3814,"umi":0.4112,"landuse":"Residential","cent":0.1845},"geometry":{"type":"Polygon","coordinates":[[[79.86495,6.85827],[79.865403,6.858271],[79.865404,6.857819],[79.864951,6.857818],[79.86495,6.85827]]]}},{"type":"Feature","properties":{"id":640.0,"fsi":0.4479,"gsi":0.4479,"osr":0.5521,"entropy":0.3602,"umi":0.4088,"landuse":"Commercial","cent":0.2226},"geometry":{"type":"Polygon","coordinates":[[[79.864951,6.857818],[79.865404,6.857819],[79.865405,6.857367],[79.864952,6.857366],[79.864951,6.857818]]]}},{"type":"Feature","properties":{"id":641.0,"fsi":0.3786,"gsi":0.3786,"osr":0.6214,"entropy":0.2662,"umi":0.3791,"landuse":"Commercial","cent":0.2515},"geometry":{"type":"Polygon","coordinates":[[[79.864952,6.857366],[79.865405,6.857367],[79.865406,6.856915],[79.864954,6.856913],[79.864952,6.857366]]]}},{"type":"Feature","properties":{"id":642.0,"fsi":0.3321,"gsi":0.3321,"osr":0.6679,"entropy":0.3633,"umi":0.4079,"landuse":"Commercial","cent":0.2863},"geometry":{"type":"Polygon","coordinates":[[[79.864954,6.856913],[79.865406,6.856915],[79.865407,6.856462],[79.864955,6.856461],[79.864954,6.856913]]]}},{"type":"Feature","properties":{"id":643.0,"fsi":0.3175,"gsi":0.3175,"osr":0.6825,"entropy":0.4238,"umi":0.4285,"landuse":"Commercial","cent":0.3112},"geometry":{"type":"Polygon","coordinates":[[[79.864955,6.856461],[79.865407,6.856462],[79.865408,6.85601],[79.864956,6.856009],[79.864955,6.856461]]]}},{"type":"Feature","properties":{"id":644.0,"fsi":0.1714,"gsi":0.1714,"osr":0.8286,"entropy":0.2969,"umi":0.3832,"landuse":"Commercial","cent":0.3587},"geometry":{"type":"Polygon","coordinates":[[[79.864956,6.856009],[79.865408,6.85601],[79.865409,6.855558],[79.864957,6.855557],[79.864956,6.856009]]]}},{"type":"Feature","properties":{"id":645.0,"fsi":0.3812,"gsi":0.3812,"osr":0.6188,"entropy":0.4898,"umi":0.4634,"landuse":"Commercial","cent":0.3476},"geometry":{"type":"Polygon","coordinates":[[[79.864957,6.855557],[79.865409,6.855558],[79.86541,6.855106],[79.864958,6.855105],[79.864957,6.855557]]]}},{"type":"Feature","properties":{"id":646.0,"fsi":0.5461,"gsi":0.5461,"osr":0.4539,"entropy":0.5318,"umi":0.4987,"landuse":"Residential","cent":0.355},"geometry":{"type":"Polygon","coordinates":[[[79.864958,6.855105],[79.86541,6.855106],[79.865411,6.854654],[79.864959,6.854652],[79.864958,6.855105]]]}},{"type":"Feature","properties":{"id":647.0,"fsi":0.6021,"gsi":0.6021,"osr":0.3979,"entropy":0.3509,"umi":0.4223,"landuse":"Residential","cent":0.2026},"geometry":{"type":"Polygon","coordinates":[[[79.864959,6.854652],[79.865411,6.854654],[79.865412,6.854201],[79.86496,6.8542],[79.864959,6.854652]]]}},{"type":"Feature","properties":{"id":648.0,"fsi":0.5561,"gsi":0.5515,"osr":0.4485,"entropy":0.295,"umi":0.4124,"landuse":"Residential","cent":0.2594},"geometry":{"type":"Polygon","coordinates":[[[79.86496,6.8542],[79.865412,6.854201],[79.865414,6.853749],[79.864961,6.853748],[79.86496,6.8542]]]}},{"type":"Feature","properties":{"id":649.0,"fsi":0.5398,"gsi":0.5398,"osr":0.4602,"entropy":0.1641,"umi":0.3722,"landuse":"Residential","cent":0.2556},"geometry":{"type":"Polygon","coordinates":[[[79.864961,6.853748],[79.865414,6.853749],[79.865415,6.853297],[79.864962,6.853296],[79.864961,6.853748]]]}},{"type":"Feature","properties":{"id":650.0,"fsi":0.5286,"gsi":0.5286,"osr":0.4714,"entropy":0.3969,"umi":0.4386,"landuse":"Residential","cent":0.2635},"geometry":{"type":"Polygon","coordinates":[[[79.864962,6.853296],[79.865415,6.853297],[79.865416,6.852845],[79.864963,6.852844],[79.864962,6.853296]]]}},{"type":"Feature","properties":{"id":651.0,"fsi":0.4182,"gsi":0.4182,"osr":0.5818,"entropy":0.1475,"umi":0.3556,"landuse":"Residential","cent":0.2754},"geometry":{"type":"Polygon","coordinates":[[[79.864963,6.852844],[79.865416,6.852845],[79.865417,6.852392],[79.864964,6.852391],[79.864963,6.852844]]]}},{"type":"Feature","properties":{"id":652.0,"fsi":0.2939,"gsi":0.2939,"osr":0.7061,"entropy":0.1659,"umi":0.3484,"landuse":"Residential","cent":0.2944},"geometry":{"type":"Polygon","coordinates":[[[79.864964,6.852391],[79.865417,6.852392],[79.865418,6.85194],[79.864965,6.851939],[79.864964,6.852391]]]}},{"type":"Feature","properties":{"id":653.0,"fsi":0.493,"gsi":0.493,"osr":0.507,"entropy":0.3672,"umi":0.432,"landuse":"Residential","cent":0.2944},"geometry":{"type":"Polygon","coordinates":[[[79.864965,6.851939],[79.865418,6.85194],[79.865419,6.851488],[79.864966,6.851487],[79.864965,6.851939]]]}},{"type":"Feature","properties":{"id":654.0,"fsi":0.4334,"gsi":0.4334,"osr":0.5666,"entropy":0.2927,"umi":0.4589,"landuse":"Commercial","cent":0.5582},"geometry":{"type":"Polygon","coordinates":[[[79.864966,6.851487],[79.865419,6.851488],[79.86542,6.851036],[79.864967,6.851035],[79.864966,6.851487]]]}},{"type":"Feature","properties":{"id":655.0,"fsi":0.6582,"gsi":0.6582,"osr":0.3418,"entropy":0.2577,"umi":0.4125,"landuse":"Commercial","cent":0.2463},"geometry":{"type":"Polygon","coordinates":[[[79.864967,6.851035],[79.86542,6.851036],[79.865421,6.850584],[79.864969,6.850583],[79.864967,6.851035]]]}},{"type":"Feature","properties":{"id":656.0,"fsi":0.454,"gsi":0.454,"osr":0.546,"entropy":0.1378,"umi":0.3575,"landuse":"Residential","cent":0.2751},"geometry":{"type":"Polygon","coordinates":[[[79.864969,6.850583],[79.865421,6.850584],[79.865422,6.850131],[79.86497,6.85013],[79.864969,6.850583]]]}},{"type":"Feature","properties":{"id":657.0,"fsi":0.4218,"gsi":0.4218,"osr":0.5782,"entropy":0.0,"umi":0.314,"landuse":"Residential","cent":0.2751},"geometry":{"type":"Polygon","coordinates":[[[79.86497,6.85013],[79.865422,6.850131],[79.865423,6.849679],[79.864971,6.849678],[79.86497,6.85013]]]}},{"type":"Feature","properties":{"id":658.0,"fsi":0.4792,"gsi":0.4792,"osr":0.5208,"entropy":0.1129,"umi":0.3475,"landuse":"Residential","cent":0.2457},"geometry":{"type":"Polygon","coordinates":[[[79.864971,6.849678],[79.865423,6.849679],[79.865424,6.849227],[79.864972,6.849226],[79.864971,6.849678]]]}},{"type":"Feature","properties":{"id":659.0,"fsi":0.5071,"gsi":0.5071,"osr":0.4929,"entropy":0.0,"umi":0.2975,"landuse":"Residential","cent":0.1441},"geometry":{"type":"Polygon","coordinates":[[[79.864972,6.849226],[79.865424,6.849227],[79.865425,6.848775],[79.864973,6.848774],[79.864972,6.849226]]]}},{"type":"Feature","properties":{"id":660.0,"fsi":0.3639,"gsi":0.3639,"osr":0.6361,"entropy":0.1146,"umi":0.3189,"landuse":"Residential","cent":0.1802},"geometry":{"type":"Polygon","coordinates":[[[79.864973,6.848774],[79.865425,6.848775],[79.865426,6.848323],[79.864974,6.848321],[79.864973,6.848774]]]}},{"type":"Feature","properties":{"id":661.0,"fsi":0.2748,"gsi":0.2748,"osr":0.7252,"entropy":0.1069,"umi":0.3375,"landuse":"Residential","cent":0.3338},"geometry":{"type":"Polygon","coordinates":[[[79.864974,6.848321],[79.865426,6.848323],[79.865427,6.84787],[79.864975,6.847869],[79.864974,6.848321]]]}},{"type":"Feature","properties":{"id":662.0,"fsi":0.5327,"gsi":0.5327,"osr":0.4673,"entropy":0.2917,"umi":0.3786,"landuse":"Commercial","cent":0.1191},"geometry":{"type":"Polygon","coordinates":[[[79.864975,6.847869],[79.865427,6.84787],[79.865428,6.847418],[79.864976,6.847417],[79.864975,6.847869]]]}},{"type":"Feature","properties":{"id":663.0,"fsi":0.4458,"gsi":0.4458,"osr":0.5542,"entropy":0.1488,"umi":0.3339,"landuse":"Residential","cent":0.154},"geometry":{"type":"Polygon","coordinates":[[[79.864976,6.847417],[79.865428,6.847418],[79.86543,6.846966],[79.864977,6.846965],[79.864976,6.847417]]]}},{"type":"Feature","properties":{"id":664.0,"fsi":0.2525,"gsi":0.2525,"osr":0.7475,"entropy":0.3755,"umi":0.3915,"landuse":"Institutional","cent":0.242},"geometry":{"type":"Polygon","coordinates":[[[79.864977,6.846965],[79.86543,6.846966],[79.865431,6.846514],[79.864978,6.846513],[79.864977,6.846965]]]}},{"type":"Feature","properties":{"id":665.0,"fsi":0.4169,"gsi":0.4169,"osr":0.5831,"entropy":0.0677,"umi":0.3278,"landuse":"Residential","cent":0.2526},"geometry":{"type":"Polygon","coordinates":[[[79.864978,6.846513],[79.865431,6.846514],[79.865432,6.846061],[79.864979,6.84606],[79.864978,6.846513]]]}},{"type":"Feature","properties":{"id":666.0,"fsi":0.3383,"gsi":0.3383,"osr":0.6617,"entropy":0.2822,"umi":0.3649,"landuse":"Residential","cent":0.1883},"geometry":{"type":"Polygon","coordinates":[[[79.864979,6.84606],[79.865432,6.846061],[79.865433,6.845609],[79.86498,6.845608],[79.864979,6.84606]]]}},{"type":"Feature","properties":{"id":667.0,"fsi":0.2108,"gsi":0.2108,"osr":0.7892,"entropy":0.3487,"umi":0.3587,"landuse":"Public Space","cent":0.149},"geometry":{"type":"Polygon","coordinates":[[[79.86498,6.845608],[79.865433,6.845609],[79.865434,6.845157],[79.864981,6.845156],[79.86498,6.845608]]]}},{"type":"Feature","properties":{"id":668.0,"fsi":0.1476,"gsi":0.1476,"osr":0.8524,"entropy":0.1191,"umi":0.2812,"landuse":"Public Space","cent":0.1312},"geometry":{"type":"Polygon","coordinates":[[[79.864981,6.845156],[79.865434,6.845157],[79.865435,6.844705],[79.864982,6.844704],[79.864981,6.845156]]]}},{"type":"Feature","properties":{"id":669.0,"fsi":0.1844,"gsi":0.1844,"osr":0.8156,"entropy":0.6055,"umi":0.456,"landuse":"Public Space","cent":0.2798},"geometry":{"type":"Polygon","coordinates":[[[79.864982,6.844704],[79.865435,6.844705],[79.865436,6.844253],[79.864983,6.844252],[79.864982,6.844704]]]}},{"type":"Feature","properties":{"id":670.0,"fsi":0.5318,"gsi":0.5318,"osr":0.4682,"entropy":0.3109,"umi":0.3831,"landuse":"Residential","cent":0.1151},"geometry":{"type":"Polygon","coordinates":[[[79.864983,6.844252],[79.865436,6.844253],[79.865437,6.8438],[79.864985,6.843799],[79.864983,6.844252]]]}},{"type":"Feature","properties":{"id":671.0,"fsi":0.4735,"gsi":0.4735,"osr":0.5265,"entropy":0.2,"umi":0.3262,"landuse":"Residential","cent":0.0317},"geometry":{"type":"Polygon","coordinates":[[[79.864985,6.843799],[79.865437,6.8438],[79.865438,6.843348],[79.864986,6.843347],[79.864985,6.843799]]]}},{"type":"Feature","properties":{"id":672.0,"fsi":0.4333,"gsi":0.4333,"osr":0.5667,"entropy":0.3535,"umi":0.3759,"landuse":"Residential","cent":0.0854},"geometry":{"type":"Polygon","coordinates":[[[79.864986,6.843347],[79.865438,6.843348],[79.865439,6.842896],[79.864987,6.842895],[79.864986,6.843347]]]}},{"type":"Feature","properties":{"id":673.0,"fsi":0.5677,"gsi":0.5677,"osr":0.4323,"entropy":0.3186,"umi":0.3995,"landuse":"Residential","cent":0.1594},"geometry":{"type":"Polygon","coordinates":[[[79.864987,6.842895],[79.865439,6.842896],[79.86544,6.842444],[79.864988,6.842443],[79.864987,6.842895]]]}},{"type":"Feature","properties":{"id":674.0,"fsi":0.4978,"gsi":0.4978,"osr":0.5022,"entropy":0.0,"umi":0.2995,"landuse":"Residential","cent":0.1594},"geometry":{"type":"Polygon","coordinates":[[[79.864988,6.842443],[79.86544,6.842444],[79.865441,6.841992],[79.864989,6.841991],[79.864988,6.842443]]]}},{"type":"Feature","properties":{"id":675.0,"fsi":0.3869,"gsi":0.3869,"osr":0.6131,"entropy":0.0105,"umi":0.267,"landuse":"Residential","cent":0.0609},"geometry":{"type":"Polygon","coordinates":[[[79.86499,6.841696],[79.864989,6.841991],[79.865441,6.841992],[79.865442,6.841764],[79.86499,6.841696]]]}},{"type":"Feature","properties":{"id":677.0,"fsi":0.2556,"gsi":0.2556,"osr":0.7444,"entropy":0.2043,"umi":0.3284,"landuse":"Cultural","cent":0.1722},"geometry":{"type":"Polygon","coordinates":[[[79.86561,6.86457],[79.865834,6.86457],[79.86584,6.864569],[79.865841,6.864151],[79.865389,6.86415],[79.865388,6.864587],[79.86561,6.86457]]]}},{"type":"Feature","properties":{"id":678.0,"fsi":0.0461,"gsi":0.0461,"osr":0.9539,"entropy":0.1954,"umi":0.302,"landuse":"Cultural","cent":0.1903},"geometry":{"type":"Polygon","coordinates":[[[79.865389,6.86415],[79.865841,6.864151],[79.865842,6.863699],[79.86539,6.863698],[79.865389,6.86415]]]}},{"type":"Feature","properties":{"id":679.0,"fsi":0.235,"gsi":0.235,"osr":0.765,"entropy":0.3349,"umi":0.374,"landuse":"Residential","cent":0.2248},"geometry":{"type":"Polygon","coordinates":[[[79.86539,6.863698],[79.865842,6.863699],[79.865844,6.863247],[79.865391,6.863246],[79.86539,6.863698]]]}},{"type":"Feature","properties":{"id":680.0,"fsi":0.2457,"gsi":0.2457,"osr":0.7543,"entropy":0.3865,"umi":0.4232,"landuse":"Commercial","cent":0.381},"geometry":{"type":"Polygon","coordinates":[[[79.865391,6.863246],[79.865844,6.863247],[79.865845,6.862794],[79.865392,6.862793],[79.865391,6.863246]]]}},{"type":"Feature","properties":{"id":681.0,"fsi":0.2571,"gsi":0.2571,"osr":0.7429,"entropy":0.424,"umi":0.4418,"landuse":"Residential","cent":0.4115},"geometry":{"type":"Polygon","coordinates":[[[79.865392,6.862793],[79.865845,6.862794],[79.865846,6.862342],[79.865393,6.862341],[79.865392,6.862793]]]}},{"type":"Feature","properties":{"id":682.0,"fsi":0.4944,"gsi":0.4944,"osr":0.5056,"entropy":0.3373,"umi":0.431,"landuse":"Residential","cent":0.3288},"geometry":{"type":"Polygon","coordinates":[[[79.865393,6.862341],[79.865846,6.862342],[79.865847,6.86189],[79.865394,6.861889],[79.865393,6.862341]]]}},{"type":"Feature","properties":{"id":683.0,"fsi":0.4183,"gsi":0.4183,"osr":0.5817,"entropy":0.2181,"umi":0.3662,"landuse":"Institutional","cent":0.2305},"geometry":{"type":"Polygon","coordinates":[[[79.865394,6.861889],[79.865847,6.86189],[79.865848,6.861438],[79.865395,6.861437],[79.865394,6.861889]]]}},{"type":"Feature","properties":{"id":684.0,"fsi":0.3683,"gsi":0.3683,"osr":0.6317,"entropy":0.3252,"umi":0.3901,"landuse":"Institutional","cent":0.2305},"geometry":{"type":"Polygon","coordinates":[[[79.865395,6.861437],[79.865848,6.861438],[79.865849,6.860986],[79.865396,6.860984],[79.865395,6.861437]]]}},{"type":"Feature","properties":{"id":685.0,"fsi":0.2158,"gsi":0.2158,"osr":0.7842,"entropy":0.0,"umi":0.2528,"landuse":"Residential","cent":0.1145},"geometry":{"type":"Polygon","coordinates":[[[79.865396,6.860984],[79.865849,6.860986],[79.86585,6.860533],[79.865397,6.860532],[79.865396,6.860984]]]}},{"type":"Feature","properties":{"id":686.0,"fsi":0.1165,"gsi":0.1165,"osr":0.8835,"entropy":0.2832,"umi":0.3528,"landuse":"Residential","cent":0.2681},"geometry":{"type":"Polygon","coordinates":[[[79.865397,6.860532],[79.86585,6.860533],[79.865851,6.860081],[79.865399,6.86008],[79.865397,6.860532]]]}},{"type":"Feature","properties":{"id":687.0,"fsi":0.3534,"gsi":0.3534,"osr":0.6466,"entropy":0.3967,"umi":0.4164,"landuse":"Cultural","cent":0.2681},"geometry":{"type":"Polygon","coordinates":[[[79.865399,6.86008],[79.865851,6.860081],[79.865852,6.859629],[79.8654,6.859628],[79.865399,6.86008]]]}},{"type":"Feature","properties":{"id":688.0,"fsi":0.5056,"gsi":0.5056,"osr":0.4944,"entropy":0.3747,"umi":0.4082,"landuse":"Residential","cent":0.164},"geometry":{"type":"Polygon","coordinates":[[[79.8654,6.859628],[79.865852,6.859629],[79.865853,6.859177],[79.865401,6.859176],[79.8654,6.859628]]]}},{"type":"Feature","properties":{"id":689.0,"fsi":0.6001,"gsi":0.6001,"osr":0.3999,"entropy":0.1166,"umi":0.3447,"landuse":"Residential","cent":0.1525},"geometry":{"type":"Polygon","coordinates":[[[79.865401,6.859176],[79.865853,6.859177],[79.865854,6.858724],[79.865402,6.858723],[79.865401,6.859176]]]}},{"type":"Feature","properties":{"id":690.0,"fsi":0.62,"gsi":0.62,"osr":0.38,"entropy":0.2416,"umi":0.3861,"landuse":"Residential","cent":0.1673},"geometry":{"type":"Polygon","coordinates":[[[79.865402,6.858723],[79.865854,6.858724],[79.865855,6.858272],[79.865403,6.858271],[79.865402,6.858723]]]}},{"type":"Feature","properties":{"id":691.0,"fsi":0.5148,"gsi":0.5148,"osr":0.4852,"entropy":0.2743,"umi":0.3815,"landuse":"Residential","cent":0.1673},"geometry":{"type":"Polygon","coordinates":[[[79.865403,6.858271],[79.865855,6.858272],[79.865856,6.85782],[79.865404,6.857819],[79.865403,6.858271]]]}},{"type":"Feature","properties":{"id":692.0,"fsi":0.4548,"gsi":0.4548,"osr":0.5452,"entropy":0.3324,"umi":0.3829,"landuse":"Residential","cent":0.1332},"geometry":{"type":"Polygon","coordinates":[[[79.865404,6.857819],[79.865856,6.85782],[79.865857,6.857368],[79.865405,6.857367],[79.865404,6.857819]]]}},{"type":"Feature","properties":{"id":693.0,"fsi":0.3833,"gsi":0.3833,"osr":0.6167,"entropy":0.2734,"umi":0.3514,"landuse":"Commercial","cent":0.1084},"geometry":{"type":"Polygon","coordinates":[[[79.865405,6.857367],[79.865857,6.857368],[79.865858,6.856916],[79.865406,6.856915],[79.865405,6.857367]]]}},{"type":"Feature","properties":{"id":694.0,"fsi":0.5222,"gsi":0.5222,"osr":0.4778,"entropy":0.1594,"umi":0.3298,"landuse":"Residential","cent":0.0728},"geometry":{"type":"Polygon","coordinates":[[[79.865406,6.856915],[79.865858,6.856916],[79.86586,6.856463],[79.865407,6.856462],[79.865406,6.856915]]]}},{"type":"Feature","properties":{"id":695.0,"fsi":0.5208,"gsi":0.5208,"osr":0.4792,"entropy":0.4101,"umi":0.458,"landuse":"Commercial","cent":0.3421},"geometry":{"type":"Polygon","coordinates":[[[79.865407,6.856462],[79.86586,6.856463],[79.865861,6.856011],[79.865408,6.85601],[79.865407,6.856462]]]}},{"type":"Feature","properties":{"id":696.0,"fsi":0.5962,"gsi":0.5962,"osr":0.4038,"entropy":0.3104,"umi":0.4388,"landuse":"Commercial","cent":0.3387},"geometry":{"type":"Polygon","coordinates":[[[79.865408,6.85601],[79.865861,6.856011],[79.865862,6.855559],[79.865409,6.855558],[79.865408,6.85601]]]}},{"type":"Feature","properties":{"id":697.0,"fsi":0.5182,"gsi":0.5182,"osr":0.4818,"entropy":0.3939,"umi":0.4767,"landuse":"Residential","cent":0.4539},"geometry":{"type":"Polygon","coordinates":[[[79.865409,6.855558],[79.865862,6.855559],[79.865863,6.855107],[79.86541,6.855106],[79.865409,6.855558]]]}},{"type":"Feature","properties":{"id":698.0,"fsi":0.4347,"gsi":0.4347,"osr":0.5653,"entropy":0.3195,"umi":0.4385,"landuse":"Commercial","cent":0.4256},"geometry":{"type":"Polygon","coordinates":[[[79.86541,6.855106],[79.865863,6.855107],[79.865864,6.854655],[79.865411,6.854654],[79.86541,6.855106]]]}},{"type":"Feature","properties":{"id":699.0,"fsi":0.3503,"gsi":0.3503,"osr":0.6497,"entropy":0.3682,"umi":0.4421,"landuse":"Commercial","cent":0.4297},"geometry":{"type":"Polygon","coordinates":[[[79.865411,6.854654],[79.865864,6.854655],[79.865865,6.854202],[79.865412,6.854201],[79.865411,6.854654]]]}},{"type":"Feature","properties":{"id":700.0,"fsi":0.2802,"gsi":0.2322,"osr":0.7678,"entropy":0.376,"umi":0.435,"landuse":"Commercial","cent":0.4292},"geometry":{"type":"Polygon","coordinates":[[[79.865412,6.854201],[79.865865,6.854202],[79.865866,6.85375],[79.865414,6.853749],[79.865412,6.854201]]]}},{"type":"Feature","properties":{"id":701.0,"fsi":0.4237,"gsi":0.4237,"osr":0.5763,"entropy":0.3666,"umi":0.4653,"landuse":"Commercial","cent":0.4953},"geometry":{"type":"Polygon","coordinates":[[[79.865414,6.853749],[79.865866,6.85375],[79.865867,6.853298],[79.865415,6.853297],[79.865414,6.853749]]]}},{"type":"Feature","properties":{"id":702.0,"fsi":0.4034,"gsi":0.4034,"osr":0.5966,"entropy":0.3652,"umi":0.46,"landuse":"Commercial","cent":0.4851},"geometry":{"type":"Polygon","coordinates":[[[79.865415,6.853297],[79.865867,6.853298],[79.865868,6.852846],[79.865416,6.852845],[79.865415,6.853297]]]}},{"type":"Feature","properties":{"id":703.0,"fsi":0.4696,"gsi":0.4696,"osr":0.5304,"entropy":0.3659,"umi":0.469,"landuse":"Commercial","cent":0.4853},"geometry":{"type":"Polygon","coordinates":[[[79.865416,6.852845],[79.865868,6.852846],[79.865869,6.852394],[79.865417,6.852392],[79.865416,6.852845]]]}},{"type":"Feature","properties":{"id":704.0,"fsi":0.5258,"gsi":0.5258,"osr":0.4742,"entropy":0.3735,"umi":0.4651,"landuse":"Commercial","cent":0.4216},"geometry":{"type":"Polygon","coordinates":[[[79.865417,6.852392],[79.865869,6.852394],[79.86587,6.851941],[79.865418,6.85194],[79.865417,6.852392]]]}},{"type":"Feature","properties":{"id":705.0,"fsi":0.4547,"gsi":0.4547,"osr":0.5453,"entropy":0.3295,"umi":0.4369,"landuse":"Commercial","cent":0.3917},"geometry":{"type":"Polygon","coordinates":[[[79.865418,6.85194],[79.86587,6.851941],[79.865871,6.851489],[79.865419,6.851488],[79.865418,6.85194]]]}},{"type":"Feature","properties":{"id":706.0,"fsi":0.2513,"gsi":0.2513,"osr":0.7487,"entropy":0.393,"umi":0.4492,"landuse":"Commercial","cent":0.4914},"geometry":{"type":"Polygon","coordinates":[[[79.865419,6.851488],[79.865871,6.851489],[79.865872,6.851037],[79.86542,6.851036],[79.865419,6.851488]]]}},{"type":"Feature","properties":{"id":707.0,"fsi":0.5815,"gsi":0.5815,"osr":0.4185,"entropy":0.0789,"umi":0.3565,"landuse":"Commercial","cent":0.27},"geometry":{"type":"Polygon","coordinates":[[[79.86542,6.851036],[79.865872,6.851037],[79.865873,6.850585],[79.865421,6.850584],[79.86542,6.851036]]]}},{"type":"Feature","properties":{"id":708.0,"fsi":0.5753,"gsi":0.5753,"osr":0.4247,"entropy":0.1869,"umi":0.3875,"landuse":"Commercial","cent":0.2751},"geometry":{"type":"Polygon","coordinates":[[[79.865421,6.850584],[79.865873,6.850585],[79.865875,6.850132],[79.865422,6.850131],[79.865421,6.850584]]]}},{"type":"Feature","properties":{"id":709.0,"fsi":0.4339,"gsi":0.4339,"osr":0.5661,"entropy":0.2669,"umi":0.3916,"landuse":"Commercial","cent":0.2751},"geometry":{"type":"Polygon","coordinates":[[[79.865422,6.850131],[79.865875,6.850132],[79.865876,6.84968],[79.865423,6.849679],[79.865422,6.850131]]]}},{"type":"Feature","properties":{"id":710.0,"fsi":0.6537,"gsi":0.6537,"osr":0.3463,"entropy":0.356,"umi":0.4472,"landuse":"Commercial","cent":0.281},"geometry":{"type":"Polygon","coordinates":[[[79.865423,6.849679],[79.865876,6.84968],[79.865877,6.849228],[79.865424,6.849227],[79.865423,6.849679]]]}},{"type":"Feature","properties":{"id":711.0,"fsi":0.5199,"gsi":0.5199,"osr":0.4801,"entropy":0.3083,"umi":0.4088,"landuse":"Commercial","cent":0.2471},"geometry":{"type":"Polygon","coordinates":[[[79.865424,6.849227],[79.865877,6.849228],[79.865878,6.848776],[79.865425,6.848775],[79.865424,6.849227]]]}},{"type":"Feature","properties":{"id":712.0,"fsi":0.6341,"gsi":0.6341,"osr":0.3659,"entropy":0.3285,"umi":0.4405,"landuse":"Residential","cent":0.2984},"geometry":{"type":"Polygon","coordinates":[[[79.865425,6.848775],[79.865878,6.848776],[79.865879,6.848324],[79.865426,6.848323],[79.865425,6.848775]]]}},{"type":"Feature","properties":{"id":713.0,"fsi":0.4558,"gsi":0.4558,"osr":0.5442,"entropy":0.4944,"umi":0.4717,"landuse":"Cultural","cent":0.3338},"geometry":{"type":"Polygon","coordinates":[[[79.865426,6.848323],[79.865879,6.848324],[79.86588,6.847871],[79.865427,6.84787],[79.865426,6.848323]]]}},{"type":"Feature","properties":{"id":714.0,"fsi":0.532,"gsi":0.532,"osr":0.468,"entropy":0.1698,"umi":0.4536,"landuse":"Commercial","cent":0.6369},"geometry":{"type":"Polygon","coordinates":[[[79.865427,6.84787],[79.86588,6.847871],[79.865881,6.847419],[79.865428,6.847418],[79.865427,6.84787]]]}},{"type":"Feature","properties":{"id":715.0,"fsi":0.4772,"gsi":0.4772,"osr":0.5228,"entropy":0.3709,"umi":0.4444,"landuse":"Commercial","cent":0.3578},"geometry":{"type":"Polygon","coordinates":[[[79.865428,6.847418],[79.865881,6.847419],[79.865882,6.846967],[79.86543,6.846966],[79.865428,6.847418]]]}},{"type":"Feature","properties":{"id":716.0,"fsi":0.4793,"gsi":0.4793,"osr":0.5207,"entropy":0.4499,"umi":0.4672,"landuse":"Commercial","cent":0.3578},"geometry":{"type":"Polygon","coordinates":[[[79.86543,6.846966],[79.865882,6.846967],[79.865883,6.846515],[79.865431,6.846514],[79.86543,6.846966]]]}},{"type":"Feature","properties":{"id":717.0,"fsi":0.5595,"gsi":0.5595,"osr":0.4405,"entropy":0.2986,"umi":0.4229,"landuse":"Residential","cent":0.3019},"geometry":{"type":"Polygon","coordinates":[[[79.865431,6.846514],[79.865883,6.846515],[79.865884,6.846063],[79.865432,6.846061],[79.865431,6.846514]]]}},{"type":"Feature","properties":{"id":718.0,"fsi":0.4988,"gsi":0.4988,"osr":0.5012,"entropy":0.4004,"umi":0.4231,"landuse":"Residential","cent":0.204},"geometry":{"type":"Polygon","coordinates":[[[79.865432,6.846061],[79.865884,6.846063],[79.865885,6.84561],[79.865433,6.845609],[79.865432,6.846061]]]}},{"type":"Feature","properties":{"id":719.0,"fsi":0.3226,"gsi":0.3226,"osr":0.6774,"entropy":0.343,"umi":0.3797,"landuse":"Residential","cent":0.186},"geometry":{"type":"Polygon","coordinates":[[[79.865433,6.845609],[79.865885,6.84561],[79.865886,6.845158],[79.865434,6.845157],[79.865433,6.845609]]]}},{"type":"Feature","properties":{"id":720.0,"fsi":0.0483,"gsi":0.0483,"osr":0.9517,"entropy":0.0,"umi":0.226,"landuse":"Public Space","cent":0.0928},"geometry":{"type":"Polygon","coordinates":[[[79.865434,6.845157],[79.865886,6.845158],[79.865887,6.844706],[79.865435,6.844705],[79.865434,6.845157]]]}},{"type":"Feature","properties":{"id":721.0,"fsi":0.3062,"gsi":0.3062,"osr":0.6938,"entropy":0.395,"umi":0.416,"landuse":"Public Space","cent":0.2978},"geometry":{"type":"Polygon","coordinates":[[[79.865435,6.844705],[79.865887,6.844706],[79.865888,6.844254],[79.865436,6.844253],[79.865435,6.844705]]]}},{"type":"Feature","properties":{"id":722.0,"fsi":0.3913,"gsi":0.3913,"osr":0.6087,"entropy":0.2319,"umi":0.3508,"landuse":"Residential","cent":0.1561},"geometry":{"type":"Polygon","coordinates":[[[79.865436,6.844253],[79.865888,6.844254],[79.865889,6.843801],[79.865437,6.8438],[79.865436,6.844253]]]}},{"type":"Feature","properties":{"id":723.0,"fsi":0.5178,"gsi":0.5178,"osr":0.4822,"entropy":0.0,"umi":0.3078,"landuse":"Residential","cent":0.1862},"geometry":{"type":"Polygon","coordinates":[[[79.865437,6.8438],[79.865889,6.843801],[79.865891,6.843349],[79.865438,6.843348],[79.865437,6.8438]]]}},{"type":"Feature","properties":{"id":724.0,"fsi":0.5502,"gsi":0.5502,"osr":0.4498,"entropy":0.1686,"umi":0.3388,"landuse":"Residential","cent":0.0854},"geometry":{"type":"Polygon","coordinates":[[[79.865438,6.843348],[79.865891,6.843349],[79.865892,6.842897],[79.865439,6.842896],[79.865438,6.843348]]]}},{"type":"Feature","properties":{"id":725.0,"fsi":0.5918,"gsi":0.5918,"osr":0.4082,"entropy":0.4172,"umi":0.4309,"landuse":"Residential","cent":0.1602},"geometry":{"type":"Polygon","coordinates":[[[79.865439,6.842896],[79.865892,6.842897],[79.865893,6.842445],[79.86544,6.842444],[79.865439,6.842896]]]}},{"type":"Feature","properties":{"id":726.0,"fsi":0.6169,"gsi":0.6169,"osr":0.3831,"entropy":0.0,"umi":0.303,"landuse":"Residential","cent":0.1019},"geometry":{"type":"Polygon","coordinates":[[[79.86544,6.842444],[79.865893,6.842445],[79.865894,6.841993],[79.865441,6.841992],[79.86544,6.842444]]]}},{"type":"Feature","properties":{"id":727.0,"fsi":0.5006,"gsi":0.5006,"osr":0.4994,"entropy":0.0,"umi":0.2956,"landuse":"Residential","cent":0.1392},"geometry":{"type":"Polygon","coordinates":[[[79.865442,6.841764],[79.865441,6.841992],[79.865894,6.841993],[79.865894,6.841831],[79.865442,6.841764]]]}},{"type":"Feature","properties":{"id":729.0,"fsi":0.2913,"gsi":0.2913,"osr":0.7087,"entropy":0.3423,"umi":0.3743,"landuse":"Cultural","cent":0.181},"geometry":{"type":"Polygon","coordinates":[[[79.866065,6.864546],[79.86625,6.864544],[79.866293,6.864535],[79.866294,6.864152],[79.865841,6.864151],[79.86584,6.864569],[79.866065,6.864546]]]}},{"type":"Feature","properties":{"id":730.0,"fsi":0.1805,"gsi":0.1805,"osr":0.8195,"entropy":0.0284,"umi":0.2691,"landuse":"Cultural","cent":0.1755},"geometry":{"type":"Polygon","coordinates":[[[79.865841,6.864151],[79.866294,6.864152],[79.866295,6.8637],[79.865842,6.863699],[79.865841,6.864151]]]}},{"type":"Feature","properties":{"id":731.0,"fsi":0.491,"gsi":0.491,"osr":0.509,"entropy":0.2291,"umi":0.3646,"landuse":"Residential","cent":0.1632},"geometry":{"type":"Polygon","coordinates":[[[79.865842,6.863699],[79.866295,6.8637],[79.866296,6.863248],[79.865844,6.863247],[79.865842,6.863699]]]}},{"type":"Feature","properties":{"id":732.0,"fsi":0.2252,"gsi":0.2252,"osr":0.7748,"entropy":0.3231,"umi":0.4024,"landuse":"Commercial","cent":0.3807},"geometry":{"type":"Polygon","coordinates":[[[79.865844,6.863247],[79.866296,6.863248],[79.866297,6.862795],[79.865845,6.862794],[79.865844,6.863247]]]}},{"type":"Feature","properties":{"id":733.0,"fsi":0.2719,"gsi":0.2719,"osr":0.7281,"entropy":0.4683,"umi":0.432,"landuse":"Residential","cent":0.2962},"geometry":{"type":"Polygon","coordinates":[[[79.865845,6.862794],[79.866297,6.862795],[79.866298,6.862343],[79.865846,6.862342],[79.865845,6.862794]]]}},{"type":"Feature","properties":{"id":734.0,"fsi":0.463,"gsi":0.463,"osr":0.537,"entropy":0.2101,"umi":0.3716,"landuse":"Residential","cent":0.2391},"geometry":{"type":"Polygon","coordinates":[[[79.865846,6.862342],[79.866298,6.862343],[79.866299,6.861891],[79.865847,6.86189],[79.865846,6.862342]]]}},{"type":"Feature","properties":{"id":735.0,"fsi":0.2243,"gsi":0.2243,"osr":0.7757,"entropy":0.2777,"umi":0.3697,"landuse":"Institutional","cent":0.2878},"geometry":{"type":"Polygon","coordinates":[[[79.865847,6.86189],[79.866299,6.861891],[79.8663,6.861439],[79.865848,6.861438],[79.865847,6.86189]]]}},{"type":"Feature","properties":{"id":736.0,"fsi":0.3068,"gsi":0.3068,"osr":0.6932,"entropy":0.3996,"umi":0.4195,"landuse":"Institutional","cent":0.3079},"geometry":{"type":"Polygon","coordinates":[[[79.865848,6.861438],[79.8663,6.861439],[79.866301,6.860987],[79.865849,6.860986],[79.865848,6.861438]]]}},{"type":"Feature","properties":{"id":737.0,"fsi":0.1141,"gsi":0.1141,"osr":0.8859,"entropy":0.2768,"umi":0.3181,"landuse":"Residential","cent":0.1145},"geometry":{"type":"Polygon","coordinates":[[[79.865849,6.860986],[79.866301,6.860987],[79.866302,6.860534],[79.86585,6.860533],[79.865849,6.860986]]]}},{"type":"Feature","properties":{"id":738.0,"fsi":0.2465,"gsi":0.2465,"osr":0.7535,"entropy":0.3461,"umi":0.3862,"landuse":"Residential","cent":0.2599},"geometry":{"type":"Polygon","coordinates":[[[79.86585,6.860533],[79.866302,6.860534],[79.866303,6.860082],[79.865851,6.860081],[79.86585,6.860533]]]}},{"type":"Feature","properties":{"id":739.0,"fsi":0.5312,"gsi":0.5312,"osr":0.4688,"entropy":0.4531,"umi":0.4542,"landuse":"Institutional","cent":0.2599},"geometry":{"type":"Polygon","coordinates":[[[79.865851,6.860081],[79.866303,6.860082],[79.866305,6.85963],[79.865852,6.859629],[79.865851,6.860081]]]}},{"type":"Feature","properties":{"id":740.0,"fsi":0.4614,"gsi":0.4614,"osr":0.5386,"entropy":0.4074,"umi":0.4051,"landuse":"Residential","cent":0.1329},"geometry":{"type":"Polygon","coordinates":[[[79.865852,6.859629],[79.866305,6.85963],[79.866306,6.859178],[79.865853,6.859177],[79.865852,6.859629]]]}},{"type":"Feature","properties":{"id":741.0,"fsi":0.6162,"gsi":0.6162,"osr":0.3838,"entropy":0.1104,"umi":0.3451,"landuse":"Residential","cent":0.1525},"geometry":{"type":"Polygon","coordinates":[[[79.865853,6.859177],[79.866306,6.859178],[79.866307,6.858726],[79.865854,6.858724],[79.865853,6.859177]]]}},{"type":"Feature","properties":{"id":742.0,"fsi":0.5931,"gsi":0.5931,"osr":0.4069,"entropy":0.244,"umi":0.3832,"landuse":"Residential","cent":0.1673},"geometry":{"type":"Polygon","coordinates":[[[79.865854,6.858724],[79.866307,6.858726],[79.866308,6.858273],[79.865855,6.858272],[79.865854,6.858724]]]}},{"type":"Feature","properties":{"id":743.0,"fsi":0.5108,"gsi":0.5108,"osr":0.4892,"entropy":0.294,"umi":0.3866,"landuse":"Residential","cent":0.1673},"geometry":{"type":"Polygon","coordinates":[[[79.865855,6.858272],[79.866308,6.858273],[79.866309,6.857821],[79.865856,6.85782],[79.865855,6.858272]]]}},{"type":"Feature","properties":{"id":744.0,"fsi":0.4654,"gsi":0.4654,"osr":0.5346,"entropy":0.2418,"umi":0.3569,"landuse":"Residential","cent":0.1255},"geometry":{"type":"Polygon","coordinates":[[[79.865856,6.85782],[79.866309,6.857821],[79.86631,6.857369],[79.865857,6.857368],[79.865856,6.85782]]]}},{"type":"Feature","properties":{"id":745.0,"fsi":0.553,"gsi":0.553,"osr":0.447,"entropy":0.1009,"umi":0.3211,"landuse":"Residential","cent":0.0915},"geometry":{"type":"Polygon","coordinates":[[[79.865857,6.857368],[79.86631,6.857369],[79.866311,6.856917],[79.865858,6.856916],[79.865857,6.857368]]]}},{"type":"Feature","properties":{"id":746.0,"fsi":0.4781,"gsi":0.4781,"osr":0.5219,"entropy":0.0,"umi":0.2896,"landuse":"Residential","cent":0.1248},"geometry":{"type":"Polygon","coordinates":[[[79.865858,6.856916],[79.866311,6.856917],[79.866312,6.856464],[79.86586,6.856463],[79.865858,6.856916]]]}},{"type":"Feature","properties":{"id":747.0,"fsi":0.4166,"gsi":0.4166,"osr":0.5834,"entropy":0.1944,"umi":0.3632,"landuse":"Residential","cent":0.2492},"geometry":{"type":"Polygon","coordinates":[[[79.86586,6.856463],[79.866312,6.856464],[79.866313,6.856012],[79.865861,6.856011],[79.86586,6.856463]]]}},{"type":"Feature","properties":{"id":748.0,"fsi":0.5657,"gsi":0.5657,"osr":0.4343,"entropy":0.0,"umi":0.3472,"landuse":"Residential","cent":0.3421},"geometry":{"type":"Polygon","coordinates":[[[79.865861,6.856011],[79.866313,6.856012],[79.866314,6.85556],[79.865862,6.855559],[79.865861,6.856011]]]}},{"type":"Feature","properties":{"id":749.0,"fsi":0.6189,"gsi":0.6189,"osr":0.3811,"entropy":0.2764,"umi":0.3909,"landuse":"Commercial","cent":0.1438},"geometry":{"type":"Polygon","coordinates":[[[79.865862,6.855559],[79.866314,6.85556],[79.866315,6.855108],[79.865863,6.855107],[79.865862,6.855559]]]}},{"type":"Feature","properties":{"id":750.0,"fsi":0.6379,"gsi":0.6379,"osr":0.3621,"entropy":0.0161,"umi":0.3069,"landuse":"Residential","cent":0.0853},"geometry":{"type":"Polygon","coordinates":[[[79.865863,6.855107],[79.866315,6.855108],[79.866316,6.854656],[79.865864,6.854655],[79.865863,6.855107]]]}},{"type":"Feature","properties":{"id":751.0,"fsi":0.595,"gsi":0.595,"osr":0.405,"entropy":0.3077,"umi":0.4242,"landuse":"Residential","cent":0.274},"geometry":{"type":"Polygon","coordinates":[[[79.865864,6.854655],[79.866316,6.854656],[79.866317,6.854203],[79.865865,6.854202],[79.865864,6.854655]]]}},{"type":"Feature","properties":{"id":752.0,"fsi":0.4227,"gsi":0.4227,"osr":0.5773,"entropy":0.5649,"umi":0.4715,"landuse":"Industrial","cent":0.2588},"geometry":{"type":"Polygon","coordinates":[[[79.865865,6.854202],[79.866317,6.854203],[79.866318,6.853751],[79.865866,6.85375],[79.865865,6.854202]]]}},{"type":"Feature","properties":{"id":753.0,"fsi":0.6556,"gsi":0.6556,"osr":0.3444,"entropy":0.2707,"umi":0.4502,"landuse":"Residential","cent":0.4083},"geometry":{"type":"Polygon","coordinates":[[[79.865866,6.85375],[79.866318,6.853751],[79.866319,6.853299],[79.865867,6.853298],[79.865866,6.85375]]]}},{"type":"Feature","properties":{"id":754.0,"fsi":0.612,"gsi":0.612,"osr":0.388,"entropy":0.4754,"umi":0.543,"landuse":"Commercial","cent":0.5986},"geometry":{"type":"Polygon","coordinates":[[[79.865867,6.853298],[79.866319,6.853299],[79.866321,6.852847],[79.865868,6.852846],[79.865867,6.853298]]]}},{"type":"Feature","properties":{"id":755.0,"fsi":0.6363,"gsi":0.6363,"osr":0.3637,"entropy":0.2638,"umi":0.4702,"landuse":"Commercial","cent":0.5243},"geometry":{"type":"Polygon","coordinates":[[[79.865868,6.852846],[79.866321,6.852847],[79.866322,6.852395],[79.865869,6.852394],[79.865868,6.852846]]]}},{"type":"Feature","properties":{"id":756.0,"fsi":0.4886,"gsi":0.4886,"osr":0.5114,"entropy":0.3989,"umi":0.4751,"landuse":"Commercial","cent":0.4577},"geometry":{"type":"Polygon","coordinates":[[[79.865869,6.852394],[79.866322,6.852395],[79.866323,6.851942],[79.86587,6.851941],[79.865869,6.852394]]]}},{"type":"Feature","properties":{"id":757.0,"fsi":0.295,"gsi":0.295,"osr":0.705,"entropy":0.2754,"umi":0.4173,"landuse":"Transport","cent":0.4719},"geometry":{"type":"Polygon","coordinates":[[[79.86587,6.851941],[79.866323,6.851942],[79.866324,6.85149],[79.865871,6.851489],[79.86587,6.851941]]]}},{"type":"Feature","properties":{"id":758.0,"fsi":0.1285,"gsi":0.1285,"osr":0.8715,"entropy":0.233,"umi":0.4063,"landuse":"Transport","cent":0.5803},"geometry":{"type":"Polygon","coordinates":[[[79.865871,6.851489],[79.866324,6.85149],[79.866325,6.851038],[79.865872,6.851037],[79.865871,6.851489]]]}},{"type":"Feature","properties":{"id":759.0,"fsi":0.2964,"gsi":0.2964,"osr":0.7036,"entropy":0.2768,"umi":0.4211,"landuse":"Commercial","cent":0.4868},"geometry":{"type":"Polygon","coordinates":[[[79.865872,6.851037],[79.866325,6.851038],[79.866326,6.850586],[79.865873,6.850585],[79.865872,6.851037]]]}},{"type":"Feature","properties":{"id":760.0,"fsi":0.347,"gsi":0.347,"osr":0.653,"entropy":0.2661,"umi":0.4177,"landuse":"Commercial","cent":0.4534},"geometry":{"type":"Polygon","coordinates":[[[79.865873,6.850585],[79.866326,6.850586],[79.866327,6.850134],[79.865875,6.850132],[79.865873,6.850585]]]}},{"type":"Feature","properties":{"id":761.0,"fsi":0.3549,"gsi":0.3549,"osr":0.6451,"entropy":0.2527,"umi":0.4205,"landuse":"Commercial","cent":0.4798},"geometry":{"type":"Polygon","coordinates":[[[79.865875,6.850132],[79.866327,6.850134],[79.866328,6.849681],[79.865876,6.84968],[79.865875,6.850132]]]}},{"type":"Feature","properties":{"id":762.0,"fsi":0.4332,"gsi":0.4332,"osr":0.5668,"entropy":0.2558,"umi":0.4334,"landuse":"Commercial","cent":0.4879},"geometry":{"type":"Polygon","coordinates":[[[79.865876,6.84968],[79.866328,6.849681],[79.866329,6.849229],[79.865877,6.849228],[79.865876,6.84968]]]}},{"type":"Feature","properties":{"id":763.0,"fsi":0.3571,"gsi":0.3571,"osr":0.6429,"entropy":0.2565,"umi":0.4614,"landuse":"Commercial","cent":0.6663},"geometry":{"type":"Polygon","coordinates":[[[79.865877,6.849228],[79.866329,6.849229],[79.86633,6.848777],[79.865878,6.848776],[79.865877,6.849228]]]}},{"type":"Feature","properties":{"id":764.0,"fsi":0.3803,"gsi":0.3803,"osr":0.6197,"entropy":0.3428,"umi":0.4659,"landuse":"Commercial","cent":0.5572},"geometry":{"type":"Polygon","coordinates":[[[79.865878,6.848776],[79.86633,6.848777],[79.866331,6.848325],[79.865879,6.848324],[79.865878,6.848776]]]}},{"type":"Feature","properties":{"id":765.0,"fsi":0.4082,"gsi":0.4082,"osr":0.5918,"entropy":0.3014,"umi":0.456,"landuse":"Commercial","cent":0.5488},"geometry":{"type":"Polygon","coordinates":[[[79.865879,6.848324],[79.866331,6.848325],[79.866332,6.847872],[79.86588,6.847871],[79.865879,6.848324]]]}},{"type":"Feature","properties":{"id":766.0,"fsi":0.2584,"gsi":0.2299,"osr":0.7701,"entropy":0.2676,"umi":0.4387,"landuse":"Commercial","cent":0.606},"geometry":{"type":"Polygon","coordinates":[[[79.86588,6.847871],[79.866332,6.847872],[79.866333,6.84742],[79.865881,6.847419],[79.86588,6.847871]]]}},{"type":"Feature","properties":{"id":767.0,"fsi":0.5225,"gsi":0.5074,"osr":0.4926,"entropy":0.2851,"umi":0.4623,"landuse":"Commercial","cent":0.5294},"geometry":{"type":"Polygon","coordinates":[[[79.865881,6.847419],[79.866333,6.84742],[79.866334,6.846968],[79.865882,6.846967],[79.865881,6.847419]]]}},{"type":"Feature","properties":{"id":768.0,"fsi":0.3834,"gsi":0.3834,"osr":0.6166,"entropy":0.3192,"umi":0.4359,"landuse":"Commercial","cent":0.4457},"geometry":{"type":"Polygon","coordinates":[[[79.865882,6.846967],[79.866334,6.846968],[79.866336,6.846516],[79.865883,6.846515],[79.865882,6.846967]]]}},{"type":"Feature","properties":{"id":769.0,"fsi":0.3522,"gsi":0.3522,"osr":0.6478,"entropy":0.2396,"umi":0.394,"landuse":"Commercial","cent":0.3742},"geometry":{"type":"Polygon","coordinates":[[[79.865883,6.846515],[79.866336,6.846516],[79.866337,6.846064],[79.865884,6.846063],[79.865883,6.846515]]]}},{"type":"Feature","properties":{"id":770.0,"fsi":0.342,"gsi":0.342,"osr":0.658,"entropy":0.3371,"umi":0.4342,"landuse":"Commercial","cent":0.439},"geometry":{"type":"Polygon","coordinates":[[[79.865884,6.846063],[79.866337,6.846064],[79.866338,6.845611],[79.865885,6.84561],[79.865884,6.846063]]]}},{"type":"Feature","properties":{"id":771.0,"fsi":0.1965,"gsi":0.1965,"osr":0.8035,"entropy":0.4549,"umi":0.4428,"landuse":"Commercial","cent":0.4123},"geometry":{"type":"Polygon","coordinates":[[[79.865885,6.84561],[79.866338,6.845611],[79.866339,6.845159],[79.865886,6.845158],[79.865885,6.84561]]]}},{"type":"Feature","properties":{"id":772.0,"fsi":0.0312,"gsi":0.0312,"osr":0.9688,"entropy":0.3111,"umi":0.3894,"landuse":"Public Space","cent":0.4561},"geometry":{"type":"Polygon","coordinates":[[[79.865886,6.845158],[79.866339,6.845159],[79.86634,6.844707],[79.865887,6.844706],[79.865886,6.845158]]]}},{"type":"Feature","properties":{"id":773.0,"fsi":0.0885,"gsi":0.0885,"osr":0.9115,"entropy":0.4404,"umi":0.4347,"landuse":"Transport","cent":0.4606},"geometry":{"type":"Polygon","coordinates":[[[79.865887,6.844706],[79.86634,6.844707],[79.866341,6.844255],[79.865888,6.844254],[79.865887,6.844706]]]}},{"type":"Feature","properties":{"id":774.0,"fsi":0.4352,"gsi":0.4352,"osr":0.5648,"entropy":0.5402,"umi":0.4737,"landuse":"Commercial","cent":0.2947},"geometry":{"type":"Polygon","coordinates":[[[79.865888,6.844254],[79.866341,6.844255],[79.866342,6.843803],[79.865889,6.843801],[79.865888,6.844254]]]}},{"type":"Feature","properties":{"id":775.0,"fsi":0.4841,"gsi":0.4841,"osr":0.5159,"entropy":0.3767,"umi":0.4106,"landuse":"Residential","cent":0.1862},"geometry":{"type":"Polygon","coordinates":[[[79.865889,6.843801],[79.866342,6.843803],[79.866343,6.84335],[79.865891,6.843349],[79.865889,6.843801]]]}},{"type":"Feature","properties":{"id":776.0,"fsi":0.6972,"gsi":0.6972,"osr":0.3028,"entropy":0.3716,"umi":0.416,"landuse":"Residential","cent":0.0854},"geometry":{"type":"Polygon","coordinates":[[[79.865891,6.843349],[79.866343,6.84335],[79.866344,6.842898],[79.865892,6.842897],[79.865891,6.843349]]]}},{"type":"Feature","properties":{"id":777.0,"fsi":0.6475,"gsi":0.6475,"osr":0.3525,"entropy":0.3964,"umi":0.4448,"landuse":"Residential","cent":0.2193},"geometry":{"type":"Polygon","coordinates":[[[79.865892,6.842897],[79.866344,6.842898],[79.866345,6.842446],[79.865893,6.842445],[79.865892,6.842897]]]}},{"type":"Feature","properties":{"id":778.0,"fsi":0.621,"gsi":0.621,"osr":0.379,"entropy":0.0328,"umi":0.3208,"landuse":"Residential","cent":0.1392},"geometry":{"type":"Polygon","coordinates":[[[79.865893,6.842445],[79.866345,6.842446],[79.866346,6.841994],[79.865894,6.841993],[79.865893,6.842445]]]}},{"type":"Feature","properties":{"id":779.0,"fsi":0.4283,"gsi":0.4283,"osr":0.5717,"entropy":0.0,"umi":0.2861,"landuse":"Residential","cent":0.1392},"geometry":{"type":"Polygon","coordinates":[[[79.865894,6.841831],[79.865894,6.841993],[79.866346,6.841994],[79.866346,6.841899],[79.865894,6.841831]]]}},{"type":"Feature","properties":{"id":781.0,"fsi":0.1796,"gsi":0.1796,"osr":0.8204,"entropy":0.3689,"umi":0.371,"landuse":"Residential","cent":0.1993},"geometry":{"type":"Polygon","coordinates":[[[79.866412,6.864511],[79.866605,6.86449],[79.866746,6.864481],[79.866746,6.864153],[79.866294,6.864152],[79.866293,6.864535],[79.866412,6.864511]]]}},{"type":"Feature","properties":{"id":782.0,"fsi":0.3563,"gsi":0.3563,"osr":0.6437,"entropy":0.4873,"umi":0.4146,"landuse":"Residential","cent":0.1358},"geometry":{"type":"Polygon","coordinates":[[[79.866294,6.864152],[79.866746,6.864153],[79.866747,6.863701],[79.866295,6.8637],[79.866294,6.864152]]]}},{"type":"Feature","properties":{"id":783.0,"fsi":0.4111,"gsi":0.4111,"osr":0.5889,"entropy":0.2877,"umi":0.3736,"landuse":"Commercial","cent":0.1766},"geometry":{"type":"Polygon","coordinates":[[[79.866295,6.8637],[79.866747,6.863701],[79.866748,6.863249],[79.866296,6.863248],[79.866295,6.8637]]]}},{"type":"Feature","properties":{"id":784.0,"fsi":0.2388,"gsi":0.2388,"osr":0.7612,"entropy":0.2219,"umi":0.3694,"landuse":"Commercial","cent":0.3524},"geometry":{"type":"Polygon","coordinates":[[[79.866296,6.863248],[79.866748,6.863249],[79.86675,6.862797],[79.866297,6.862795],[79.866296,6.863248]]]}},{"type":"Feature","properties":{"id":785.0,"fsi":0.1596,"gsi":0.1596,"osr":0.8404,"entropy":0.3589,"umi":0.3637,"landuse":"Residential","cent":0.1909},"geometry":{"type":"Polygon","coordinates":[[[79.866297,6.862795],[79.86675,6.862797],[79.866751,6.862344],[79.866298,6.862343],[79.866297,6.862795]]]}},{"type":"Feature","properties":{"id":786.0,"fsi":0.3373,"gsi":0.3373,"osr":0.6627,"entropy":0.2932,"umi":0.3636,"landuse":"Residential","cent":0.1677},"geometry":{"type":"Polygon","coordinates":[[[79.866298,6.862343],[79.866751,6.862344],[79.866752,6.861892],[79.866299,6.861891],[79.866298,6.862343]]]}},{"type":"Feature","properties":{"id":787.0,"fsi":0.1808,"gsi":0.1808,"osr":0.8192,"entropy":0.3528,"umi":0.3726,"landuse":"Institutional","cent":0.2277},"geometry":{"type":"Polygon","coordinates":[[[79.866299,6.861891],[79.866752,6.861892],[79.866753,6.86144],[79.8663,6.861439],[79.866299,6.861891]]]}},{"type":"Feature","properties":{"id":788.0,"fsi":0.1646,"gsi":0.1646,"osr":0.8354,"entropy":0.4237,"umi":0.3897,"landuse":"Cultural","cent":0.2233},"geometry":{"type":"Polygon","coordinates":[[[79.8663,6.861439],[79.866753,6.86144],[79.866754,6.860988],[79.866301,6.860987],[79.8663,6.861439]]]}},{"type":"Feature","properties":{"id":789.0,"fsi":0.3052,"gsi":0.3052,"osr":0.6948,"entropy":0.7025,"umi":0.4983,"landuse":"Cultural","cent":0.2738},"geometry":{"type":"Polygon","coordinates":[[[79.866301,6.860987],[79.866754,6.860988],[79.866755,6.860535],[79.866302,6.860534],[79.866301,6.860987]]]}},{"type":"Feature","properties":{"id":790.0,"fsi":0.1779,"gsi":0.1779,"osr":0.8221,"entropy":0.4386,"umi":0.3929,"landuse":"Residential","cent":0.21},"geometry":{"type":"Polygon","coordinates":[[[79.866302,6.860534],[79.866755,6.860535],[79.866756,6.860083],[79.866303,6.860082],[79.866302,6.860534]]]}},{"type":"Feature","properties":{"id":791.0,"fsi":0.396,"gsi":0.396,"osr":0.604,"entropy":0.2073,"umi":0.3483,"landuse":"Residential","cent":0.1746},"geometry":{"type":"Polygon","coordinates":[[[79.866303,6.860082],[79.866756,6.860083],[79.866757,6.859631],[79.866305,6.85963],[79.866303,6.860082]]]}},{"type":"Feature","properties":{"id":792.0,"fsi":0.4264,"gsi":0.4264,"osr":0.5736,"entropy":0.1999,"umi":0.3422,"landuse":"Residential","cent":0.1368},"geometry":{"type":"Polygon","coordinates":[[[79.866305,6.85963],[79.866757,6.859631],[79.866758,6.859179],[79.866306,6.859178],[79.866305,6.85963]]]}},{"type":"Feature","properties":{"id":793.0,"fsi":0.4447,"gsi":0.4447,"osr":0.5553,"entropy":0.2198,"umi":0.3475,"landuse":"Residential","cent":0.1237},"geometry":{"type":"Polygon","coordinates":[[[79.866306,6.859178],[79.866758,6.859179],[79.866759,6.858727],[79.866307,6.858726],[79.866306,6.859178]]]}},{"type":"Feature","properties":{"id":794.0,"fsi":0.4542,"gsi":0.4542,"osr":0.5458,"entropy":0.3279,"umi":0.3839,"landuse":"Residential","cent":0.1444},"geometry":{"type":"Polygon","coordinates":[[[79.866307,6.858726],[79.866759,6.858727],[79.86676,6.858274],[79.866308,6.858273],[79.866307,6.858726]]]}},{"type":"Feature","properties":{"id":795.0,"fsi":0.3764,"gsi":0.3764,"osr":0.6236,"entropy":0.5466,"umi":0.4368,"landuse":"Residential","cent":0.1487},"geometry":{"type":"Polygon","coordinates":[[[79.866308,6.858273],[79.86676,6.858274],[79.866761,6.857822],[79.866309,6.857821],[79.866308,6.858273]]]}},{"type":"Feature","properties":{"id":796.0,"fsi":0.3127,"gsi":0.3127,"osr":0.6873,"entropy":0.2486,"umi":0.3409,"landuse":"Residential","cent":0.1361},"geometry":{"type":"Polygon","coordinates":[[[79.866309,6.857821],[79.866761,6.857822],[79.866762,6.85737],[79.86631,6.857369],[79.866309,6.857821]]]}},{"type":"Feature","properties":{"id":797.0,"fsi":0.3455,"gsi":0.3455,"osr":0.6545,"entropy":0.144,"umi":0.3167,"landuse":"Residential","cent":0.1422},"geometry":{"type":"Polygon","coordinates":[[[79.86631,6.857369],[79.866762,6.85737],[79.866763,6.856918],[79.866311,6.856917],[79.86631,6.857369]]]}},{"type":"Feature","properties":{"id":798.0,"fsi":0.445,"gsi":0.445,"osr":0.555,"entropy":0.222,"umi":0.3428,"landuse":"Residential","cent":0.0982},"geometry":{"type":"Polygon","coordinates":[[[79.866311,6.856917],[79.866763,6.856918],[79.866764,6.856466],[79.866312,6.856464],[79.866311,6.856917]]]}},{"type":"Feature","properties":{"id":799.0,"fsi":0.647,"gsi":0.647,"osr":0.353,"entropy":0.2299,"umi":0.4068,"landuse":"Residential","cent":0.2638},"geometry":{"type":"Polygon","coordinates":[[[79.866312,6.856464],[79.866764,6.856466],[79.866766,6.856013],[79.866313,6.856012],[79.866312,6.856464]]]}},{"type":"Feature","properties":{"id":800.0,"fsi":0.534,"gsi":0.534,"osr":0.466,"entropy":0.0,"umi":0.301,"landuse":"Residential","cent":0.1438},"geometry":{"type":"Polygon","coordinates":[[[79.866313,6.856012],[79.866766,6.856013],[79.866767,6.855561],[79.866314,6.85556],[79.866313,6.856012]]]}},{"type":"Feature","properties":{"id":801.0,"fsi":0.5318,"gsi":0.5318,"osr":0.4682,"entropy":0.1929,"umi":0.3556,"landuse":"Residential","cent":0.1438},"geometry":{"type":"Polygon","coordinates":[[[79.866314,6.85556],[79.866767,6.855561],[79.866768,6.855109],[79.866315,6.855108],[79.866314,6.85556]]]}},{"type":"Feature","properties":{"id":802.0,"fsi":0.5894,"gsi":0.5894,"osr":0.4106,"entropy":0.0,"umi":0.2959,"landuse":"Residential","cent":0.0853},"geometry":{"type":"Polygon","coordinates":[[[79.866315,6.855108],[79.866768,6.855109],[79.866769,6.854657],[79.866316,6.854656],[79.866315,6.855108]]]}},{"type":"Feature","properties":{"id":803.0,"fsi":0.4375,"gsi":0.4375,"osr":0.5625,"entropy":0.2745,"umi":0.354,"landuse":"Residential","cent":0.0853},"geometry":{"type":"Polygon","coordinates":[[[79.866316,6.854656],[79.866769,6.854657],[79.86677,6.854205],[79.866317,6.854203],[79.866316,6.854656]]]}},{"type":"Feature","properties":{"id":804.0,"fsi":0.3162,"gsi":0.3162,"osr":0.6838,"entropy":0.3816,"umi":0.4263,"landuse":"Industrial","cent":0.3582},"geometry":{"type":"Polygon","coordinates":[[[79.866317,6.854203],[79.86677,6.854205],[79.866771,6.853752],[79.866318,6.853751],[79.866317,6.854203]]]}},{"type":"Feature","properties":{"id":805.0,"fsi":0.5305,"gsi":0.5305,"osr":0.4695,"entropy":0.1102,"umi":0.3529,"landuse":"Residential","cent":0.2428},"geometry":{"type":"Polygon","coordinates":[[[79.866318,6.853751],[79.866771,6.853752],[79.866772,6.8533],[79.866319,6.853299],[79.866318,6.853751]]]}},{"type":"Feature","properties":{"id":806.0,"fsi":0.4883,"gsi":0.4883,"osr":0.5117,"entropy":0.1327,"umi":0.3537,"landuse":"Residential","cent":0.2428},"geometry":{"type":"Polygon","coordinates":[[[79.866319,6.853299],[79.866772,6.8533],[79.866773,6.852848],[79.866321,6.852847],[79.866319,6.853299]]]}},{"type":"Feature","properties":{"id":807.0,"fsi":0.6056,"gsi":0.6056,"osr":0.3944,"entropy":0.0408,"umi":0.3264,"landuse":"Residential","cent":0.1644},"geometry":{"type":"Polygon","coordinates":[[[79.866321,6.852847],[79.866773,6.852848],[79.866774,6.852396],[79.866322,6.852395],[79.866321,6.852847]]]}},{"type":"Feature","properties":{"id":808.0,"fsi":0.4102,"gsi":0.4102,"osr":0.5898,"entropy":0.1743,"umi":0.3443,"landuse":"Residential","cent":0.1914},"geometry":{"type":"Polygon","coordinates":[[[79.866322,6.852395],[79.866774,6.852396],[79.866775,6.851943],[79.866323,6.851942],[79.866322,6.852395]]]}},{"type":"Feature","properties":{"id":809.0,"fsi":0.4728,"gsi":0.4728,"osr":0.5272,"entropy":0.3652,"umi":0.4272,"landuse":"Commercial","cent":0.2871},"geometry":{"type":"Polygon","coordinates":[[[79.866323,6.851942],[79.866775,6.851943],[79.866776,6.851491],[79.866324,6.85149],[79.866323,6.851942]]]}},{"type":"Feature","properties":{"id":810.0,"fsi":0.4386,"gsi":0.4386,"osr":0.5614,"entropy":0.2842,"umi":0.4944,"landuse":"Commercial","cent":0.7344},"geometry":{"type":"Polygon","coordinates":[[[79.866324,6.85149],[79.866776,6.851491],[79.866777,6.851039],[79.866325,6.851038],[79.866324,6.85149]]]}},{"type":"Feature","properties":{"id":811.0,"fsi":0.4177,"gsi":0.4177,"osr":0.5823,"entropy":0.1249,"umi":0.3536,"landuse":"Commercial","cent":0.2965},"geometry":{"type":"Polygon","coordinates":[[[79.866325,6.851038],[79.866777,6.851039],[79.866778,6.850587],[79.866326,6.850586],[79.866325,6.851038]]]}},{"type":"Feature","properties":{"id":812.0,"fsi":0.4276,"gsi":0.4276,"osr":0.5724,"entropy":0.2768,"umi":0.3694,"landuse":"Residential","cent":0.1609},"geometry":{"type":"Polygon","coordinates":[[[79.866326,6.850586],[79.866778,6.850587],[79.866779,6.850135],[79.866327,6.850134],[79.866326,6.850586]]]}},{"type":"Feature","properties":{"id":813.0,"fsi":0.3643,"gsi":0.3643,"osr":0.6357,"entropy":0.1595,"umi":0.3339,"landuse":"Commercial","cent":0.1904},"geometry":{"type":"Polygon","coordinates":[[[79.866327,6.850134],[79.866779,6.850135],[79.86678,6.849682],[79.866328,6.849681],[79.866327,6.850134]]]}},{"type":"Feature","properties":{"id":814.0,"fsi":0.4637,"gsi":0.4637,"osr":0.5363,"entropy":0.2749,"umi":0.3852,"landuse":"Commercial","cent":0.2156},"geometry":{"type":"Polygon","coordinates":[[[79.866328,6.849681],[79.86678,6.849682],[79.866782,6.84923],[79.866329,6.849229],[79.866328,6.849681]]]}},{"type":"Feature","properties":{"id":815.0,"fsi":0.5239,"gsi":0.5239,"osr":0.4761,"entropy":0.2648,"umi":0.458,"landuse":"Commercial","cent":0.535},"geometry":{"type":"Polygon","coordinates":[[[79.866329,6.849229],[79.866782,6.84923],[79.866783,6.848778],[79.86633,6.848777],[79.866329,6.849229]]]}},{"type":"Feature","properties":{"id":816.0,"fsi":0.5264,"gsi":0.5264,"osr":0.4736,"entropy":0.2779,"umi":0.4053,"landuse":"Residential","cent":0.2676},"geometry":{"type":"Polygon","coordinates":[[[79.86633,6.848777],[79.866783,6.848778],[79.866784,6.848326],[79.866331,6.848325],[79.86633,6.848777]]]}},{"type":"Feature","properties":{"id":817.0,"fsi":0.6633,"gsi":0.6633,"osr":0.3367,"entropy":0.1934,"umi":0.3823,"landuse":"Commercial","cent":0.1873},"geometry":{"type":"Polygon","coordinates":[[[79.866331,6.848325],[79.866784,6.848326],[79.866785,6.847874],[79.866332,6.847872],[79.866331,6.848325]]]}},{"type":"Feature","properties":{"id":818.0,"fsi":0.3932,"gsi":0.3932,"osr":0.6068,"entropy":0.1799,"umi":0.4002,"landuse":"Commercial","cent":0.458},"geometry":{"type":"Polygon","coordinates":[[[79.866332,6.847872],[79.866785,6.847874],[79.866786,6.847421],[79.866333,6.84742],[79.866332,6.847872]]]}},{"type":"Feature","properties":{"id":819.0,"fsi":0.6696,"gsi":0.6431,"osr":0.3569,"entropy":0.0,"umi":0.3199,"landuse":"Commercial","cent":0.1486},"geometry":{"type":"Polygon","coordinates":[[[79.866333,6.84742],[79.866786,6.847421],[79.866787,6.846969],[79.866334,6.846968],[79.866333,6.84742]]]}},{"type":"Feature","properties":{"id":820.0,"fsi":0.7079,"gsi":0.7079,"osr":0.2921,"entropy":0.0,"umi":0.3322,"landuse":"Commercial","cent":0.1826},"geometry":{"type":"Polygon","coordinates":[[[79.866334,6.846968],[79.866787,6.846969],[79.866788,6.846517],[79.866336,6.846516],[79.866334,6.846968]]]}},{"type":"Feature","properties":{"id":821.0,"fsi":0.3751,"gsi":0.3751,"osr":0.6249,"entropy":0.2605,"umi":0.3618,"landuse":"Residential","cent":0.1799},"geometry":{"type":"Polygon","coordinates":[[[79.866336,6.846516],[79.866788,6.846517],[79.866789,6.846065],[79.866337,6.846064],[79.866336,6.846516]]]}},{"type":"Feature","properties":{"id":822.0,"fsi":0.6376,"gsi":0.6376,"osr":0.3624,"entropy":0.2182,"umi":0.4183,"landuse":"Residential","cent":0.3397},"geometry":{"type":"Polygon","coordinates":[[[79.866337,6.846064],[79.866789,6.846065],[79.86679,6.845612],[79.866338,6.845611],[79.866337,6.846064]]]}},{"type":"Feature","properties":{"id":823.0,"fsi":0.3438,"gsi":0.3438,"osr":0.6562,"entropy":0.3802,"umi":0.4336,"landuse":"Commercial","cent":0.3771},"geometry":{"type":"Polygon","coordinates":[[[79.866338,6.845611],[79.86679,6.845612],[79.866791,6.84516],[79.866339,6.845159],[79.866338,6.845611]]]}},{"type":"Feature","properties":{"id":824.0,"fsi":0.3833,"gsi":0.3833,"osr":0.6167,"entropy":0.342,"umi":0.4458,"landuse":"Residential","cent":0.4614},"geometry":{"type":"Polygon","coordinates":[[[79.866339,6.845159],[79.866791,6.84516],[79.866792,6.844708],[79.86634,6.844707],[79.866339,6.845159]]]}},{"type":"Feature","properties":{"id":825.0,"fsi":0.4801,"gsi":0.4801,"osr":0.5199,"entropy":0.4392,"umi":0.489,"landuse":"Commercial","cent":0.4747},"geometry":{"type":"Polygon","coordinates":[[[79.86634,6.844707],[79.866792,6.844708],[79.866793,6.844256],[79.866341,6.844255],[79.86634,6.844707]]]}},{"type":"Feature","properties":{"id":826.0,"fsi":0.2106,"gsi":0.2106,"osr":0.7894,"entropy":0.4096,"umi":0.4139,"landuse":"Residential","cent":0.3277},"geometry":{"type":"Polygon","coordinates":[[[79.866341,6.844255],[79.866793,6.844256],[79.866794,6.843804],[79.866342,6.843803],[79.866341,6.844255]]]}},{"type":"Feature","properties":{"id":827.0,"fsi":0.3394,"gsi":0.3394,"osr":0.6606,"entropy":0.3712,"umi":0.4341,"landuse":"Commercial","cent":0.3944},"geometry":{"type":"Polygon","coordinates":[[[79.866342,6.843803],[79.866794,6.843804],[79.866795,6.843351],[79.866343,6.84335],[79.866342,6.843803]]]}},{"type":"Feature","properties":{"id":828.0,"fsi":0.4027,"gsi":0.4027,"osr":0.5973,"entropy":0.3367,"umi":0.4314,"landuse":"Commercial","cent":0.3885},"geometry":{"type":"Polygon","coordinates":[[[79.866343,6.84335],[79.866795,6.843351],[79.866797,6.842899],[79.866344,6.842898],[79.866343,6.84335]]]}},{"type":"Feature","properties":{"id":829.0,"fsi":0.3667,"gsi":0.3667,"osr":0.6333,"entropy":0.2764,"umi":0.4198,"landuse":"Commercial","cent":0.4373},"geometry":{"type":"Polygon","coordinates":[[[79.866344,6.842898],[79.866797,6.842899],[79.866798,6.842447],[79.866345,6.842446],[79.866344,6.842898]]]}},{"type":"Feature","properties":{"id":830.0,"fsi":0.2779,"gsi":0.2779,"osr":0.7221,"entropy":0.2692,"umi":0.3695,"landuse":"Commercial","cent":0.265},"geometry":{"type":"Polygon","coordinates":[[[79.866345,6.842446],[79.866798,6.842447],[79.866799,6.841995],[79.866346,6.841994],[79.866345,6.842446]]]}},{"type":"Feature","properties":{"id":831.0,"fsi":0.6794,"gsi":0.6794,"osr":0.3206,"entropy":0.3129,"umi":0.4083,"landuse":"Residential","cent":0.1392},"geometry":{"type":"Polygon","coordinates":[[[79.866346,6.841899],[79.866346,6.841994],[79.866799,6.841995],[79.866799,6.841966],[79.866346,6.841899]]]}},{"type":"Feature","properties":{"id":833.0,"fsi":0.1924,"gsi":0.1924,"osr":0.8076,"entropy":0.6202,"umi":0.4464,"landuse":"Residential","cent":0.2095},"geometry":{"type":"Polygon","coordinates":[[[79.866746,6.864481],[79.867198,6.864452],[79.867199,6.864154],[79.866746,6.864153],[79.866746,6.864481]]]}},{"type":"Feature","properties":{"id":834.0,"fsi":0.2713,"gsi":0.2713,"osr":0.7287,"entropy":0.4804,"umi":0.4014,"landuse":"Commercial","cent":0.1358},"geometry":{"type":"Polygon","coordinates":[[[79.866746,6.864153],[79.867199,6.864154],[79.8672,6.863702],[79.866747,6.863701],[79.866746,6.864153]]]}},{"type":"Feature","properties":{"id":835.0,"fsi":0.5941,"gsi":0.5941,"osr":0.4059,"entropy":0.0,"umi":0.345,"landuse":"Commercial","cent":0.3143},"geometry":{"type":"Polygon","coordinates":[[[79.866747,6.863701],[79.8672,6.863702],[79.867201,6.86325],[79.866748,6.863249],[79.866747,6.863701]]]}},{"type":"Feature","properties":{"id":836.0,"fsi":0.1022,"gsi":0.1022,"osr":0.8978,"entropy":0.3458,"umi":0.4115,"landuse":"Commercial","cent":0.4698},"geometry":{"type":"Polygon","coordinates":[[[79.866748,6.863249],[79.867201,6.86325],[79.867202,6.862798],[79.86675,6.862797],[79.866748,6.863249]]]}},{"type":"Feature","properties":{"id":837.0,"fsi":0.1984,"gsi":0.1984,"osr":0.8016,"entropy":0.2145,"umi":0.3146,"landuse":"Residential","cent":0.1292},"geometry":{"type":"Polygon","coordinates":[[[79.86675,6.862797],[79.867202,6.862798],[79.867203,6.862345],[79.866751,6.862344],[79.86675,6.862797]]]}},{"type":"Feature","properties":{"id":838.0,"fsi":0.5417,"gsi":0.5417,"osr":0.4583,"entropy":0.0,"umi":0.3021,"landuse":"Residential","cent":0.1445},"geometry":{"type":"Polygon","coordinates":[[[79.866751,6.862344],[79.867203,6.862345],[79.867204,6.861893],[79.866752,6.861892],[79.866751,6.862344]]]}},{"type":"Feature","properties":{"id":839.0,"fsi":0.2769,"gsi":0.2769,"osr":0.7231,"entropy":0.0049,"umi":0.2679,"landuse":"Residential","cent":0.1415},"geometry":{"type":"Polygon","coordinates":[[[79.866752,6.861892],[79.867204,6.861893],[79.867205,6.861441],[79.866753,6.86144],[79.866752,6.861892]]]}},{"type":"Feature","properties":{"id":840.0,"fsi":0.1145,"gsi":0.1145,"osr":0.8855,"entropy":0.2338,"umi":0.3134,"landuse":"Cultural","cent":0.1495},"geometry":{"type":"Polygon","coordinates":[[[79.866753,6.86144],[79.867205,6.861441],[79.867206,6.860989],[79.866754,6.860988],[79.866753,6.86144]]]}},{"type":"Feature","properties":{"id":841.0,"fsi":0.4862,"gsi":0.4862,"osr":0.5138,"entropy":0.2647,"umi":0.3979,"landuse":"Cultural","cent":0.2753},"geometry":{"type":"Polygon","coordinates":[[[79.866754,6.860988],[79.867206,6.860989],[79.867207,6.860537],[79.866755,6.860535],[79.866754,6.860988]]]}},{"type":"Feature","properties":{"id":842.0,"fsi":0.2868,"gsi":0.2868,"osr":0.7132,"entropy":0.4707,"umi":0.4302,"landuse":"Residential","cent":0.2753},"geometry":{"type":"Polygon","coordinates":[[[79.866755,6.860535],[79.867207,6.860537],[79.867208,6.860084],[79.866756,6.860083],[79.866755,6.860535]]]}},{"type":"Feature","properties":{"id":843.0,"fsi":0.2332,"gsi":0.2332,"osr":0.7668,"entropy":0.3918,"umi":0.3938,"landuse":"Residential","cent":0.2426},"geometry":{"type":"Polygon","coordinates":[[[79.866756,6.860083],[79.867208,6.860084],[79.867209,6.859632],[79.866757,6.859631],[79.866756,6.860083]]]}},{"type":"Feature","properties":{"id":844.0,"fsi":0.3749,"gsi":0.3749,"osr":0.6251,"entropy":0.1854,"umi":0.3319,"landuse":"Residential","cent":0.1399},"geometry":{"type":"Polygon","coordinates":[[[79.866757,6.859631],[79.867209,6.859632],[79.867211,6.85918],[79.866758,6.859179],[79.866757,6.859631]]]}},{"type":"Feature","properties":{"id":845.0,"fsi":0.4722,"gsi":0.4722,"osr":0.5278,"entropy":0.0002,"umi":0.2908,"landuse":"Residential","cent":0.1341},"geometry":{"type":"Polygon","coordinates":[[[79.866758,6.859179],[79.867211,6.85918],[79.867212,6.858728],[79.866759,6.858727],[79.866758,6.859179]]]}},{"type":"Feature","properties":{"id":846.0,"fsi":0.1919,"gsi":0.1919,"osr":0.8081,"entropy":0.3385,"umi":0.3394,"landuse":"Residential","cent":0.0834},"geometry":{"type":"Polygon","coordinates":[[[79.866759,6.858727],[79.867212,6.858728],[79.867213,6.858275],[79.86676,6.858274],[79.866759,6.858727]]]}},{"type":"Feature","properties":{"id":847.0,"fsi":0.5466,"gsi":0.5466,"osr":0.4534,"entropy":0.2805,"umi":0.3754,"landuse":"Residential","cent":0.1102},"geometry":{"type":"Polygon","coordinates":[[[79.86676,6.858274],[79.867213,6.858275],[79.867214,6.857823],[79.866761,6.857822],[79.86676,6.858274]]]}},{"type":"Feature","properties":{"id":848.0,"fsi":0.6392,"gsi":0.6392,"osr":0.3608,"entropy":0.0686,"umi":0.3344,"landuse":"Residential","cent":0.1438},"geometry":{"type":"Polygon","coordinates":[[[79.866761,6.857822],[79.867214,6.857823],[79.867215,6.857371],[79.866762,6.85737],[79.866761,6.857822]]]}},{"type":"Feature","properties":{"id":849.0,"fsi":0.522,"gsi":0.522,"osr":0.478,"entropy":0.1492,"umi":0.3487,"landuse":"Residential","cent":0.176},"geometry":{"type":"Polygon","coordinates":[[[79.866762,6.85737],[79.867215,6.857371],[79.867216,6.856919],[79.866763,6.856918],[79.866762,6.85737]]]}},{"type":"Feature","properties":{"id":850.0,"fsi":0.3432,"gsi":0.3432,"osr":0.6568,"entropy":0.4539,"umi":0.4147,"landuse":"Cultural","cent":0.1893},"geometry":{"type":"Polygon","coordinates":[[[79.866763,6.856918],[79.867216,6.856919],[79.867217,6.856467],[79.866764,6.856466],[79.866763,6.856918]]]}},{"type":"Feature","properties":{"id":851.0,"fsi":0.3288,"gsi":0.3288,"osr":0.6712,"entropy":0.4198,"umi":0.4206,"landuse":"Residential","cent":0.2722},"geometry":{"type":"Polygon","coordinates":[[[79.866764,6.856466],[79.867217,6.856467],[79.867218,6.856014],[79.866766,6.856013],[79.866764,6.856466]]]}},{"type":"Feature","properties":{"id":852.0,"fsi":0.3988,"gsi":0.3988,"osr":0.6012,"entropy":0.1812,"umi":0.351,"landuse":"Residential","cent":0.2208},"geometry":{"type":"Polygon","coordinates":[[[79.866766,6.856013],[79.867218,6.856014],[79.867219,6.855562],[79.866767,6.855561],[79.866766,6.856013]]]}},{"type":"Feature","properties":{"id":853.0,"fsi":0.4024,"gsi":0.4024,"osr":0.5976,"entropy":0.231,"umi":0.3633,"landuse":"Residential","cent":0.2098},"geometry":{"type":"Polygon","coordinates":[[[79.866767,6.855561],[79.867219,6.855562],[79.86722,6.85511],[79.866768,6.855109],[79.866767,6.855561]]]}},{"type":"Feature","properties":{"id":854.0,"fsi":0.6174,"gsi":0.6174,"osr":0.3826,"entropy":0.0023,"umi":0.3259,"landuse":"Residential","cent":0.2064},"geometry":{"type":"Polygon","coordinates":[[[79.866768,6.855109],[79.86722,6.85511],[79.867221,6.854658],[79.866769,6.854657],[79.866768,6.855109]]]}},{"type":"Feature","properties":{"id":855.0,"fsi":0.5905,"gsi":0.5905,"osr":0.4095,"entropy":0.2575,"umi":0.3694,"landuse":"Residential","cent":0.0853},"geometry":{"type":"Polygon","coordinates":[[[79.866769,6.854657],[79.867221,6.854658],[79.867222,6.854206],[79.86677,6.854205],[79.866769,6.854657]]]}},{"type":"Feature","properties":{"id":856.0,"fsi":0.3073,"gsi":0.3073,"osr":0.6927,"entropy":0.373,"umi":0.4251,"landuse":"Industrial","cent":0.3698},"geometry":{"type":"Polygon","coordinates":[[[79.86677,6.854205],[79.867222,6.854206],[79.867223,6.853753],[79.866771,6.853752],[79.86677,6.854205]]]}},{"type":"Feature","properties":{"id":857.0,"fsi":0.5834,"gsi":0.5834,"osr":0.4166,"entropy":0.0724,"umi":0.3375,"landuse":"Residential","cent":0.1883},"geometry":{"type":"Polygon","coordinates":[[[79.866771,6.853752],[79.867223,6.853753],[79.867224,6.853301],[79.866772,6.8533],[79.866771,6.853752]]]}},{"type":"Feature","properties":{"id":858.0,"fsi":0.3387,"gsi":0.3387,"osr":0.6613,"entropy":0.3687,"umi":0.3879,"landuse":"Cultural","cent":0.1803},"geometry":{"type":"Polygon","coordinates":[[[79.866772,6.8533],[79.867224,6.853301],[79.867225,6.852849],[79.866773,6.852848],[79.866772,6.8533]]]}},{"type":"Feature","properties":{"id":859.0,"fsi":0.4773,"gsi":0.4773,"osr":0.5227,"entropy":0.2456,"umi":0.3606,"landuse":"Residential","cent":0.1306},"geometry":{"type":"Polygon","coordinates":[[[79.866773,6.852848],[79.867225,6.852849],[79.867227,6.852397],[79.866774,6.852396],[79.866773,6.852848]]]}},{"type":"Feature","properties":{"id":860.0,"fsi":0.5183,"gsi":0.5183,"osr":0.4817,"entropy":0.0784,"umi":0.3283,"landuse":"Residential","cent":0.1773},"geometry":{"type":"Polygon","coordinates":[[[79.866774,6.852396],[79.867227,6.852397],[79.867228,6.851945],[79.866775,6.851943],[79.866774,6.852396]]]}},{"type":"Feature","properties":{"id":861.0,"fsi":0.5246,"gsi":0.5246,"osr":0.4754,"entropy":0.1243,"umi":0.3648,"landuse":"Residential","cent":0.2838},"geometry":{"type":"Polygon","coordinates":[[[79.866775,6.851943],[79.867228,6.851945],[79.867229,6.851492],[79.866776,6.851491],[79.866775,6.851943]]]}},{"type":"Feature","properties":{"id":862.0,"fsi":0.3393,"gsi":0.3393,"osr":0.6607,"entropy":0.4042,"umi":0.4913,"landuse":"Residential","cent":0.6201},"geometry":{"type":"Polygon","coordinates":[[[79.866776,6.851491],[79.867229,6.851492],[79.86723,6.85104],[79.866777,6.851039],[79.866776,6.851491]]]}},{"type":"Feature","properties":{"id":863.0,"fsi":0.5302,"gsi":0.5302,"osr":0.4698,"entropy":0.268,"umi":0.4091,"landuse":"Residential","cent":0.2965},"geometry":{"type":"Polygon","coordinates":[[[79.866777,6.851039],[79.86723,6.85104],[79.867231,6.850588],[79.866778,6.850587],[79.866777,6.851039]]]}},{"type":"Feature","properties":{"id":864.0,"fsi":0.5482,"gsi":0.5482,"osr":0.4518,"entropy":0.0,"umi":0.3352,"landuse":"Residential","cent":0.2965},"geometry":{"type":"Polygon","coordinates":[[[79.866778,6.850587],[79.867231,6.850588],[79.867232,6.850136],[79.866779,6.850135],[79.866778,6.850587]]]}},{"type":"Feature","properties":{"id":865.0,"fsi":0.5891,"gsi":0.5891,"osr":0.4109,"entropy":0.0,"umi":0.3126,"landuse":"Residential","cent":0.1642},"geometry":{"type":"Polygon","coordinates":[[[79.866779,6.850135],[79.867232,6.850136],[79.867233,6.849683],[79.86678,6.849682],[79.866779,6.850135]]]}},{"type":"Feature","properties":{"id":866.0,"fsi":0.4489,"gsi":0.4489,"osr":0.5511,"entropy":0.0084,"umi":0.3085,"landuse":"Residential","cent":0.2212},"geometry":{"type":"Polygon","coordinates":[[[79.86678,6.849682],[79.867233,6.849683],[79.867234,6.849231],[79.866782,6.84923],[79.86678,6.849682]]]}},{"type":"Feature","properties":{"id":867.0,"fsi":0.4092,"gsi":0.4092,"osr":0.5908,"entropy":0.0,"umi":0.3405,"landuse":"Residential","cent":0.4079},"geometry":{"type":"Polygon","coordinates":[[[79.866782,6.84923],[79.867234,6.849231],[79.867235,6.848779],[79.866783,6.848778],[79.866782,6.84923]]]}},{"type":"Feature","properties":{"id":868.0,"fsi":0.5988,"gsi":0.5988,"osr":0.4012,"entropy":0.0,"umi":0.3239,"landuse":"Residential","cent":0.2118},"geometry":{"type":"Polygon","coordinates":[[[79.866783,6.848778],[79.867235,6.848779],[79.867236,6.848327],[79.866784,6.848326],[79.866783,6.848778]]]}},{"type":"Feature","properties":{"id":869.0,"fsi":0.5106,"gsi":0.5106,"osr":0.4894,"entropy":0.2326,"umi":0.3733,"landuse":"Residential","cent":0.1873},"geometry":{"type":"Polygon","coordinates":[[[79.866784,6.848326],[79.867236,6.848327],[79.867237,6.847875],[79.866785,6.847874],[79.866784,6.848326]]]}},{"type":"Feature","properties":{"id":870.0,"fsi":0.4603,"gsi":0.4603,"osr":0.5397,"entropy":0.4083,"umi":0.4478,"landuse":"Commercial","cent":0.3341},"geometry":{"type":"Polygon","coordinates":[[[79.866785,6.847874],[79.867237,6.847875],[79.867238,6.847422],[79.866786,6.847421],[79.866785,6.847874]]]}},{"type":"Feature","properties":{"id":871.0,"fsi":0.7905,"gsi":0.7905,"osr":0.2095,"entropy":0.0,"umi":0.3295,"landuse":"Commercial","cent":0.1185},"geometry":{"type":"Polygon","coordinates":[[[79.866786,6.847421],[79.867238,6.847422],[79.867239,6.84697],[79.866787,6.846969],[79.866786,6.847421]]]}},{"type":"Feature","properties":{"id":872.0,"fsi":0.4206,"gsi":0.4206,"osr":0.5794,"entropy":0.2692,"umi":0.3627,"landuse":"Residential","cent":0.1439},"geometry":{"type":"Polygon","coordinates":[[[79.866787,6.846969],[79.867239,6.84697],[79.86724,6.846518],[79.866788,6.846517],[79.866787,6.846969]]]}},{"type":"Feature","properties":{"id":873.0,"fsi":0.4135,"gsi":0.4135,"osr":0.5865,"entropy":0.1632,"umi":0.3417,"landuse":"Residential","cent":0.1918},"geometry":{"type":"Polygon","coordinates":[[[79.866788,6.846517],[79.86724,6.846518],[79.867241,6.846066],[79.866789,6.846065],[79.866788,6.846517]]]}},{"type":"Feature","properties":{"id":874.0,"fsi":0.4597,"gsi":0.4597,"osr":0.5403,"entropy":0.2118,"umi":0.3844,"landuse":"Institutional","cent":0.2991},"geometry":{"type":"Polygon","coordinates":[[[79.866789,6.846065],[79.867241,6.846066],[79.867243,6.845614],[79.86679,6.845612],[79.866789,6.846065]]]}},{"type":"Feature","properties":{"id":875.0,"fsi":0.2918,"gsi":0.2918,"osr":0.7082,"entropy":0.1721,"umi":0.3794,"landuse":"Residential","cent":0.4336},"geometry":{"type":"Polygon","coordinates":[[[79.86679,6.845612],[79.867243,6.845614],[79.867244,6.845161],[79.866791,6.84516],[79.86679,6.845612]]]}},{"type":"Feature","properties":{"id":876.0,"fsi":0.5366,"gsi":0.5366,"osr":0.4634,"entropy":0.0,"umi":0.3516,"landuse":"Residential","cent":0.381},"geometry":{"type":"Polygon","coordinates":[[[79.866791,6.84516],[79.867244,6.845161],[79.867245,6.844709],[79.866792,6.844708],[79.866791,6.84516]]]}},{"type":"Feature","properties":{"id":877.0,"fsi":0.3448,"gsi":0.3448,"osr":0.6552,"entropy":0.1553,"umi":0.3435,"landuse":"Residential","cent":0.2538},"geometry":{"type":"Polygon","coordinates":[[[79.866792,6.844708],[79.867245,6.844709],[79.867246,6.844257],[79.866793,6.844256],[79.866792,6.844708]]]}},{"type":"Feature","properties":{"id":878.0,"fsi":0.3005,"gsi":0.3005,"osr":0.6995,"entropy":0.136,"umi":0.313,"landuse":"Residential","cent":0.1633},"geometry":{"type":"Polygon","coordinates":[[[79.866793,6.844256],[79.867246,6.844257],[79.867247,6.843805],[79.866794,6.843804],[79.866793,6.844256]]]}},{"type":"Feature","properties":{"id":879.0,"fsi":0.4508,"gsi":0.4508,"osr":0.5492,"entropy":0.1405,"umi":0.3501,"landuse":"Residential","cent":0.2389},"geometry":{"type":"Polygon","coordinates":[[[79.866794,6.843804],[79.867247,6.843805],[79.867248,6.843352],[79.866795,6.843351],[79.866794,6.843804]]]}},{"type":"Feature","properties":{"id":880.0,"fsi":0.591,"gsi":0.591,"osr":0.409,"entropy":0.1593,"umi":0.374,"landuse":"Residential","cent":0.2389},"geometry":{"type":"Polygon","coordinates":[[[79.866795,6.843351],[79.867248,6.843352],[79.867249,6.8429],[79.866797,6.842899],[79.866795,6.843351]]]}},{"type":"Feature","properties":{"id":881.0,"fsi":0.5714,"gsi":0.5714,"osr":0.4286,"entropy":0.3771,"umi":0.444,"landuse":"Commercial","cent":0.2886},"geometry":{"type":"Polygon","coordinates":[[[79.866797,6.842899],[79.867249,6.8429],[79.86725,6.842448],[79.866798,6.842447],[79.866797,6.842899]]]}},{"type":"Feature","properties":{"id":882.0,"fsi":0.4158,"gsi":0.4158,"osr":0.5842,"entropy":0.3186,"umi":0.4277,"landuse":"Commercial","cent":0.3874},"geometry":{"type":"Polygon","coordinates":[[[79.867159,6.842047],[79.86694,6.841995],[79.866799,6.841995],[79.866798,6.842447],[79.86725,6.842448],[79.867251,6.842067],[79.867159,6.842047]]]}},{"type":"Feature","properties":{"id":883.0,"fsi":0.0,"gsi":0.0,"osr":1.0,"entropy":0.0,"umi":0.3082,"landuse":"Transport","cent":0.5106},"geometry":{"type":"Polygon","coordinates":[[[79.866882,6.841979],[79.866799,6.841966],[79.866799,6.841995],[79.86694,6.841995],[79.866882,6.841979]]]}},{"type":"Feature","properties":{"id":885.0,"fsi":0.1174,"gsi":0.1174,"osr":0.8826,"entropy":0.4213,"umi":0.3893,"landuse":"Commercial","cent":0.2541},"geometry":{"type":"Polygon","coordinates":[[[79.867198,6.864452],[79.8673,6.864446],[79.867542,6.864419],[79.867651,6.864378],[79.867651,6.864155],[79.867199,6.864154],[79.867198,6.864452]]]}},{"type":"Feature","properties":{"id":886.0,"fsi":0.0914,"gsi":0.0914,"osr":0.9086,"entropy":0.3588,"umi":0.3685,"landuse":"Commercial","cent":0.256},"geometry":{"type":"Polygon","coordinates":[[[79.867199,6.864154],[79.867651,6.864155],[79.867652,6.863703],[79.8672,6.863702],[79.867199,6.864154]]]}},{"type":"Feature","properties":{"id":887.0,"fsi":0.23,"gsi":0.23,"osr":0.77,"entropy":0.3323,"umi":0.3981,"landuse":"Commercial","cent":0.345},"geometry":{"type":"Polygon","coordinates":[[[79.8672,6.863702],[79.867652,6.863703],[79.867653,6.863251],[79.867201,6.86325],[79.8672,6.863702]]]}},{"type":"Feature","properties":{"id":888.0,"fsi":0.0935,"gsi":0.0935,"osr":0.9065,"entropy":0.3048,"umi":0.3854,"landuse":"Commercial","cent":0.4072},"geometry":{"type":"Polygon","coordinates":[[[79.867201,6.86325],[79.867653,6.863251],[79.867654,6.862799],[79.867202,6.862798],[79.867201,6.86325]]]}},{"type":"Feature","properties":{"id":889.0,"fsi":0.2248,"gsi":0.2248,"osr":0.7752,"entropy":0.2965,"umi":0.3359,"landuse":"Residential","cent":0.1031},"geometry":{"type":"Polygon","coordinates":[[[79.867202,6.862798],[79.867654,6.862799],[79.867656,6.862346],[79.867203,6.862345],[79.867202,6.862798]]]}},{"type":"Feature","properties":{"id":890.0,"fsi":0.4746,"gsi":0.4746,"osr":0.5254,"entropy":0.0,"umi":0.2723,"landuse":"Residential","cent":0.0457},"geometry":{"type":"Polygon","coordinates":[[[79.867203,6.862345],[79.867656,6.862346],[79.867657,6.861894],[79.867204,6.861893],[79.867203,6.862345]]]}},{"type":"Feature","properties":{"id":891.0,"fsi":0.1614,"gsi":0.1614,"osr":0.8386,"entropy":0.0,"umi":0.2414,"landuse":"Residential","cent":0.0949},"geometry":{"type":"Polygon","coordinates":[[[79.867204,6.861893],[79.867657,6.861894],[79.867658,6.861442],[79.867205,6.861441],[79.867204,6.861893]]]}},{"type":"Feature","properties":{"id":892.0,"fsi":0.1665,"gsi":0.1665,"osr":0.8335,"entropy":0.251,"umi":0.315,"landuse":"Residential","cent":0.1016},"geometry":{"type":"Polygon","coordinates":[[[79.867205,6.861441],[79.867658,6.861442],[79.867659,6.86099],[79.867206,6.860989],[79.867205,6.861441]]]}},{"type":"Feature","properties":{"id":893.0,"fsi":0.4148,"gsi":0.4148,"osr":0.5852,"entropy":0.152,"umi":0.3163,"landuse":"Residential","cent":0.086},"geometry":{"type":"Polygon","coordinates":[[[79.867206,6.860989],[79.867659,6.86099],[79.86766,6.860538],[79.867207,6.860537],[79.867206,6.860989]]]}},{"type":"Feature","properties":{"id":894.0,"fsi":0.3412,"gsi":0.3412,"osr":0.6588,"entropy":0.1809,"umi":0.3175,"landuse":"Residential","cent":0.0989},"geometry":{"type":"Polygon","coordinates":[[[79.867207,6.860537],[79.86766,6.860538],[79.867661,6.860085],[79.867208,6.860084],[79.867207,6.860537]]]}},{"type":"Feature","properties":{"id":895.0,"fsi":0.2261,"gsi":0.2261,"osr":0.7739,"entropy":0.166,"umi":0.3537,"landuse":"Residential","cent":0.3614},"geometry":{"type":"Polygon","coordinates":[[[79.867208,6.860084],[79.867661,6.860085],[79.867662,6.859633],[79.867209,6.859632],[79.867208,6.860084]]]}},{"type":"Feature","properties":{"id":896.0,"fsi":0.4055,"gsi":0.4055,"osr":0.5945,"entropy":0.4032,"umi":0.4218,"landuse":"Residential","cent":0.2522},"geometry":{"type":"Polygon","coordinates":[[[79.867209,6.859632],[79.867662,6.859633],[79.867663,6.859181],[79.867211,6.85918],[79.867209,6.859632]]]}},{"type":"Feature","properties":{"id":897.0,"fsi":0.4256,"gsi":0.4256,"osr":0.5744,"entropy":0.1142,"umi":0.3057,"landuse":"Residential","cent":0.0803},"geometry":{"type":"Polygon","coordinates":[[[79.867211,6.85918],[79.867663,6.859181],[79.867664,6.858729],[79.867212,6.858728],[79.867211,6.85918]]]}},{"type":"Feature","properties":{"id":898.0,"fsi":0.1063,"gsi":0.1063,"osr":0.8937,"entropy":0.2167,"umi":0.2841,"landuse":"Cultural","cent":0.0396},"geometry":{"type":"Polygon","coordinates":[[[79.867212,6.858728],[79.867664,6.858729],[79.867665,6.858277],[79.867213,6.858275],[79.867212,6.858728]]]}},{"type":"Feature","properties":{"id":899.0,"fsi":0.4109,"gsi":0.4109,"osr":0.5891,"entropy":0.3693,"umi":0.3759,"landuse":"Residential","cent":0.0779},"geometry":{"type":"Polygon","coordinates":[[[79.867213,6.858275],[79.867665,6.858277],[79.867666,6.857824],[79.867214,6.857823],[79.867213,6.858275]]]}},{"type":"Feature","properties":{"id":900.0,"fsi":0.4463,"gsi":0.4463,"osr":0.5537,"entropy":0.0,"umi":0.2774,"landuse":"Residential","cent":0.0871},"geometry":{"type":"Polygon","coordinates":[[[79.867214,6.857823],[79.867666,6.857824],[79.867667,6.857372],[79.867215,6.857371],[79.867214,6.857823]]]}},{"type":"Feature","properties":{"id":901.0,"fsi":0.5456,"gsi":0.5456,"osr":0.4544,"entropy":0.0,"umi":0.2905,"landuse":"Residential","cent":0.0872},"geometry":{"type":"Polygon","coordinates":[[[79.867215,6.857371],[79.867667,6.857372],[79.867668,6.85692],[79.867216,6.856919],[79.867215,6.857371]]]}},{"type":"Feature","properties":{"id":902.0,"fsi":0.496,"gsi":0.496,"osr":0.504,"entropy":0.0031,"umi":0.2906,"landuse":"Residential","cent":0.1145},"geometry":{"type":"Polygon","coordinates":[[[79.867216,6.856919],[79.867668,6.85692],[79.867669,6.856468],[79.867217,6.856467],[79.867216,6.856919]]]}},{"type":"Feature","properties":{"id":903.0,"fsi":0.4997,"gsi":0.4997,"osr":0.5003,"entropy":0.3077,"umi":0.4092,"landuse":"Residential","cent":0.2623},"geometry":{"type":"Polygon","coordinates":[[[79.867217,6.856467],[79.867669,6.856468],[79.86767,6.856015],[79.867218,6.856014],[79.867217,6.856467]]]}},{"type":"Feature","properties":{"id":904.0,"fsi":0.5138,"gsi":0.5138,"osr":0.4862,"entropy":0.1834,"umi":0.3375,"landuse":"Residential","cent":0.0824},"geometry":{"type":"Polygon","coordinates":[[[79.867218,6.856014],[79.86767,6.856015],[79.867672,6.855563],[79.867219,6.855562],[79.867218,6.856014]]]}},{"type":"Feature","properties":{"id":905.0,"fsi":0.5193,"gsi":0.5193,"osr":0.4807,"entropy":0.117,"umi":0.3457,"landuse":"Residential","cent":0.2069},"geometry":{"type":"Polygon","coordinates":[[[79.867219,6.855562],[79.867672,6.855563],[79.867673,6.855111],[79.86722,6.85511],[79.867219,6.855562]]]}},{"type":"Feature","properties":{"id":906.0,"fsi":0.631,"gsi":0.631,"osr":0.369,"entropy":0.149,"umi":0.3689,"landuse":"Residential","cent":0.2039},"geometry":{"type":"Polygon","coordinates":[[[79.86722,6.85511],[79.867673,6.855111],[79.867674,6.854659],[79.867221,6.854658],[79.86722,6.85511]]]}},{"type":"Feature","properties":{"id":907.0,"fsi":0.2488,"gsi":0.2488,"osr":0.7512,"entropy":0.3634,"umi":0.3732,"landuse":"Residential","cent":0.174},"geometry":{"type":"Polygon","coordinates":[[[79.867221,6.854658],[79.867674,6.854659],[79.867675,6.854207],[79.867222,6.854206],[79.867221,6.854658]]]}},{"type":"Feature","properties":{"id":908.0,"fsi":0.4806,"gsi":0.4806,"osr":0.5194,"entropy":0.3773,"umi":0.4474,"landuse":"Industrial","cent":0.361},"geometry":{"type":"Polygon","coordinates":[[[79.867222,6.854206],[79.867675,6.854207],[79.867676,6.853754],[79.867223,6.853753],[79.867222,6.854206]]]}},{"type":"Feature","properties":{"id":909.0,"fsi":0.4226,"gsi":0.4226,"osr":0.5774,"entropy":0.245,"umi":0.3506,"landuse":"Residential","cent":0.1185},"geometry":{"type":"Polygon","coordinates":[[[79.867223,6.853753],[79.867676,6.853754],[79.867677,6.853302],[79.867224,6.853301],[79.867223,6.853753]]]}},{"type":"Feature","properties":{"id":910.0,"fsi":0.263,"gsi":0.263,"osr":0.737,"entropy":0.2094,"umi":0.3227,"landuse":"Cultural","cent":0.1338},"geometry":{"type":"Polygon","coordinates":[[[79.867224,6.853301],[79.867677,6.853302],[79.867678,6.85285],[79.867225,6.852849],[79.867224,6.853301]]]}},{"type":"Feature","properties":{"id":911.0,"fsi":0.3728,"gsi":0.3728,"osr":0.6272,"entropy":0.2506,"umi":0.3541,"landuse":"Residential","cent":0.1585},"geometry":{"type":"Polygon","coordinates":[[[79.867225,6.852849],[79.867678,6.85285],[79.867679,6.852398],[79.867227,6.852397],[79.867225,6.852849]]]}},{"type":"Feature","properties":{"id":912.0,"fsi":0.5081,"gsi":0.5081,"osr":0.4919,"entropy":0.216,"umi":0.3684,"landuse":"Residential","cent":0.1877},"geometry":{"type":"Polygon","coordinates":[[[79.867227,6.852397],[79.867679,6.852398],[79.86768,6.851946],[79.867228,6.851945],[79.867227,6.852397]]]}},{"type":"Feature","properties":{"id":913.0,"fsi":0.5485,"gsi":0.5485,"osr":0.4515,"entropy":0.1414,"umi":0.3594,"landuse":"Residential","cent":0.2207},"geometry":{"type":"Polygon","coordinates":[[[79.867228,6.851945],[79.86768,6.851946],[79.867681,6.851493],[79.867229,6.851492],[79.867228,6.851945]]]}},{"type":"Feature","properties":{"id":914.0,"fsi":0.5518,"gsi":0.5518,"osr":0.4482,"entropy":0.2702,"umi":0.5498,"landuse":"Residential","cent":0.9437},"geometry":{"type":"Polygon","coordinates":[[[79.867229,6.851492],[79.867681,6.851493],[79.867682,6.851041],[79.86723,6.85104],[79.867229,6.851492]]]}},{"type":"Feature","properties":{"id":915.0,"fsi":0.5455,"gsi":0.5455,"osr":0.4545,"entropy":0.2539,"umi":0.5443,"landuse":"Commercial","cent":0.9437},"geometry":{"type":"Polygon","coordinates":[[[79.86723,6.85104],[79.867682,6.851041],[79.867683,6.850589],[79.867231,6.850588],[79.86723,6.85104]]]}},{"type":"Feature","properties":{"id":916.0,"fsi":0.4992,"gsi":0.4992,"osr":0.5008,"entropy":0.091,"umi":0.3386,"landuse":"Residential","cent":0.2207},"geometry":{"type":"Polygon","coordinates":[[[79.867231,6.850588],[79.867683,6.850589],[79.867684,6.850137],[79.867232,6.850136],[79.867231,6.850588]]]}},{"type":"Feature","properties":{"id":917.0,"fsi":0.4795,"gsi":0.4795,"osr":0.5205,"entropy":0.0,"umi":0.2915,"landuse":"Residential","cent":0.1333},"geometry":{"type":"Polygon","coordinates":[[[79.867232,6.850136],[79.867684,6.850137],[79.867685,6.849685],[79.867233,6.849683],[79.867232,6.850136]]]}},{"type":"Feature","properties":{"id":918.0,"fsi":0.4982,"gsi":0.4982,"osr":0.5018,"entropy":0.0,"umi":0.2991,"landuse":"Residential","cent":0.1572},"geometry":{"type":"Polygon","coordinates":[[[79.867233,6.849683],[79.867685,6.849685],[79.867686,6.849232],[79.867234,6.849231],[79.867233,6.849683]]]}},{"type":"Feature","properties":{"id":919.0,"fsi":0.4786,"gsi":0.4786,"osr":0.5214,"entropy":0.0,"umi":0.3276,"landuse":"Residential","cent":0.3041},"geometry":{"type":"Polygon","coordinates":[[[79.867234,6.849231],[79.867686,6.849232],[79.867688,6.84878],[79.867235,6.848779],[79.867234,6.849231]]]}},{"type":"Feature","properties":{"id":920.0,"fsi":0.4692,"gsi":0.4692,"osr":0.5308,"entropy":0.0,"umi":0.3017,"landuse":"Residential","cent":0.1874},"geometry":{"type":"Polygon","coordinates":[[[79.867235,6.848779],[79.867688,6.84878],[79.867689,6.848328],[79.867236,6.848327],[79.867235,6.848779]]]}},{"type":"Feature","properties":{"id":921.0,"fsi":0.5263,"gsi":0.5263,"osr":0.4737,"entropy":0.0047,"umi":0.3018,"landuse":"Residential","cent":0.1463},"geometry":{"type":"Polygon","coordinates":[[[79.867236,6.848327],[79.867689,6.848328],[79.86769,6.847876],[79.867237,6.847875],[79.867236,6.848327]]]}},{"type":"Feature","properties":{"id":922.0,"fsi":0.4671,"gsi":0.4671,"osr":0.5329,"entropy":0.3691,"umi":0.4236,"landuse":"Commercial","cent":0.2681},"geometry":{"type":"Polygon","coordinates":[[[79.867237,6.847875],[79.86769,6.847876],[79.867691,6.847423],[79.867238,6.847422],[79.867237,6.847875]]]}},{"type":"Feature","properties":{"id":923.0,"fsi":0.6476,"gsi":0.6476,"osr":0.3524,"entropy":0.2274,"umi":0.3707,"landuse":"Commercial","cent":0.0967},"geometry":{"type":"Polygon","coordinates":[[[79.867238,6.847422],[79.867691,6.847423],[79.867692,6.846971],[79.867239,6.84697],[79.867238,6.847422]]]}},{"type":"Feature","properties":{"id":924.0,"fsi":0.4092,"gsi":0.4092,"osr":0.5908,"entropy":0.0929,"umi":0.3011,"landuse":"Residential","cent":0.0971},"geometry":{"type":"Polygon","coordinates":[[[79.867239,6.84697],[79.867692,6.846971],[79.867693,6.846519],[79.86724,6.846518],[79.867239,6.84697]]]}},{"type":"Feature","properties":{"id":925.0,"fsi":0.5488,"gsi":0.5488,"osr":0.4512,"entropy":0.0,"umi":0.3041,"landuse":"Residential","cent":0.1496},"geometry":{"type":"Polygon","coordinates":[[[79.86724,6.846518],[79.867693,6.846519],[79.867694,6.846067],[79.867241,6.846066],[79.86724,6.846518]]]}},{"type":"Feature","properties":{"id":926.0,"fsi":0.4389,"gsi":0.4389,"osr":0.5611,"entropy":0.1384,"umi":0.3361,"landuse":"Residential","cent":0.1827},"geometry":{"type":"Polygon","coordinates":[[[79.867241,6.846066],[79.867694,6.846067],[79.867695,6.845615],[79.867243,6.845614],[79.867241,6.846066]]]}},{"type":"Feature","properties":{"id":927.0,"fsi":0.3845,"gsi":0.3845,"osr":0.6155,"entropy":0.165,"umi":0.3584,"landuse":"Residential","cent":0.2865},"geometry":{"type":"Polygon","coordinates":[[[79.867243,6.845614],[79.867695,6.845615],[79.867696,6.845162],[79.867244,6.845161],[79.867243,6.845614]]]}},{"type":"Feature","properties":{"id":928.0,"fsi":0.5146,"gsi":0.5146,"osr":0.4854,"entropy":0.066,"umi":0.3165,"landuse":"Residential","cent":0.1403},"geometry":{"type":"Polygon","coordinates":[[[79.867244,6.845161],[79.867696,6.845162],[79.867697,6.84471],[79.867245,6.844709],[79.867244,6.845161]]]}},{"type":"Feature","properties":{"id":929.0,"fsi":0.3833,"gsi":0.3833,"osr":0.6167,"entropy":0.1594,"umi":0.3571,"landuse":"Residential","cent":0.2882},"geometry":{"type":"Polygon","coordinates":[[[79.867245,6.844709],[79.867697,6.84471],[79.867698,6.844258],[79.867246,6.844257],[79.867245,6.844709]]]}},{"type":"Feature","properties":{"id":930.0,"fsi":0.563,"gsi":0.563,"osr":0.437,"entropy":0.2263,"umi":0.3755,"landuse":"Residential","cent":0.1733},"geometry":{"type":"Polygon","coordinates":[[[79.867246,6.844257],[79.867698,6.844258],[79.867699,6.843806],[79.867247,6.843805],[79.867246,6.844257]]]}},{"type":"Feature","properties":{"id":931.0,"fsi":0.5348,"gsi":0.5348,"osr":0.4652,"entropy":0.3535,"umi":0.4088,"landuse":"Cultural","cent":0.177},"geometry":{"type":"Polygon","coordinates":[[[79.867247,6.843805],[79.867699,6.843806],[79.8677,6.843354],[79.867248,6.843352],[79.867247,6.843805]]]}},{"type":"Feature","properties":{"id":932.0,"fsi":0.4805,"gsi":0.4805,"osr":0.5195,"entropy":0.0261,"umi":0.342,"landuse":"Residential","cent":0.3354},"geometry":{"type":"Polygon","coordinates":[[[79.867248,6.843352],[79.8677,6.843354],[79.867701,6.842901],[79.867249,6.8429],[79.867248,6.843352]]]}},{"type":"Feature","properties":{"id":933.0,"fsi":0.6061,"gsi":0.6061,"osr":0.3939,"entropy":0.1736,"umi":0.4053,"landuse":"Residential","cent":0.358},"geometry":{"type":"Polygon","coordinates":[[[79.867249,6.8429],[79.867701,6.842901],[79.867702,6.842449],[79.86725,6.842448],[79.867249,6.8429]]]}},{"type":"Feature","properties":{"id":934.0,"fsi":0.6609,"gsi":0.6609,"osr":0.3391,"entropy":0.1081,"umi":0.4034,"landuse":"Residential","cent":0.4031},"geometry":{"type":"Polygon","coordinates":[[[79.867521,6.842125],[79.867439,6.842111],[79.867251,6.842067],[79.86725,6.842448],[79.867702,6.842449],[79.867703,6.842148],[79.867521,6.842125]]]}},{"type":"Feature","properties":{"id":937.0,"fsi":0.0017,"gsi":0.0017,"osr":0.9983,"entropy":0.4222,"umi":0.3653,"landuse":"Transport","cent":0.2118},"geometry":{"type":"Polygon","coordinates":[[[79.867707,6.864357],[79.867901,6.864226],[79.867967,6.864156],[79.867651,6.864155],[79.867651,6.864378],[79.867707,6.864357]]]}},{"type":"Feature","properties":{"id":938.0,"fsi":0.2811,"gsi":0.2811,"osr":0.7189,"entropy":0.3692,"umi":0.3893,"landuse":"Residential","cent":0.222},"geometry":{"type":"Polygon","coordinates":[[[79.868104,6.864009],[79.868105,6.863704],[79.867652,6.863703],[79.867651,6.864155],[79.867967,6.864156],[79.868104,6.864009]]]}},{"type":"Feature","properties":{"id":939.0,"fsi":0.1673,"gsi":0.1673,"osr":0.8327,"entropy":0.3193,"umi":0.3964,"landuse":"Commercial","cent":0.3934},"geometry":{"type":"Polygon","coordinates":[[[79.867652,6.863703],[79.868105,6.863704],[79.868106,6.863252],[79.867653,6.863251],[79.867652,6.863703]]]}},{"type":"Feature","properties":{"id":940.0,"fsi":0.1445,"gsi":0.1445,"osr":0.8555,"entropy":0.4004,"umi":0.3916,"landuse":"Residential","cent":0.2763},"geometry":{"type":"Polygon","coordinates":[[[79.867653,6.863251],[79.868106,6.863252],[79.868107,6.8628],[79.867654,6.862799],[79.867653,6.863251]]]}},{"type":"Feature","properties":{"id":941.0,"fsi":0.3052,"gsi":0.3052,"osr":0.6948,"entropy":0.1745,"umi":0.3289,"landuse":"Residential","cent":0.1838},"geometry":{"type":"Polygon","coordinates":[[[79.867654,6.862799],[79.868107,6.8628],[79.868108,6.862348],[79.867656,6.862346],[79.867654,6.862799]]]}},{"type":"Feature","properties":{"id":942.0,"fsi":0.3672,"gsi":0.3672,"osr":0.6328,"entropy":0.0,"umi":0.2582,"landuse":"Residential","cent":0.0457},"geometry":{"type":"Polygon","coordinates":[[[79.867656,6.862346],[79.868108,6.862348],[79.868109,6.861895],[79.867657,6.861894],[79.867656,6.862346]]]}},{"type":"Feature","properties":{"id":943.0,"fsi":0.0811,"gsi":0.0811,"osr":0.9189,"entropy":0.2543,"umi":0.2977,"landuse":"Residential","cent":0.0687},"geometry":{"type":"Polygon","coordinates":[[[79.867657,6.861894],[79.868109,6.861895],[79.86811,6.861443],[79.867658,6.861442],[79.867657,6.861894]]]}},{"type":"Feature","properties":{"id":944.0,"fsi":0.2454,"gsi":0.2454,"osr":0.7546,"entropy":0.332,"umi":0.347,"landuse":"Industrial","cent":0.0949},"geometry":{"type":"Polygon","coordinates":[[[79.867658,6.861442],[79.86811,6.861443],[79.868111,6.860991],[79.867659,6.86099],[79.867658,6.861442]]]}},{"type":"Feature","properties":{"id":945.0,"fsi":0.3969,"gsi":0.3969,"osr":0.6031,"entropy":0.1612,"umi":0.3214,"landuse":"Residential","cent":0.1091},"geometry":{"type":"Polygon","coordinates":[[[79.867659,6.86099],[79.868111,6.860991],[79.868112,6.860539],[79.86766,6.860538],[79.867659,6.86099]]]}},{"type":"Feature","properties":{"id":946.0,"fsi":0.3972,"gsi":0.3972,"osr":0.6028,"entropy":0.2396,"umi":0.3494,"landuse":"Residential","cent":0.1357},"geometry":{"type":"Polygon","coordinates":[[[79.86766,6.860538],[79.868112,6.860539],[79.868113,6.860086],[79.867661,6.860085],[79.86766,6.860538]]]}},{"type":"Feature","properties":{"id":947.0,"fsi":0.4216,"gsi":0.4216,"osr":0.5784,"entropy":0.388,"umi":0.4272,"landuse":"Residential","cent":0.2883},"geometry":{"type":"Polygon","coordinates":[[[79.867661,6.860085],[79.868113,6.860086],[79.868114,6.859634],[79.867662,6.859633],[79.867661,6.860085]]]}},{"type":"Feature","properties":{"id":948.0,"fsi":0.0919,"gsi":0.0919,"osr":0.9081,"entropy":0.4342,"umi":0.3943,"landuse":"Residential","cent":0.2765},"geometry":{"type":"Polygon","coordinates":[[[79.867662,6.859633],[79.868114,6.859634],[79.868115,6.859182],[79.867663,6.859181],[79.867662,6.859633]]]}},{"type":"Feature","properties":{"id":949.0,"fsi":0.2998,"gsi":0.2998,"osr":0.7002,"entropy":0.1403,"umi":0.3096,"landuse":"Residential","cent":0.1418},"geometry":{"type":"Polygon","coordinates":[[[79.867663,6.859181],[79.868115,6.859182],[79.868117,6.85873],[79.867664,6.858729],[79.867663,6.859181]]]}},{"type":"Feature","properties":{"id":950.0,"fsi":0.3019,"gsi":0.3019,"osr":0.6981,"entropy":0.2867,"umi":0.3497,"landuse":"Residential","cent":0.1333},"geometry":{"type":"Polygon","coordinates":[[[79.867664,6.858729],[79.868117,6.85873],[79.868118,6.858278],[79.867665,6.858277],[79.867664,6.858729]]]}},{"type":"Feature","properties":{"id":951.0,"fsi":0.4208,"gsi":0.4208,"osr":0.5792,"entropy":0.1046,"umi":0.295,"landuse":"Institutional","cent":0.0456},"geometry":{"type":"Polygon","coordinates":[[[79.867665,6.858277],[79.868118,6.858278],[79.868119,6.857825],[79.867666,6.857824],[79.867665,6.858277]]]}},{"type":"Feature","properties":{"id":952.0,"fsi":0.2737,"gsi":0.2737,"osr":0.7263,"entropy":0.2695,"umi":0.3276,"landuse":"Institutional","cent":0.0696},"geometry":{"type":"Polygon","coordinates":[[[79.867666,6.857824],[79.868119,6.857825],[79.86812,6.857373],[79.867667,6.857372],[79.867666,6.857824]]]}},{"type":"Feature","properties":{"id":953.0,"fsi":0.3977,"gsi":0.3977,"osr":0.6023,"entropy":0.1927,"umi":0.3338,"landuse":"Residential","cent":0.1246},"geometry":{"type":"Polygon","coordinates":[[[79.867667,6.857372],[79.86812,6.857373],[79.868121,6.856921],[79.867668,6.85692],[79.867667,6.857372]]]}},{"type":"Feature","properties":{"id":954.0,"fsi":0.3599,"gsi":0.3599,"osr":0.6401,"entropy":0.2076,"umi":0.3571,"landuse":"Residential","cent":0.2381},"geometry":{"type":"Polygon","coordinates":[[[79.867668,6.85692],[79.868121,6.856921],[79.868122,6.856469],[79.867669,6.856468],[79.867668,6.85692]]]}},{"type":"Feature","properties":{"id":955.0,"fsi":0.4859,"gsi":0.4859,"osr":0.5141,"entropy":0.0793,"umi":0.3253,"landuse":"Residential","cent":0.1822},"geometry":{"type":"Polygon","coordinates":[[[79.867669,6.856468],[79.868122,6.856469],[79.868123,6.856017],[79.86767,6.856015],[79.867669,6.856468]]]}},{"type":"Feature","properties":{"id":956.0,"fsi":0.5247,"gsi":0.5247,"osr":0.4753,"entropy":0.0841,"umi":0.3107,"landuse":"Residential","cent":0.0824},"geometry":{"type":"Polygon","coordinates":[[[79.86767,6.856015],[79.868123,6.856017],[79.868124,6.855564],[79.867672,6.855563],[79.86767,6.856015]]]}},{"type":"Feature","properties":{"id":957.0,"fsi":0.5106,"gsi":0.5106,"osr":0.4894,"entropy":0.3108,"umi":0.3733,"landuse":"Residential","cent":0.082},"geometry":{"type":"Polygon","coordinates":[[[79.867672,6.855563],[79.868124,6.855564],[79.868125,6.855112],[79.867673,6.855111],[79.867672,6.855563]]]}},{"type":"Feature","properties":{"id":958.0,"fsi":0.447,"gsi":0.447,"osr":0.553,"entropy":0.0383,"umi":0.2873,"landuse":"Residential","cent":0.082},"geometry":{"type":"Polygon","coordinates":[[[79.867673,6.855111],[79.868125,6.855112],[79.868126,6.85466],[79.867674,6.854659],[79.867673,6.855111]]]}},{"type":"Feature","properties":{"id":959.0,"fsi":0.3663,"gsi":0.3663,"osr":0.6337,"entropy":0.0928,"umi":0.3255,"landuse":"Residential","cent":0.2392},"geometry":{"type":"Polygon","coordinates":[[[79.867674,6.854659],[79.868126,6.85466],[79.868127,6.854208],[79.867675,6.854207],[79.867674,6.854659]]]}},{"type":"Feature","properties":{"id":960.0,"fsi":0.5491,"gsi":0.5491,"osr":0.4509,"entropy":0.2242,"umi":0.4003,"landuse":"Residential","cent":0.3019},"geometry":{"type":"Polygon","coordinates":[[[79.867675,6.854207],[79.868127,6.854208],[79.868128,6.853755],[79.867676,6.853754],[79.867675,6.854207]]]}},{"type":"Feature","properties":{"id":961.0,"fsi":0.3375,"gsi":0.3375,"osr":0.6625,"entropy":0.227,"umi":0.3327,"landuse":"Residential","cent":0.1111},"geometry":{"type":"Polygon","coordinates":[[[79.867676,6.853754],[79.868128,6.853755],[79.868129,6.853303],[79.867677,6.853302],[79.867676,6.853754]]]}},{"type":"Feature","properties":{"id":962.0,"fsi":0.3336,"gsi":0.3336,"osr":0.6664,"entropy":0.1371,"umi":0.3031,"landuse":"Residential","cent":0.0944},"geometry":{"type":"Polygon","coordinates":[[[79.867677,6.853302],[79.868129,6.853303],[79.86813,6.852851],[79.867678,6.85285],[79.867677,6.853302]]]}},{"type":"Feature","properties":{"id":963.0,"fsi":0.6323,"gsi":0.6323,"osr":0.3677,"entropy":0.0,"umi":0.3035,"landuse":"Residential","cent":0.0944},"geometry":{"type":"Polygon","coordinates":[[[79.867678,6.85285],[79.86813,6.852851],[79.868131,6.852399],[79.867679,6.852398],[79.867678,6.85285]]]}},{"type":"Feature","properties":{"id":964.0,"fsi":0.5984,"gsi":0.5984,"osr":0.4016,"entropy":0.0,"umi":0.3164,"landuse":"Residential","cent":0.1765},"geometry":{"type":"Polygon","coordinates":[[[79.867679,6.852398],[79.868131,6.852399],[79.868133,6.851947],[79.86768,6.851946],[79.867679,6.852398]]]}},{"type":"Feature","properties":{"id":965.0,"fsi":0.5759,"gsi":0.5759,"osr":0.4241,"entropy":0.0,"umi":0.306,"landuse":"Residential","cent":0.1413},"geometry":{"type":"Polygon","coordinates":[[[79.86768,6.851946],[79.868133,6.851947],[79.868134,6.851494],[79.867681,6.851493],[79.86768,6.851946]]]}},{"type":"Feature","properties":{"id":966.0,"fsi":0.5084,"gsi":0.5084,"osr":0.4916,"entropy":0.2702,"umi":0.4237,"landuse":"Residential","cent":0.3758},"geometry":{"type":"Polygon","coordinates":[[[79.867681,6.851493],[79.868134,6.851494],[79.868135,6.851042],[79.867682,6.851041],[79.867681,6.851493]]]}},{"type":"Feature","properties":{"id":967.0,"fsi":0.4469,"gsi":0.4469,"osr":0.5531,"entropy":0.2333,"umi":0.4411,"landuse":"Commercial","cent":0.5457},"geometry":{"type":"Polygon","coordinates":[[[79.867682,6.851041],[79.868135,6.851042],[79.868136,6.85059],[79.867683,6.850589],[79.867682,6.851041]]]}},{"type":"Feature","properties":{"id":968.0,"fsi":0.4968,"gsi":0.4968,"osr":0.5032,"entropy":0.091,"umi":0.3462,"landuse":"Residential","cent":0.2583},"geometry":{"type":"Polygon","coordinates":[[[79.867683,6.850589],[79.868136,6.85059],[79.868137,6.850138],[79.867684,6.850137],[79.867683,6.850589]]]}},{"type":"Feature","properties":{"id":969.0,"fsi":0.3687,"gsi":0.3687,"osr":0.6313,"entropy":0.0,"umi":0.273,"landuse":"Residential","cent":0.1146},"geometry":{"type":"Polygon","coordinates":[[[79.867684,6.850137],[79.868137,6.850138],[79.868138,6.849686],[79.867685,6.849685],[79.867684,6.850137]]]}},{"type":"Feature","properties":{"id":970.0,"fsi":0.362,"gsi":0.362,"osr":0.638,"entropy":0.3837,"umi":0.4033,"landuse":"Institutional","cent":0.2182},"geometry":{"type":"Polygon","coordinates":[[[79.867685,6.849685],[79.868138,6.849686],[79.868139,6.849233],[79.867686,6.849232],[79.867685,6.849685]]]}},{"type":"Feature","properties":{"id":971.0,"fsi":0.2602,"gsi":0.2602,"osr":0.7398,"entropy":0.3487,"umi":0.3953,"landuse":"Cultural","cent":0.291},"geometry":{"type":"Polygon","coordinates":[[[79.867686,6.849232],[79.868139,6.849233],[79.86814,6.848781],[79.867688,6.84878],[79.867686,6.849232]]]}},{"type":"Feature","properties":{"id":972.0,"fsi":0.4495,"gsi":0.4495,"osr":0.5505,"entropy":0.2288,"umi":0.3604,"landuse":"Residential","cent":0.1696},"geometry":{"type":"Polygon","coordinates":[[[79.867688,6.84878],[79.86814,6.848781],[79.868141,6.848329],[79.867689,6.848328],[79.867688,6.84878]]]}},{"type":"Feature","properties":{"id":973.0,"fsi":0.6124,"gsi":0.6124,"osr":0.3876,"entropy":0.1115,"umi":0.3517,"landuse":"Residential","cent":0.1846},"geometry":{"type":"Polygon","coordinates":[[[79.867689,6.848328],[79.868141,6.848329],[79.868142,6.847877],[79.86769,6.847876],[79.867689,6.848328]]]}},{"type":"Feature","properties":{"id":974.0,"fsi":0.4885,"gsi":0.4885,"osr":0.5115,"entropy":0.2887,"umi":0.4097,"landuse":"Commercial","cent":0.2974},"geometry":{"type":"Polygon","coordinates":[[[79.86769,6.847876],[79.868142,6.847877],[79.868143,6.847425],[79.867691,6.847423],[79.86769,6.847876]]]}},{"type":"Feature","properties":{"id":975.0,"fsi":0.4896,"gsi":0.4896,"osr":0.5104,"entropy":0.2031,"umi":0.354,"landuse":"Residential","cent":0.1489},"geometry":{"type":"Polygon","coordinates":[[[79.867691,6.847423],[79.868143,6.847425],[79.868144,6.846972],[79.867692,6.846971],[79.867691,6.847423]]]}},{"type":"Feature","properties":{"id":976.0,"fsi":0.577,"gsi":0.577,"osr":0.423,"entropy":0.0,"umi":0.3007,"landuse":"Residential","cent":0.116},"geometry":{"type":"Polygon","coordinates":[[[79.867692,6.846971],[79.868144,6.846972],[79.868145,6.84652],[79.867693,6.846519],[79.867692,6.846971]]]}},{"type":"Feature","properties":{"id":977.0,"fsi":0.2481,"gsi":0.2481,"osr":0.7519,"entropy":0.1896,"umi":0.3219,"landuse":"Residential","cent":0.166},"geometry":{"type":"Polygon","coordinates":[[[79.867693,6.846519],[79.868145,6.84652],[79.868146,6.846068],[79.867694,6.846067],[79.867693,6.846519]]]}},{"type":"Feature","properties":{"id":978.0,"fsi":0.4123,"gsi":0.4123,"osr":0.5877,"entropy":0.3366,"umi":0.3901,"landuse":"Residential","cent":0.1877},"geometry":{"type":"Polygon","coordinates":[[[79.867694,6.846067],[79.868146,6.846068],[79.868147,6.845616],[79.867695,6.845615],[79.867694,6.846067]]]}},{"type":"Feature","properties":{"id":979.0,"fsi":0.4294,"gsi":0.4294,"osr":0.5706,"entropy":0.3397,"umi":0.4163,"landuse":"Residential","cent":0.2968},"geometry":{"type":"Polygon","coordinates":[[[79.867695,6.845615],[79.868147,6.845616],[79.868149,6.845163],[79.867696,6.845162],[79.867695,6.845615]]]}},{"type":"Feature","properties":{"id":980.0,"fsi":0.4175,"gsi":0.4175,"osr":0.5825,"entropy":0.2789,"umi":0.3613,"landuse":"Barren Land","cent":0.1262},"geometry":{"type":"Polygon","coordinates":[[[79.867696,6.845162],[79.868149,6.845163],[79.86815,6.844711],[79.867697,6.84471],[79.867696,6.845162]]]}},{"type":"Feature","properties":{"id":981.0,"fsi":0.4301,"gsi":0.4301,"osr":0.5699,"entropy":0.1713,"umi":0.352,"landuse":"Residential","cent":0.219},"geometry":{"type":"Polygon","coordinates":[[[79.867697,6.84471],[79.86815,6.844711],[79.868151,6.844259],[79.867698,6.844258],[79.867697,6.84471]]]}},{"type":"Feature","properties":{"id":982.0,"fsi":0.6177,"gsi":0.6177,"osr":0.3823,"entropy":0.315,"umi":0.4056,"landuse":"Residential","cent":0.1624},"geometry":{"type":"Polygon","coordinates":[[[79.867698,6.844258],[79.868151,6.844259],[79.868152,6.843807],[79.867699,6.843806],[79.867698,6.844258]]]}},{"type":"Feature","properties":{"id":983.0,"fsi":0.376,"gsi":0.376,"osr":0.624,"entropy":0.2397,"umi":0.3415,"landuse":"Cultural","cent":0.1112},"geometry":{"type":"Polygon","coordinates":[[[79.867699,6.843806],[79.868152,6.843807],[79.868153,6.843355],[79.8677,6.843354],[79.867699,6.843806]]]}},{"type":"Feature","properties":{"id":984.0,"fsi":0.4469,"gsi":0.4469,"osr":0.5531,"entropy":0.323,"umi":0.4129,"landuse":"Residential","cent":0.2922},"geometry":{"type":"Polygon","coordinates":[[[79.8677,6.843354],[79.868153,6.843355],[79.868154,6.842902],[79.867701,6.842901],[79.8677,6.843354]]]}},{"type":"Feature","properties":{"id":985.0,"fsi":0.4123,"gsi":0.4123,"osr":0.5877,"entropy":0.006,"umi":0.2869,"landuse":"Residential","cent":0.1451},"geometry":{"type":"Polygon","coordinates":[[[79.867701,6.842901],[79.868154,6.842902],[79.868155,6.84245],[79.867702,6.842449],[79.867701,6.842901]]]}},{"type":"Feature","properties":{"id":986.0,"fsi":0.2708,"gsi":0.2708,"osr":0.7292,"entropy":0.155,"umi":0.3629,"landuse":"Residential","cent":0.3917},"geometry":{"type":"Polygon","coordinates":[[[79.868149,6.842243],[79.867914,6.842175],[79.867703,6.842148],[79.867702,6.842449],[79.868155,6.84245],[79.868155,6.842245],[79.868149,6.842243]]]}},{"type":"Feature","properties":{"id":990.0,"fsi":0.2664,"gsi":0.2664,"osr":0.7336,"entropy":0.4129,"umi":0.3998,"landuse":"Transport","cent":0.222},"geometry":{"type":"Polygon","coordinates":[[[79.868276,6.863825],[79.868396,6.863705],[79.868105,6.863704],[79.868104,6.864009],[79.868276,6.863825]]]}},{"type":"Feature","properties":{"id":991.0,"fsi":0.089,"gsi":0.089,"osr":0.911,"entropy":0.3348,"umi":0.3756,"landuse":"Commercial","cent":0.3235},"geometry":{"type":"Polygon","coordinates":[[[79.868396,6.863705],[79.868535,6.863565],[79.868558,6.863535],[79.868558,6.863253],[79.868106,6.863252],[79.868105,6.863704],[79.868396,6.863705]]]}},{"type":"Feature","properties":{"id":992.0,"fsi":0.1011,"gsi":0.1011,"osr":0.8989,"entropy":0.2627,"umi":0.3262,"landuse":"Residential","cent":0.1798},"geometry":{"type":"Polygon","coordinates":[[[79.868106,6.863252],[79.868558,6.863253],[79.868559,6.862801],[79.868107,6.8628],[79.868106,6.863252]]]}},{"type":"Feature","properties":{"id":993.0,"fsi":0.1589,"gsi":0.1589,"osr":0.8411,"entropy":0.0351,"umi":0.2606,"landuse":"Residential","cent":0.1399},"geometry":{"type":"Polygon","coordinates":[[[79.868107,6.8628],[79.868559,6.862801],[79.86856,6.862349],[79.868108,6.862348],[79.868107,6.8628]]]}},{"type":"Feature","properties":{"id":994.0,"fsi":0.1158,"gsi":0.1158,"osr":0.8842,"entropy":0.0,"umi":0.2415,"landuse":"Residential","cent":0.1236},"geometry":{"type":"Polygon","coordinates":[[[79.868108,6.862348],[79.86856,6.862349],[79.868562,6.861896],[79.868109,6.861895],[79.868108,6.862348]]]}},{"type":"Feature","properties":{"id":995.0,"fsi":0.0997,"gsi":0.0997,"osr":0.9003,"entropy":0.2141,"umi":0.3003,"landuse":"Residential","cent":0.1236},"geometry":{"type":"Polygon","coordinates":[[[79.868109,6.861895],[79.868562,6.861896],[79.868563,6.861444],[79.86811,6.861443],[79.868109,6.861895]]]}},{"type":"Feature","properties":{"id":996.0,"fsi":0.0,"gsi":0.0,"osr":1.0,"entropy":0.239,"umi":0.299,"landuse":"Industrial","cent":0.1458},"geometry":{"type":"Polygon","coordinates":[[[79.86811,6.861443],[79.868563,6.861444],[79.868564,6.860992],[79.868111,6.860991],[79.86811,6.861443]]]}},{"type":"Feature","properties":{"id":997.0,"fsi":0.1413,"gsi":0.1413,"osr":0.8587,"entropy":0.3347,"umi":0.3481,"landuse":"Residential","cent":0.161},"geometry":{"type":"Polygon","coordinates":[[[79.868111,6.860991],[79.868564,6.860992],[79.868565,6.86054],[79.868112,6.860539],[79.868111,6.860991]]]}},{"type":"Feature","properties":{"id":998.0,"fsi":0.3891,"gsi":0.3891,"osr":0.6109,"entropy":0.2602,"umi":0.3624,"landuse":"Residential","cent":0.1741},"geometry":{"type":"Polygon","coordinates":[[[79.868112,6.860539],[79.868565,6.86054],[79.868566,6.860088],[79.868113,6.860086],[79.868112,6.860539]]]}},{"type":"Feature","properties":{"id":999.0,"fsi":0.3384,"gsi":0.3384,"osr":0.6616,"entropy":0.2101,"umi":0.3615,"landuse":"Residential","cent":0.2691},"geometry":{"type":"Polygon","coordinates":[[[79.868113,6.860086],[79.868566,6.860088],[79.868567,6.859635],[79.868114,6.859634],[79.868113,6.860086]]]}},{"type":"Feature","properties":{"id":1000.0,"fsi":0.4728,"gsi":0.4728,"osr":0.5272,"entropy":0.1844,"umi":0.3578,"landuse":"Residential","cent":0.2025},"geometry":{"type":"Polygon","coordinates":[[[79.868114,6.859634],[79.868567,6.859635],[79.868568,6.859183],[79.868115,6.859182],[79.868114,6.859634]]]}},{"type":"Feature","properties":{"id":1001.0,"fsi":0.2418,"gsi":0.2418,"osr":0.7582,"entropy":0.1812,"umi":0.3285,"landuse":"Residential","cent":0.2124},"geometry":{"type":"Polygon","coordinates":[[[79.868115,6.859182],[79.868568,6.859183],[79.868569,6.858731],[79.868117,6.85873],[79.868115,6.859182]]]}},{"type":"Feature","properties":{"id":1002.0,"fsi":0.5094,"gsi":0.5094,"osr":0.4906,"entropy":0.1169,"umi":0.3288,"landuse":"Residential","cent":0.1333},"geometry":{"type":"Polygon","coordinates":[[[79.868117,6.85873],[79.868569,6.858731],[79.86857,6.858279],[79.868118,6.858278],[79.868117,6.85873]]]}},{"type":"Feature","properties":{"id":1003.0,"fsi":0.3704,"gsi":0.3704,"osr":0.6296,"entropy":0.0,"umi":0.2586,"landuse":"Institutional","cent":0.0456},"geometry":{"type":"Polygon","coordinates":[[[79.868118,6.858278],[79.86857,6.858279],[79.868571,6.857826],[79.868119,6.857825],[79.868118,6.858278]]]}},{"type":"Feature","properties":{"id":1004.0,"fsi":0.0188,"gsi":0.0188,"osr":0.9812,"entropy":0.047,"umi":0.2255,"landuse":"Institutional","cent":0.0456},"geometry":{"type":"Polygon","coordinates":[[[79.868119,6.857825],[79.868571,6.857826],[79.868572,6.857374],[79.86812,6.857373],[79.868119,6.857825]]]}},{"type":"Feature","properties":{"id":1005.0,"fsi":0.4002,"gsi":0.4002,"osr":0.5998,"entropy":0.2549,"umi":0.3532,"landuse":"Institutional","cent":0.1311},"geometry":{"type":"Polygon","coordinates":[[[79.86812,6.857373],[79.868572,6.857374],[79.868573,6.856922],[79.868121,6.856921],[79.86812,6.857373]]]}},{"type":"Feature","properties":{"id":1006.0,"fsi":0.3431,"gsi":0.3431,"osr":0.6569,"entropy":0.4757,"umi":0.4416,"landuse":"Institutional","cent":0.2874},"geometry":{"type":"Polygon","coordinates":[[[79.868121,6.856921],[79.868573,6.856922],[79.868574,6.85647],[79.868122,6.856469],[79.868121,6.856921]]]}},{"type":"Feature","properties":{"id":1007.0,"fsi":0.3951,"gsi":0.3951,"osr":0.6049,"entropy":0.1636,"umi":0.3253,"landuse":"Residential","cent":0.1251},"geometry":{"type":"Polygon","coordinates":[[[79.868122,6.856469],[79.868574,6.85647],[79.868575,6.856018],[79.868123,6.856017],[79.868122,6.856469]]]}},{"type":"Feature","properties":{"id":1008.0,"fsi":0.2767,"gsi":0.2767,"osr":0.7233,"entropy":0.0,"umi":0.261,"landuse":"Residential","cent":0.1156},"geometry":{"type":"Polygon","coordinates":[[[79.868123,6.856017],[79.868575,6.856018],[79.868576,6.855565],[79.868124,6.855564],[79.868123,6.856017]]]}},{"type":"Feature","properties":{"id":1009.0,"fsi":0.3378,"gsi":0.3378,"osr":0.6622,"entropy":0.0,"umi":0.262,"landuse":"Residential","cent":0.082},"geometry":{"type":"Polygon","coordinates":[[[79.868124,6.855564],[79.868576,6.855565],[79.868578,6.855113],[79.868125,6.855112],[79.868124,6.855564]]]}},{"type":"Feature","properties":{"id":1010.0,"fsi":0.2011,"gsi":0.2011,"osr":0.7989,"entropy":0.2407,"umi":0.3082,"landuse":"Residential","cent":0.062},"geometry":{"type":"Polygon","coordinates":[[[79.868125,6.855112],[79.868578,6.855113],[79.868579,6.854661],[79.868126,6.85466],[79.868125,6.855112]]]}},{"type":"Feature","properties":{"id":1011.0,"fsi":0.362,"gsi":0.362,"osr":0.638,"entropy":0.2623,"umi":0.3579,"landuse":"Residential","cent":0.1673},"geometry":{"type":"Polygon","coordinates":[[[79.868126,6.85466],[79.868579,6.854661],[79.86858,6.854209],[79.868127,6.854208],[79.868126,6.85466]]]}},{"type":"Feature","properties":{"id":1012.0,"fsi":0.4928,"gsi":0.4928,"osr":0.5072,"entropy":0.1406,"umi":0.3595,"landuse":"Residential","cent":0.2568},"geometry":{"type":"Polygon","coordinates":[[[79.868127,6.854208],[79.86858,6.854209],[79.868581,6.853757],[79.868128,6.853755],[79.868127,6.854208]]]}},{"type":"Feature","properties":{"id":1013.0,"fsi":0.3967,"gsi":0.3967,"osr":0.6033,"entropy":0.1999,"umi":0.3543,"landuse":"Residential","cent":0.2122},"geometry":{"type":"Polygon","coordinates":[[[79.868128,6.853755],[79.868581,6.853757],[79.868582,6.853304],[79.868129,6.853303],[79.868128,6.853755]]]}},{"type":"Feature","properties":{"id":1014.0,"fsi":0.4812,"gsi":0.4812,"osr":0.5188,"entropy":0.1555,"umi":0.3497,"landuse":"Residential","cent":0.1976},"geometry":{"type":"Polygon","coordinates":[[[79.868129,6.853303],[79.868582,6.853304],[79.868583,6.852852],[79.86813,6.852851],[79.868129,6.853303]]]}},{"type":"Feature","properties":{"id":1015.0,"fsi":0.5046,"gsi":0.5046,"osr":0.4954,"entropy":0.1199,"umi":0.3646,"landuse":"Residential","cent":0.3015},"geometry":{"type":"Polygon","coordinates":[[[79.86813,6.852851],[79.868583,6.852852],[79.868584,6.8524],[79.868131,6.852399],[79.86813,6.852851]]]}},{"type":"Feature","properties":{"id":1016.0,"fsi":0.5209,"gsi":0.5209,"osr":0.4791,"entropy":0.1394,"umi":0.3591,"landuse":"Residential","cent":0.239},"geometry":{"type":"Polygon","coordinates":[[[79.868131,6.852399],[79.868584,6.8524],[79.868585,6.851948],[79.868133,6.851947],[79.868131,6.852399]]]}},{"type":"Feature","properties":{"id":1017.0,"fsi":0.4686,"gsi":0.4686,"osr":0.5314,"entropy":0.1459,"umi":0.3542,"landuse":"Residential","cent":0.2398},"geometry":{"type":"Polygon","coordinates":[[[79.868133,6.851947],[79.868585,6.851948],[79.868586,6.851495],[79.868134,6.851494],[79.868133,6.851947]]]}},{"type":"Feature","properties":{"id":1018.0,"fsi":0.4773,"gsi":0.4773,"osr":0.5227,"entropy":0.1485,"umi":0.3845,"landuse":"Residential","cent":0.3737},"geometry":{"type":"Polygon","coordinates":[[[79.868134,6.851494],[79.868586,6.851495],[79.868587,6.851043],[79.868135,6.851042],[79.868134,6.851494]]]}},{"type":"Feature","properties":{"id":1019.0,"fsi":0.3039,"gsi":0.3039,"osr":0.6961,"entropy":0.5202,"umi":0.5204,"landuse":"Commercial","cent":0.6239},"geometry":{"type":"Polygon","coordinates":[[[79.868135,6.851042],[79.868587,6.851043],[79.868588,6.850591],[79.868136,6.85059],[79.868135,6.851042]]]}},{"type":"Feature","properties":{"id":1020.0,"fsi":0.2681,"gsi":0.2681,"osr":0.7319,"entropy":0.3441,"umi":0.3925,"landuse":"Residential","cent":0.2791},"geometry":{"type":"Polygon","coordinates":[[[79.868136,6.85059],[79.868588,6.850591],[79.868589,6.850139],[79.868137,6.850138],[79.868136,6.85059]]]}},{"type":"Feature","properties":{"id":1021.0,"fsi":0.2443,"gsi":0.2443,"osr":0.7557,"entropy":0.2786,"umi":0.3359,"landuse":"Residential","cent":0.1146},"geometry":{"type":"Polygon","coordinates":[[[79.868137,6.850138],[79.868589,6.850139],[79.86859,6.849687],[79.868138,6.849686],[79.868137,6.850138]]]}},{"type":"Feature","properties":{"id":1022.0,"fsi":0.314,"gsi":0.314,"osr":0.686,"entropy":0.4285,"umi":0.422,"landuse":"Residential","cent":0.2764},"geometry":{"type":"Polygon","coordinates":[[[79.868138,6.849686],[79.86859,6.849687],[79.868591,6.849234],[79.868139,6.849233],[79.868138,6.849686]]]}},{"type":"Feature","properties":{"id":1023.0,"fsi":0.3056,"gsi":0.3056,"osr":0.6944,"entropy":0.0,"umi":0.2981,"landuse":"Cultural","cent":0.2725},"geometry":{"type":"Polygon","coordinates":[[[79.868139,6.849233],[79.868591,6.849234],[79.868592,6.848782],[79.86814,6.848781],[79.868139,6.849233]]]}},{"type":"Feature","properties":{"id":1024.0,"fsi":0.3148,"gsi":0.3148,"osr":0.6852,"entropy":0.0,"umi":0.2782,"landuse":"Cultural","cent":0.1729},"geometry":{"type":"Polygon","coordinates":[[[79.86814,6.848781],[79.868592,6.848782],[79.868594,6.84833],[79.868141,6.848329],[79.86814,6.848781]]]}},{"type":"Feature","properties":{"id":1025.0,"fsi":0.5579,"gsi":0.5579,"osr":0.4421,"entropy":0.1578,"umi":0.4071,"landuse":"Residential","cent":0.4174},"geometry":{"type":"Polygon","coordinates":[[[79.868141,6.848329],[79.868594,6.84833],[79.868595,6.847878],[79.868142,6.847877],[79.868141,6.848329]]]}},{"type":"Feature","properties":{"id":1026.0,"fsi":0.5072,"gsi":0.5072,"osr":0.4928,"entropy":0.4037,"umi":0.4595,"landuse":"Commercial","cent":0.3661},"geometry":{"type":"Polygon","coordinates":[[[79.868142,6.847877],[79.868595,6.847878],[79.868596,6.847426],[79.868143,6.847425],[79.868142,6.847877]]]}},{"type":"Feature","properties":{"id":1027.0,"fsi":0.5651,"gsi":0.5651,"osr":0.4349,"entropy":0.2103,"umi":0.3898,"landuse":"Residential","cent":0.2612},"geometry":{"type":"Polygon","coordinates":[[[79.868143,6.847425],[79.868596,6.847426],[79.868597,6.846973],[79.868144,6.846972],[79.868143,6.847425]]]}},{"type":"Feature","properties":{"id":1028.0,"fsi":0.4537,"gsi":0.4537,"osr":0.5463,"entropy":0.1244,"umi":0.3507,"landuse":"Residential","cent":0.2612},"geometry":{"type":"Polygon","coordinates":[[[79.868144,6.846972],[79.868597,6.846973],[79.868598,6.846521],[79.868145,6.84652],[79.868144,6.846972]]]}},{"type":"Feature","properties":{"id":1029.0,"fsi":0.4452,"gsi":0.4452,"osr":0.5548,"entropy":0.3784,"umi":0.4013,"landuse":"Residential","cent":0.1643},"geometry":{"type":"Polygon","coordinates":[[[79.868145,6.84652],[79.868598,6.846521],[79.868599,6.846069],[79.868146,6.846068],[79.868145,6.84652]]]}},{"type":"Feature","properties":{"id":1030.0,"fsi":0.2902,"gsi":0.2902,"osr":0.7098,"entropy":0.4285,"umi":0.3895,"landuse":"Residential","cent":0.1376},"geometry":{"type":"Polygon","coordinates":[[[79.868146,6.846068],[79.868599,6.846069],[79.8686,6.845617],[79.868147,6.845616],[79.868146,6.846068]]]}},{"type":"Feature","properties":{"id":1031.0,"fsi":0.3969,"gsi":0.3969,"osr":0.6031,"entropy":0.3665,"umi":0.4159,"landuse":"Residential","cent":0.2793},"geometry":{"type":"Polygon","coordinates":[[[79.868147,6.845616],[79.8686,6.845617],[79.868601,6.845165],[79.868149,6.845163],[79.868147,6.845616]]]}},{"type":"Feature","properties":{"id":1032.0,"fsi":0.4891,"gsi":0.4891,"osr":0.5109,"entropy":0.1393,"umi":0.3748,"landuse":"Residential","cent":0.3331},"geometry":{"type":"Polygon","coordinates":[[[79.868149,6.845163],[79.868601,6.845165],[79.868602,6.844712],[79.86815,6.844711],[79.868149,6.845163]]]}},{"type":"Feature","properties":{"id":1033.0,"fsi":0.4267,"gsi":0.4267,"osr":0.5733,"entropy":0.1158,"umi":0.3628,"landuse":"Residential","cent":0.3467},"geometry":{"type":"Polygon","coordinates":[[[79.86815,6.844711],[79.868602,6.844712],[79.868603,6.84426],[79.868151,6.844259],[79.86815,6.844711]]]}},{"type":"Feature","properties":{"id":1034.0,"fsi":0.315,"gsi":0.315,"osr":0.685,"entropy":0.2565,"umi":0.3528,"landuse":"Residential","cent":0.1803},"geometry":{"type":"Polygon","coordinates":[[[79.868151,6.844259],[79.868603,6.84426],[79.868604,6.843808],[79.868152,6.843807],[79.868151,6.844259]]]}},{"type":"Feature","properties":{"id":1035.0,"fsi":0.4,"gsi":0.4,"osr":0.6,"entropy":0.2415,"umi":0.388,"landuse":"Residential","cent":0.3134},"geometry":{"type":"Polygon","coordinates":[[[79.868152,6.843807],[79.868604,6.843808],[79.868605,6.843356],[79.868153,6.843355],[79.868152,6.843807]]]}},{"type":"Feature","properties":{"id":1036.0,"fsi":0.4045,"gsi":0.4045,"osr":0.5955,"entropy":0.2586,"umi":0.3914,"landuse":"Residential","cent":0.3039},"geometry":{"type":"Polygon","coordinates":[[[79.868153,6.843355],[79.868605,6.843356],[79.868606,6.842903],[79.868154,6.842902],[79.868153,6.843355]]]}},{"type":"Feature","properties":{"id":1037.0,"fsi":0.4436,"gsi":0.4436,"osr":0.5564,"entropy":0.0,"umi":0.2951,"landuse":"Residential","cent":0.1723},"geometry":{"type":"Polygon","coordinates":[[[79.868154,6.842902],[79.868606,6.842903],[79.868607,6.842451],[79.868155,6.84245],[79.868154,6.842902]]]}},{"type":"Feature","properties":{"id":1038.0,"fsi":0.5703,"gsi":0.5703,"osr":0.4297,"entropy":0.1945,"umi":0.4096,"landuse":"Residential","cent":0.3724},"geometry":{"type":"Polygon","coordinates":[[[79.86859,6.842303],[79.868506,6.842297],[79.868398,6.842295],[79.868306,6.84229],[79.868237,6.842274],[79.868155,6.842245],[79.868155,6.84245],[79.868607,6.842451],[79.868608,6.842306],[79.86859,6.842303]]]}},{"type":"Feature","properties":{"id":1043.0,"fsi":0.0,"gsi":0.0,"osr":1.0,"entropy":0.4603,"umi":0.3782,"landuse":"Water","cent":0.2226},"geometry":{"type":"Polygon","coordinates":[[[79.868777,6.863254],[79.868558,6.863253],[79.868558,6.863535],[79.868777,6.863254]]]}},{"type":"Feature","properties":{"id":1044.0,"fsi":0.191,"gsi":0.191,"osr":0.809,"entropy":0.2766,"umi":0.3454,"landuse":"Residential","cent":0.1955},"geometry":{"type":"Polygon","coordinates":[[[79.869012,6.862952],[79.869012,6.862802],[79.868559,6.862801],[79.868558,6.863253],[79.868777,6.863254],[79.869012,6.862952]]]}},{"type":"Feature","properties":{"id":1045.0,"fsi":0.1503,"gsi":0.1503,"osr":0.8497,"entropy":0.0473,"umi":0.269,"landuse":"Residential","cent":0.1683},"geometry":{"type":"Polygon","coordinates":[[[79.868559,6.862801],[79.869012,6.862802],[79.869013,6.86235],[79.86856,6.862349],[79.868559,6.862801]]]}},{"type":"Feature","properties":{"id":1046.0,"fsi":0.325,"gsi":0.325,"osr":0.675,"entropy":0.1073,"umi":0.2996,"landuse":"Residential","cent":0.1236},"geometry":{"type":"Polygon","coordinates":[[[79.86856,6.862349],[79.869013,6.86235],[79.869014,6.861897],[79.868562,6.861896],[79.86856,6.862349]]]}},{"type":"Feature","properties":{"id":1047.0,"fsi":0.1975,"gsi":0.1975,"osr":0.8025,"entropy":0.0952,"umi":0.2808,"landuse":"Residential","cent":0.1302},"geometry":{"type":"Polygon","coordinates":[[[79.868562,6.861896],[79.869014,6.861897],[79.869015,6.861445],[79.868563,6.861444],[79.868562,6.861896]]]}},{"type":"Feature","properties":{"id":1048.0,"fsi":0.3214,"gsi":0.3214,"osr":0.6786,"entropy":0.1319,"umi":0.3099,"landuse":"Residential","cent":0.1413},"geometry":{"type":"Polygon","coordinates":[[[79.868563,6.861444],[79.869015,6.861445],[79.869016,6.860993],[79.868564,6.860992],[79.868563,6.861444]]]}},{"type":"Feature","properties":{"id":1049.0,"fsi":0.5002,"gsi":0.5002,"osr":0.4998,"entropy":0.075,"umi":0.3199,"landuse":"Residential","cent":0.1534},"geometry":{"type":"Polygon","coordinates":[[[79.868564,6.860992],[79.869016,6.860993],[79.869017,6.860541],[79.868565,6.86054],[79.868564,6.860992]]]}},{"type":"Feature","properties":{"id":1050.0,"fsi":0.566,"gsi":0.566,"osr":0.434,"entropy":0.1199,"umi":0.343,"landuse":"Residential","cent":0.161},"geometry":{"type":"Polygon","coordinates":[[[79.868565,6.86054],[79.869017,6.860541],[79.869018,6.860089],[79.868566,6.860088],[79.868565,6.86054]]]}},{"type":"Feature","properties":{"id":1051.0,"fsi":0.3361,"gsi":0.3361,"osr":0.6639,"entropy":0.1234,"umi":0.3514,"landuse":"Residential","cent":0.3391},"geometry":{"type":"Polygon","coordinates":[[[79.868566,6.860088],[79.869018,6.860089],[79.869019,6.859636],[79.868567,6.859635],[79.868566,6.860088]]]}},{"type":"Feature","properties":{"id":1052.0,"fsi":0.5873,"gsi":0.5873,"osr":0.4127,"entropy":0.0,"umi":0.3484,"landuse":"Residential","cent":0.3345},"geometry":{"type":"Polygon","coordinates":[[[79.868567,6.859635],[79.869019,6.859636],[79.86902,6.859184],[79.868568,6.859183],[79.868567,6.859635]]]}},{"type":"Feature","properties":{"id":1053.0,"fsi":0.2836,"gsi":0.2836,"osr":0.7164,"entropy":0.2023,"umi":0.348,"landuse":"Residential","cent":0.2498},"geometry":{"type":"Polygon","coordinates":[[[79.868568,6.859183],[79.86902,6.859184],[79.869021,6.858732],[79.868569,6.858731],[79.868568,6.859183]]]}},{"type":"Feature","properties":{"id":1054.0,"fsi":0.5591,"gsi":0.5591,"osr":0.4409,"entropy":0.1213,"umi":0.3615,"landuse":"Residential","cent":0.2509},"geometry":{"type":"Polygon","coordinates":[[[79.868569,6.858731],[79.869021,6.858732],[79.869023,6.85828],[79.86857,6.858279],[79.868569,6.858731]]]}},{"type":"Feature","properties":{"id":1055.0,"fsi":0.5451,"gsi":0.5451,"osr":0.4549,"entropy":0.2781,"umi":0.3726,"landuse":"Institutional","cent":0.1012},"geometry":{"type":"Polygon","coordinates":[[[79.86857,6.858279],[79.869023,6.85828],[79.869024,6.857828],[79.868571,6.857826],[79.86857,6.858279]]]}},{"type":"Feature","properties":{"id":1056.0,"fsi":0.4243,"gsi":0.4243,"osr":0.5757,"entropy":0.2789,"umi":0.3656,"landuse":"Institutional","cent":0.1424},"geometry":{"type":"Polygon","coordinates":[[[79.868571,6.857826],[79.869024,6.857828],[79.869025,6.857375],[79.868572,6.857374],[79.868571,6.857826]]]}},{"type":"Feature","properties":{"id":1057.0,"fsi":0.4746,"gsi":0.4746,"osr":0.5254,"entropy":0.0,"umi":0.2904,"landuse":"Residential","cent":0.1311},"geometry":{"type":"Polygon","coordinates":[[[79.868572,6.857374],[79.869025,6.857375],[79.869026,6.856923],[79.868573,6.856922],[79.868572,6.857374]]]}},{"type":"Feature","properties":{"id":1058.0,"fsi":0.4549,"gsi":0.4549,"osr":0.5451,"entropy":0.4644,"umi":0.4398,"landuse":"Residential","cent":0.2244},"geometry":{"type":"Polygon","coordinates":[[[79.868573,6.856922],[79.869026,6.856923],[79.869027,6.856471],[79.868574,6.85647],[79.868573,6.856922]]]}},{"type":"Feature","properties":{"id":1059.0,"fsi":0.5094,"gsi":0.5094,"osr":0.4906,"entropy":0.0995,"umi":0.3217,"landuse":"Residential","cent":0.1234},"geometry":{"type":"Polygon","coordinates":[[[79.868574,6.85647],[79.869027,6.856471],[79.869028,6.856019],[79.868575,6.856018],[79.868574,6.85647]]]}},{"type":"Feature","properties":{"id":1060.0,"fsi":0.4924,"gsi":0.4924,"osr":0.5076,"entropy":0.0,"umi":0.2882,"landuse":"Residential","cent":0.1093},"geometry":{"type":"Polygon","coordinates":[[[79.868575,6.856018],[79.869028,6.856019],[79.869029,6.855566],[79.868576,6.855565],[79.868575,6.856018]]]}},{"type":"Feature","properties":{"id":1061.0,"fsi":0.5239,"gsi":0.5239,"osr":0.4761,"entropy":0.0508,"umi":0.2974,"landuse":"Residential","cent":0.0651},"geometry":{"type":"Polygon","coordinates":[[[79.868576,6.855565],[79.869029,6.855566],[79.86903,6.855114],[79.868578,6.855113],[79.868576,6.855565]]]}},{"type":"Feature","properties":{"id":1062.0,"fsi":0.2859,"gsi":0.2859,"osr":0.7141,"entropy":0.2978,"umi":0.3338,"landuse":"Residential","cent":0.0531},"geometry":{"type":"Polygon","coordinates":[[[79.868578,6.855113],[79.86903,6.855114],[79.869031,6.854662],[79.868579,6.854661],[79.868578,6.855113]]]}},{"type":"Feature","properties":{"id":1063.0,"fsi":0.4635,"gsi":0.4635,"osr":0.5365,"entropy":0.1187,"umi":0.3196,"landuse":"Residential","cent":0.1161},"geometry":{"type":"Polygon","coordinates":[[[79.868579,6.854661],[79.869031,6.854662],[79.869032,6.85421],[79.86858,6.854209],[79.868579,6.854661]]]}},{"type":"Feature","properties":{"id":1064.0,"fsi":0.5154,"gsi":0.5154,"osr":0.4846,"entropy":0.126,"umi":0.3634,"landuse":"Residential","cent":0.2808},"geometry":{"type":"Polygon","coordinates":[[[79.86858,6.854209],[79.869032,6.85421],[79.869033,6.853758],[79.868581,6.853757],[79.86858,6.854209]]]}},{"type":"Feature","properties":{"id":1065.0,"fsi":0.4665,"gsi":0.4665,"osr":0.5335,"entropy":0.0,"umi":0.3211,"landuse":"Residential","cent":0.2808},"geometry":{"type":"Polygon","coordinates":[[[79.868581,6.853757],[79.869033,6.853758],[79.869034,6.853305],[79.868582,6.853304],[79.868581,6.853757]]]}},{"type":"Feature","properties":{"id":1066.0,"fsi":0.5348,"gsi":0.5348,"osr":0.4652,"entropy":0.0,"umi":0.2953,"landuse":"Residential","cent":0.1166},"geometry":{"type":"Polygon","coordinates":[[[79.868582,6.853304],[79.869034,6.853305],[79.869035,6.852853],[79.868583,6.852852],[79.868582,6.853304]]]}},{"type":"Feature","properties":{"id":1067.0,"fsi":0.492,"gsi":0.492,"osr":0.508,"entropy":0.0,"umi":0.2829,"landuse":"Residential","cent":0.0847},"geometry":{"type":"Polygon","coordinates":[[[79.868583,6.852852],[79.869035,6.852853],[79.869036,6.852401],[79.868584,6.8524],[79.868583,6.852852]]]}},{"type":"Feature","properties":{"id":1068.0,"fsi":0.4614,"gsi":0.4614,"osr":0.5386,"entropy":0.0,"umi":0.2714,"landuse":"Residential","cent":0.0495},"geometry":{"type":"Polygon","coordinates":[[[79.868584,6.8524],[79.869036,6.852401],[79.869037,6.851949],[79.868585,6.851948],[79.868584,6.8524]]]}},{"type":"Feature","properties":{"id":1069.0,"fsi":0.6272,"gsi":0.6272,"osr":0.3728,"entropy":0.1189,"umi":0.3694,"landuse":"Residential","cent":0.2491},"geometry":{"type":"Polygon","coordinates":[[[79.868585,6.851948],[79.869037,6.851949],[79.869039,6.851497],[79.868586,6.851495],[79.868585,6.851948]]]}},{"type":"Feature","properties":{"id":1070.0,"fsi":0.5893,"gsi":0.5893,"osr":0.4107,"entropy":0.1541,"umi":0.3858,"landuse":"Residential","cent":0.3023},"geometry":{"type":"Polygon","coordinates":[[[79.868586,6.851495],[79.869039,6.851497],[79.86904,6.851044],[79.868587,6.851043],[79.868586,6.851495]]]}},{"type":"Feature","properties":{"id":1071.0,"fsi":0.4053,"gsi":0.4053,"osr":0.5947,"entropy":0.5163,"umi":0.5289,"landuse":"Commercial","cent":0.606},"geometry":{"type":"Polygon","coordinates":[[[79.868587,6.851043],[79.86904,6.851044],[79.869041,6.850592],[79.868588,6.850591],[79.868587,6.851043]]]}},{"type":"Feature","properties":{"id":1072.0,"fsi":0.4211,"gsi":0.4211,"osr":0.5789,"entropy":0.3523,"umi":0.4315,"landuse":"Residential","cent":0.3566},"geometry":{"type":"Polygon","coordinates":[[[79.868588,6.850591],[79.869041,6.850592],[79.869042,6.85014],[79.868589,6.850139],[79.868588,6.850591]]]}},{"type":"Feature","properties":{"id":1073.0,"fsi":0.3603,"gsi":0.3603,"osr":0.6397,"entropy":0.096,"umi":0.3619,"landuse":"Residential","cent":0.4104},"geometry":{"type":"Polygon","coordinates":[[[79.868589,6.850139],[79.869042,6.85014],[79.869043,6.849688],[79.86859,6.849687],[79.868589,6.850139]]]}},{"type":"Feature","properties":{"id":1074.0,"fsi":0.3684,"gsi":0.3684,"osr":0.6316,"entropy":0.0404,"umi":0.3228,"landuse":"Residential","cent":0.2956},"geometry":{"type":"Polygon","coordinates":[[[79.86859,6.849687],[79.869043,6.849688],[79.869044,6.849235],[79.868591,6.849234],[79.86859,6.849687]]]}},{"type":"Feature","properties":{"id":1075.0,"fsi":0.3717,"gsi":0.3717,"osr":0.6283,"entropy":0.1952,"umi":0.3571,"landuse":"Residential","cent":0.2475},"geometry":{"type":"Polygon","coordinates":[[[79.868591,6.849234],[79.869044,6.849235],[79.869045,6.848783],[79.868592,6.848782],[79.868591,6.849234]]]}},{"type":"Feature","properties":{"id":1076.0,"fsi":0.283,"gsi":0.283,"osr":0.717,"entropy":0.2543,"umi":0.3659,"landuse":"Residential","cent":0.2647},"geometry":{"type":"Polygon","coordinates":[[[79.868592,6.848782],[79.869045,6.848783],[79.869046,6.848331],[79.868594,6.84833],[79.868592,6.848782]]]}},{"type":"Feature","properties":{"id":1077.0,"fsi":0.5619,"gsi":0.5619,"osr":0.4381,"entropy":0.0548,"umi":0.3495,"landuse":"Residential","cent":0.2815},"geometry":{"type":"Polygon","coordinates":[[[79.868594,6.84833],[79.869046,6.848331],[79.869047,6.847879],[79.868595,6.847878],[79.868594,6.84833]]]}},{"type":"Feature","properties":{"id":1078.0,"fsi":0.5203,"gsi":0.5203,"osr":0.4797,"entropy":0.3798,"umi":0.4523,"landuse":"Commercial","cent":0.3564},"geometry":{"type":"Polygon","coordinates":[[[79.868595,6.847878],[79.869047,6.847879],[79.869048,6.847427],[79.868596,6.847426],[79.868595,6.847878]]]}},{"type":"Feature","properties":{"id":1079.0,"fsi":0.5646,"gsi":0.5646,"osr":0.4354,"entropy":0.0649,"umi":0.3316,"landuse":"Residential","cent":0.182},"geometry":{"type":"Polygon","coordinates":[[[79.868596,6.847426],[79.869048,6.847427],[79.869049,6.846974],[79.868597,6.846973],[79.868596,6.847426]]]}},{"type":"Feature","properties":{"id":1080.0,"fsi":0.6891,"gsi":0.5799,"osr":0.4201,"entropy":0.0,"umi":0.3463,"landuse":"Residential","cent":0.2612},"geometry":{"type":"Polygon","coordinates":[[[79.868597,6.846973],[79.869049,6.846974],[79.86905,6.846522],[79.868598,6.846521],[79.868597,6.846973]]]}},{"type":"Feature","properties":{"id":1081.0,"fsi":0.5718,"gsi":0.5718,"osr":0.4282,"entropy":0.2335,"umi":0.3952,"landuse":"Residential","cent":0.2511},"geometry":{"type":"Polygon","coordinates":[[[79.868598,6.846521],[79.86905,6.846522],[79.869051,6.84607],[79.868599,6.846069],[79.868598,6.846521]]]}},{"type":"Feature","properties":{"id":1082.0,"fsi":0.5673,"gsi":0.5673,"osr":0.4327,"entropy":0.2728,"umi":0.392,"landuse":"Residential","cent":0.1861},"geometry":{"type":"Polygon","coordinates":[[[79.868599,6.846069],[79.869051,6.84607],[79.869052,6.845618],[79.8686,6.845617],[79.868599,6.846069]]]}},{"type":"Feature","properties":{"id":1083.0,"fsi":0.4914,"gsi":0.4914,"osr":0.5086,"entropy":0.2669,"umi":0.3758,"landuse":"Residential","cent":0.1646},"geometry":{"type":"Polygon","coordinates":[[[79.8686,6.845617],[79.869052,6.845618],[79.869053,6.845166],[79.868601,6.845165],[79.8686,6.845617]]]}},{"type":"Feature","properties":{"id":1084.0,"fsi":0.5145,"gsi":0.5145,"osr":0.4855,"entropy":0.3935,"umi":0.4536,"landuse":"Residential","cent":0.3477},"geometry":{"type":"Polygon","coordinates":[[[79.868601,6.845165],[79.869053,6.845166],[79.869054,6.844713],[79.868602,6.844712],[79.868601,6.845165]]]}},{"type":"Feature","properties":{"id":1085.0,"fsi":0.4507,"gsi":0.4507,"osr":0.5493,"entropy":0.1346,"umi":0.3728,"landuse":"Residential","cent":0.3537},"geometry":{"type":"Polygon","coordinates":[[[79.868602,6.844712],[79.869054,6.844713],[79.869056,6.844261],[79.868603,6.84426],[79.868602,6.844712]]]}},{"type":"Feature","properties":{"id":1086.0,"fsi":0.2608,"gsi":0.2608,"osr":0.7392,"entropy":0.1639,"umi":0.3357,"landuse":"Residential","cent":0.2576},"geometry":{"type":"Polygon","coordinates":[[[79.868603,6.84426],[79.869056,6.844261],[79.869057,6.843809],[79.868604,6.843808],[79.868603,6.84426]]]}},{"type":"Feature","properties":{"id":1087.0,"fsi":0.3821,"gsi":0.3821,"osr":0.6179,"entropy":0.0,"umi":0.3174,"landuse":"Residential","cent":0.3161},"geometry":{"type":"Polygon","coordinates":[[[79.868604,6.843808],[79.869057,6.843809],[79.869058,6.843357],[79.868605,6.843356],[79.868604,6.843808]]]}},{"type":"Feature","properties":{"id":1088.0,"fsi":0.462,"gsi":0.462,"osr":0.538,"entropy":0.0978,"umi":0.3578,"landuse":"Residential","cent":0.3253},"geometry":{"type":"Polygon","coordinates":[[[79.868605,6.843356],[79.869058,6.843357],[79.869059,6.842905],[79.868606,6.842903],[79.868605,6.843356]]]}},{"type":"Feature","properties":{"id":1089.0,"fsi":0.4499,"gsi":0.4499,"osr":0.5501,"entropy":0.0,"umi":0.2965,"landuse":"Residential","cent":0.1752},"geometry":{"type":"Polygon","coordinates":[[[79.868606,6.842903],[79.869059,6.842905],[79.86906,6.842452],[79.868607,6.842451],[79.868606,6.842903]]]}},{"type":"Feature","properties":{"id":1090.0,"fsi":0.275,"gsi":0.275,"osr":0.725,"entropy":0.2584,"umi":0.347,"landuse":"Residential","cent":0.1752},"geometry":{"type":"Polygon","coordinates":[[[79.868948,6.842404],[79.868833,6.842399],[79.86878,6.842387],[79.868721,6.842353],[79.86866,6.842316],[79.868608,6.842306],[79.868607,6.842451],[79.86906,6.842452],[79.86906,6.842408],[79.868948,6.842404]]]}},{"type":"Feature","properties":{"id":1096.0,"fsi":0.0,"gsi":0.0,"osr":1.0,"entropy":0.0616,"umi":0.2532,"landuse":"Water","cent":0.1683},"geometry":{"type":"Polygon","coordinates":[[[79.869012,6.862952],[79.869127,6.862802],[79.869012,6.862802],[79.869012,6.862952]]]}},{"type":"Feature","properties":{"id":1097.0,"fsi":0.2185,"gsi":0.2185,"osr":0.7815,"entropy":0.3785,"umi":0.3723,"landuse":"Residential","cent":0.1683},"geometry":{"type":"Polygon","coordinates":[[[79.869465,6.862363],[79.869465,6.862351],[79.869013,6.86235],[79.869012,6.862802],[79.869127,6.862802],[79.869465,6.862363]]]}},{"type":"Feature","properties":{"id":1098.0,"fsi":0.3164,"gsi":0.3164,"osr":0.6836,"entropy":0.2496,"umi":0.3309,"landuse":"Residential","cent":0.0851},"geometry":{"type":"Polygon","coordinates":[[[79.869013,6.86235],[79.869465,6.862351],[79.869466,6.861899],[79.869014,6.861897],[79.869013,6.86235]]]}},{"type":"Feature","properties":{"id":1099.0,"fsi":0.236,"gsi":0.236,"osr":0.764,"entropy":0.2242,"umi":0.3156,"landuse":"Residential","cent":0.0973},"geometry":{"type":"Polygon","coordinates":[[[79.869014,6.861897],[79.869466,6.861899],[79.869468,6.861446],[79.869015,6.861445],[79.869014,6.861897]]]}},{"type":"Feature","properties":{"id":1100.0,"fsi":0.1462,"gsi":0.1462,"osr":0.8538,"entropy":0.2592,"umi":0.3151,"landuse":"Residential","cent":0.1041},"geometry":{"type":"Polygon","coordinates":[[[79.869015,6.861445],[79.869468,6.861446],[79.869469,6.860994],[79.869016,6.860993],[79.869015,6.861445]]]}},{"type":"Feature","properties":{"id":1101.0,"fsi":0.4222,"gsi":0.4222,"osr":0.5778,"entropy":0.2312,"umi":0.354,"landuse":"Residential","cent":0.153},"geometry":{"type":"Polygon","coordinates":[[[79.869016,6.860993],[79.869469,6.860994],[79.86947,6.860542],[79.869017,6.860541],[79.869016,6.860993]]]}},{"type":"Feature","properties":{"id":1102.0,"fsi":0.521,"gsi":0.521,"osr":0.479,"entropy":0.1606,"umi":0.3534,"landuse":"Residential","cent":0.1835},"geometry":{"type":"Polygon","coordinates":[[[79.869017,6.860541],[79.86947,6.860542],[79.869471,6.86009],[79.869018,6.860089],[79.869017,6.860541]]]}},{"type":"Feature","properties":{"id":1103.0,"fsi":0.4687,"gsi":0.4687,"osr":0.5313,"entropy":0.1183,"umi":0.3472,"landuse":"Residential","cent":0.2438},"geometry":{"type":"Polygon","coordinates":[[[79.869018,6.860089],[79.869471,6.86009],[79.869472,6.859637],[79.869019,6.859636],[79.869018,6.860089]]]}},{"type":"Feature","properties":{"id":1104.0,"fsi":0.4332,"gsi":0.4332,"osr":0.5668,"entropy":0.0,"umi":0.2807,"landuse":"Residential","cent":0.1111},"geometry":{"type":"Polygon","coordinates":[[[79.869019,6.859636],[79.869472,6.859637],[79.869473,6.859185],[79.86902,6.859184],[79.869019,6.859636]]]}},{"type":"Feature","properties":{"id":1105.0,"fsi":0.3993,"gsi":0.3993,"osr":0.6007,"entropy":0.099,"umi":0.3352,"landuse":"Residential","cent":0.2563},"geometry":{"type":"Polygon","coordinates":[[[79.86902,6.859184],[79.869473,6.859185],[79.869474,6.858733],[79.869021,6.858732],[79.86902,6.859184]]]}},{"type":"Feature","properties":{"id":1106.0,"fsi":0.4222,"gsi":0.4222,"osr":0.5778,"entropy":0.1979,"umi":0.3691,"landuse":"Residential","cent":0.2691},"geometry":{"type":"Polygon","coordinates":[[[79.869021,6.858732],[79.869474,6.858733],[79.869475,6.858281],[79.869023,6.85828],[79.869021,6.858732]]]}},{"type":"Feature","properties":{"id":1107.0,"fsi":0.5219,"gsi":0.5219,"osr":0.4781,"entropy":0.0976,"umi":0.3207,"landuse":"Residential","cent":0.1132},"geometry":{"type":"Polygon","coordinates":[[[79.869023,6.85828],[79.869475,6.858281],[79.869476,6.857829],[79.869024,6.857828],[79.869023,6.85828]]]}},{"type":"Feature","properties":{"id":1108.0,"fsi":0.4628,"gsi":0.4628,"osr":0.5372,"entropy":0.171,"umi":0.3502,"landuse":"Residential","cent":0.1906},"geometry":{"type":"Polygon","coordinates":[[[79.869024,6.857828],[79.869476,6.857829],[79.869477,6.857376],[79.869025,6.857375],[79.869024,6.857828]]]}},{"type":"Feature","properties":{"id":1109.0,"fsi":0.3662,"gsi":0.3662,"osr":0.6338,"entropy":0.2257,"umi":0.3644,"landuse":"Residential","cent":0.2446},"geometry":{"type":"Polygon","coordinates":[[[79.869025,6.857375],[79.869477,6.857376],[79.869478,6.856924],[79.869026,6.856923],[79.869025,6.857375]]]}},{"type":"Feature","properties":{"id":1110.0,"fsi":0.4106,"gsi":0.4106,"osr":0.5894,"entropy":0.3061,"umi":0.3993,"landuse":"Residential","cent":0.2734},"geometry":{"type":"Polygon","coordinates":[[[79.869026,6.856923],[79.869478,6.856924],[79.869479,6.856472],[79.869027,6.856471],[79.869026,6.856923]]]}},{"type":"Feature","properties":{"id":1111.0,"fsi":0.4092,"gsi":0.4092,"osr":0.5908,"entropy":0.1841,"umi":0.3604,"landuse":"Residential","cent":0.2546},"geometry":{"type":"Polygon","coordinates":[[[79.869027,6.856471],[79.869479,6.856472],[79.86948,6.85602],[79.869028,6.856019],[79.869027,6.856471]]]}},{"type":"Feature","properties":{"id":1112.0,"fsi":0.4312,"gsi":0.4312,"osr":0.5688,"entropy":0.1934,"umi":0.3484,"landuse":"Residential","cent":0.1716},"geometry":{"type":"Polygon","coordinates":[[[79.869028,6.856019],[79.86948,6.85602],[79.869481,6.855568],[79.869029,6.855566],[79.869028,6.856019]]]}},{"type":"Feature","properties":{"id":1113.0,"fsi":0.5003,"gsi":0.5003,"osr":0.4997,"entropy":0.2317,"umi":0.352,"landuse":"Residential","cent":0.0946},"geometry":{"type":"Polygon","coordinates":[[[79.869029,6.855566],[79.869481,6.855568],[79.869482,6.855115],[79.86903,6.855114],[79.869029,6.855566]]]}},{"type":"Feature","properties":{"id":1114.0,"fsi":0.4208,"gsi":0.4208,"osr":0.5792,"entropy":0.0218,"umi":0.2711,"landuse":"Residential","cent":0.0441},"geometry":{"type":"Polygon","coordinates":[[[79.86903,6.855114],[79.869482,6.855115],[79.869484,6.854663],[79.869031,6.854662],[79.86903,6.855114]]]}},{"type":"Feature","properties":{"id":1115.0,"fsi":0.4179,"gsi":0.4179,"osr":0.5821,"entropy":0.1251,"umi":0.3158,"landuse":"Residential","cent":0.1179},"geometry":{"type":"Polygon","coordinates":[[[79.869031,6.854662],[79.869484,6.854663],[79.869485,6.854211],[79.869032,6.85421],[79.869031,6.854662]]]}},{"type":"Feature","properties":{"id":1116.0,"fsi":0.5486,"gsi":0.5486,"osr":0.4514,"entropy":0.142,"umi":0.3563,"landuse":"Residential","cent":0.2049},"geometry":{"type":"Polygon","coordinates":[[[79.869032,6.85421],[79.869485,6.854211],[79.869486,6.853759],[79.869033,6.853758],[79.869032,6.85421]]]}},{"type":"Feature","properties":{"id":1117.0,"fsi":0.4589,"gsi":0.4589,"osr":0.5411,"entropy":0.0328,"umi":0.3292,"landuse":"Residential","cent":0.2796},"geometry":{"type":"Polygon","coordinates":[[[79.869033,6.853758],[79.869486,6.853759],[79.869487,6.853306],[79.869034,6.853305],[79.869033,6.853758]]]}},{"type":"Feature","properties":{"id":1118.0,"fsi":0.4448,"gsi":0.4448,"osr":0.5552,"entropy":0.0,"umi":0.2781,"landuse":"Residential","cent":0.0914},"geometry":{"type":"Polygon","coordinates":[[[79.869034,6.853305],[79.869487,6.853306],[79.869488,6.852854],[79.869035,6.852853],[79.869034,6.853305]]]}},{"type":"Feature","properties":{"id":1119.0,"fsi":0.4903,"gsi":0.4903,"osr":0.5097,"entropy":0.0,"umi":0.2763,"landuse":"Residential","cent":0.0545},"geometry":{"type":"Polygon","coordinates":[[[79.869035,6.852853],[79.869488,6.852854],[79.869489,6.852402],[79.869036,6.852401],[79.869035,6.852853]]]}},{"type":"Feature","properties":{"id":1120.0,"fsi":0.4844,"gsi":0.4844,"osr":0.5156,"entropy":0.0,"umi":0.2721,"landuse":"Residential","cent":0.0384},"geometry":{"type":"Polygon","coordinates":[[[79.869036,6.852401],[79.869489,6.852402],[79.86949,6.85195],[79.869037,6.851949],[79.869036,6.852401]]]}},{"type":"Feature","properties":{"id":1121.0,"fsi":0.4003,"gsi":0.4003,"osr":0.5997,"entropy":0.0,"umi":0.2778,"landuse":"Residential","cent":0.1175},"geometry":{"type":"Polygon","coordinates":[[[79.869037,6.851949],[79.86949,6.85195],[79.869491,6.851498],[79.869039,6.851497],[79.869037,6.851949]]]}},{"type":"Feature","properties":{"id":1122.0,"fsi":0.6689,"gsi":0.6689,"osr":0.3311,"entropy":0.0567,"umi":0.3612,"landuse":"Residential","cent":0.2678},"geometry":{"type":"Polygon","coordinates":[[[79.869039,6.851497],[79.869491,6.851498],[79.869492,6.851045],[79.86904,6.851044],[79.869039,6.851497]]]}},{"type":"Feature","properties":{"id":1123.0,"fsi":0.5486,"gsi":0.3525,"osr":0.6475,"entropy":0.5215,"umi":0.5298,"landuse":"Residential","cent":0.514},"geometry":{"type":"Polygon","coordinates":[[[79.86904,6.851044],[79.869492,6.851045],[79.869493,6.850593],[79.869041,6.850592],[79.86904,6.851044]]]}},{"type":"Feature","properties":{"id":1124.0,"fsi":0.4089,"gsi":0.4089,"osr":0.5911,"entropy":0.1324,"umi":0.351,"landuse":"Residential","cent":0.2796},"geometry":{"type":"Polygon","coordinates":[[[79.869041,6.850592],[79.869493,6.850593],[79.869494,6.850141],[79.869042,6.85014],[79.869041,6.850592]]]}},{"type":"Feature","properties":{"id":1125.0,"fsi":0.4864,"gsi":0.4864,"osr":0.5136,"entropy":0.0,"umi":0.3481,"landuse":"Residential","cent":0.396},"geometry":{"type":"Polygon","coordinates":[[[79.869042,6.85014],[79.869494,6.850141],[79.869495,6.849689],[79.869043,6.849688],[79.869042,6.85014]]]}},{"type":"Feature","properties":{"id":1126.0,"fsi":0.4682,"gsi":0.4682,"osr":0.5318,"entropy":0.0,"umi":0.2962,"landuse":"Residential","cent":0.1623},"geometry":{"type":"Polygon","coordinates":[[[79.869043,6.849688],[79.869495,6.849689],[79.869496,6.849237],[79.869044,6.849235],[79.869043,6.849688]]]}},{"type":"Feature","properties":{"id":1127.0,"fsi":0.428,"gsi":0.428,"osr":0.572,"entropy":0.0,"umi":0.2831,"landuse":"Residential","cent":0.1254},"geometry":{"type":"Polygon","coordinates":[[[79.869044,6.849235],[79.869496,6.849237],[79.869497,6.848784],[79.869045,6.848783],[79.869044,6.849235]]]}},{"type":"Feature","properties":{"id":1128.0,"fsi":0.5334,"gsi":0.5334,"osr":0.4666,"entropy":0.0,"umi":0.3057,"landuse":"Residential","cent":0.1664},"geometry":{"type":"Polygon","coordinates":[[[79.869045,6.848783],[79.869497,6.848784],[79.869498,6.848332],[79.869046,6.848331],[79.869045,6.848783]]]}},{"type":"Feature","properties":{"id":1129.0,"fsi":0.5856,"gsi":0.5856,"osr":0.4144,"entropy":0.0,"umi":0.3247,"landuse":"Residential","cent":0.2238},"geometry":{"type":"Polygon","coordinates":[[[79.869046,6.848331],[79.869498,6.848332],[79.8695,6.84788],[79.869047,6.847879],[79.869046,6.848331]]]}},{"type":"Feature","properties":{"id":1130.0,"fsi":0.3655,"gsi":0.3655,"osr":0.6345,"entropy":0.419,"umi":0.4435,"landuse":"Commercial","cent":0.3585},"geometry":{"type":"Polygon","coordinates":[[[79.869047,6.847879],[79.8695,6.84788],[79.869501,6.847428],[79.869048,6.847427],[79.869047,6.847879]]]}},{"type":"Feature","properties":{"id":1131.0,"fsi":0.5932,"gsi":0.5932,"osr":0.4068,"entropy":0.2789,"umi":0.4019,"landuse":"Residential","cent":0.2087},"geometry":{"type":"Polygon","coordinates":[[[79.869048,6.847427],[79.869501,6.847428],[79.869502,6.846976],[79.869049,6.846974],[79.869048,6.847427]]]}},{"type":"Feature","properties":{"id":1132.0,"fsi":0.517,"gsi":0.4519,"osr":0.5481,"entropy":0.0967,"umi":0.3367,"landuse":"Residential","cent":0.1931},"geometry":{"type":"Polygon","coordinates":[[[79.869049,6.846974],[79.869502,6.846976],[79.869503,6.846523],[79.86905,6.846522],[79.869049,6.846974]]]}},{"type":"Feature","properties":{"id":1133.0,"fsi":0.5464,"gsi":0.5448,"osr":0.4552,"entropy":0.0214,"umi":0.3195,"landuse":"Residential","cent":0.1946},"geometry":{"type":"Polygon","coordinates":[[[79.86905,6.846522],[79.869503,6.846523],[79.869504,6.846071],[79.869051,6.84607],[79.86905,6.846522]]]}},{"type":"Feature","properties":{"id":1134.0,"fsi":1.0777,"gsi":0.5808,"osr":0.4192,"entropy":0.0718,"umi":0.4193,"landuse":"Residential","cent":0.2668},"geometry":{"type":"Polygon","coordinates":[[[79.869051,6.84607],[79.869504,6.846071],[79.869505,6.845619],[79.869052,6.845618],[79.869051,6.84607]]]}},{"type":"Feature","properties":{"id":1135.0,"fsi":0.5008,"gsi":0.5008,"osr":0.4992,"entropy":0.249,"umi":0.3838,"landuse":"Residential","cent":0.2208},"geometry":{"type":"Polygon","coordinates":[[[79.869052,6.845618],[79.869505,6.845619],[79.869506,6.845167],[79.869053,6.845166],[79.869052,6.845618]]]}},{"type":"Feature","properties":{"id":1136.0,"fsi":0.4722,"gsi":0.4722,"osr":0.5278,"entropy":0.2249,"umi":0.3712,"landuse":"Residential","cent":0.2117},"geometry":{"type":"Polygon","coordinates":[[[79.869053,6.845166],[79.869506,6.845167],[79.869507,6.844714],[79.869054,6.844713],[79.869053,6.845166]]]}},{"type":"Feature","properties":{"id":1137.0,"fsi":0.4655,"gsi":0.4655,"osr":0.5345,"entropy":0.3779,"umi":0.471,"landuse":"Residential","cent":0.4808},"geometry":{"type":"Polygon","coordinates":[[[79.869054,6.844713],[79.869507,6.844714],[79.869508,6.844262],[79.869056,6.844261],[79.869054,6.844713]]]}},{"type":"Feature","properties":{"id":1138.0,"fsi":0.3448,"gsi":0.3448,"osr":0.6552,"entropy":0.1896,"umi":0.3879,"landuse":"Residential","cent":0.417},"geometry":{"type":"Polygon","coordinates":[[[79.869056,6.844261],[79.869508,6.844262],[79.869509,6.84381],[79.869057,6.843809],[79.869056,6.844261]]]}},{"type":"Feature","properties":{"id":1139.0,"fsi":0.5273,"gsi":0.5273,"osr":0.4727,"entropy":0.0,"umi":0.3771,"landuse":"Residential","cent":0.507},"geometry":{"type":"Polygon","coordinates":[[[79.869057,6.843809],[79.869509,6.84381],[79.86951,6.843358],[79.869058,6.843357],[79.869057,6.843809]]]}},{"type":"Feature","properties":{"id":1140.0,"fsi":0.4664,"gsi":0.4664,"osr":0.5336,"entropy":0.2438,"umi":0.4053,"landuse":"Residential","cent":0.3508},"geometry":{"type":"Polygon","coordinates":[[[79.869058,6.843357],[79.86951,6.843358],[79.869511,6.842906],[79.869059,6.842905],[79.869058,6.843357]]]}},{"type":"Feature","properties":{"id":1141.0,"fsi":0.5506,"gsi":0.5506,"osr":0.4494,"entropy":0.0,"umi":0.3734,"landuse":"Residential","cent":0.4753},"geometry":{"type":"Polygon","coordinates":[[[79.869059,6.842905],[79.869511,6.842906],[79.869512,6.842453],[79.86906,6.842452],[79.869059,6.842905]]]}},{"type":"Feature","properties":{"id":1142.0,"fsi":0.0501,"gsi":0.0501,"osr":0.9499,"entropy":0.2627,"umi":0.3775,"landuse":"Residential","cent":0.4533},"geometry":{"type":"Polygon","coordinates":[[[79.869474,6.842426],[79.86906,6.842408],[79.86906,6.842452],[79.869512,6.842453],[79.869512,6.842429],[79.869474,6.842426]]]}},{"type":"Feature","properties":{"id":1149.0,"fsi":0.0,"gsi":0.0,"osr":1.0,"entropy":0.0,"umi":0.2357,"landuse":"Water","cent":0.1683},"geometry":{"type":"Polygon","coordinates":[[[79.869474,6.862351],[79.869465,6.862351],[79.869465,6.862363],[79.869474,6.862351]]]}},{"type":"Feature","properties":{"id":1150.0,"fsi":0.0594,"gsi":0.0594,"osr":0.9406,"entropy":0.3676,"umi":0.3392,"landuse":"Residential","cent":0.1261},"geometry":{"type":"Polygon","coordinates":[[[79.869555,6.862246],[79.869918,6.862173],[79.869919,6.8619],[79.869466,6.861899],[79.869465,6.862351],[79.869474,6.862351],[79.869555,6.862246]]]}},{"type":"Feature","properties":{"id":1151.0,"fsi":0.1839,"gsi":0.1839,"osr":0.8161,"entropy":0.0079,"umi":0.2344,"landuse":"Residential","cent":0.037},"geometry":{"type":"Polygon","coordinates":[[[79.869466,6.861899],[79.869919,6.8619],[79.86992,6.861447],[79.869468,6.861446],[79.869466,6.861899]]]}},{"type":"Feature","properties":{"id":1152.0,"fsi":0.1814,"gsi":0.1814,"osr":0.8186,"entropy":0.0333,"umi":0.2448,"landuse":"Residential","cent":0.0538},"geometry":{"type":"Polygon","coordinates":[[[79.869468,6.861446],[79.86992,6.861447],[79.869921,6.860995],[79.869469,6.860994],[79.869468,6.861446]]]}},{"type":"Feature","properties":{"id":1153.0,"fsi":0.4388,"gsi":0.4388,"osr":0.5612,"entropy":0.1239,"umi":0.3228,"landuse":"Residential","cent":0.1398},"geometry":{"type":"Polygon","coordinates":[[[79.869469,6.860994],[79.869921,6.860995],[79.869922,6.860543],[79.86947,6.860542],[79.869469,6.860994]]]}},{"type":"Feature","properties":{"id":1154.0,"fsi":0.6141,"gsi":0.6141,"osr":0.3859,"entropy":0.1549,"umi":0.363,"landuse":"Residential","cent":0.1786},"geometry":{"type":"Polygon","coordinates":[[[79.86947,6.860542],[79.869922,6.860543],[79.869923,6.860091],[79.869471,6.86009],[79.86947,6.860542]]]}},{"type":"Feature","properties":{"id":1155.0,"fsi":0.3117,"gsi":0.3117,"osr":0.6883,"entropy":0.1063,"umi":0.3296,"landuse":"Residential","cent":0.2747},"geometry":{"type":"Polygon","coordinates":[[[79.869471,6.86009],[79.869923,6.860091],[79.869924,6.859639],[79.869472,6.859637],[79.869471,6.86009]]]}},{"type":"Feature","properties":{"id":1156.0,"fsi":0.5867,"gsi":0.5867,"osr":0.4133,"entropy":0.0,"umi":0.309,"landuse":"Residential","cent":0.1486},"geometry":{"type":"Polygon","coordinates":[[[79.869472,6.859637],[79.869924,6.859639],[79.869925,6.859186],[79.869473,6.859185],[79.869472,6.859637]]]}},{"type":"Feature","properties":{"id":1157.0,"fsi":0.4217,"gsi":0.4217,"osr":0.5783,"entropy":0.0,"umi":0.2879,"landuse":"Residential","cent":0.1522},"geometry":{"type":"Polygon","coordinates":[[[79.869473,6.859185],[79.869925,6.859186],[79.869926,6.858734],[79.869474,6.858733],[79.869473,6.859185]]]}},{"type":"Feature","properties":{"id":1158.0,"fsi":0.244,"gsi":0.244,"osr":0.756,"entropy":0.1531,"umi":0.3359,"landuse":"Residential","cent":0.2836},"geometry":{"type":"Polygon","coordinates":[[[79.869474,6.858733],[79.869926,6.858734],[79.869927,6.858282],[79.869475,6.858281],[79.869474,6.858733]]]}},{"type":"Feature","properties":{"id":1159.0,"fsi":0.4188,"gsi":0.4188,"osr":0.5812,"entropy":0.295,"umi":0.4011,"landuse":"Residential","cent":0.2918},"geometry":{"type":"Polygon","coordinates":[[[79.869475,6.858281],[79.869927,6.858282],[79.869929,6.85783],[79.869476,6.857829],[79.869475,6.858281]]]}},{"type":"Feature","properties":{"id":1160.0,"fsi":0.3602,"gsi":0.3602,"osr":0.6398,"entropy":0.4292,"umi":0.4311,"landuse":"Residential","cent":0.2895},"geometry":{"type":"Polygon","coordinates":[[[79.869476,6.857829],[79.869929,6.85783],[79.86993,6.857377],[79.869477,6.857376],[79.869476,6.857829]]]}},{"type":"Feature","properties":{"id":1161.0,"fsi":0.3889,"gsi":0.3889,"osr":0.6111,"entropy":0.4158,"umi":0.4075,"landuse":"Residential","cent":0.1783},"geometry":{"type":"Polygon","coordinates":[[[79.869477,6.857376],[79.86993,6.857377],[79.869931,6.856925],[79.869478,6.856924],[79.869477,6.857376]]]}},{"type":"Feature","properties":{"id":1162.0,"fsi":0.4737,"gsi":0.4737,"osr":0.5263,"entropy":0.2928,"umi":0.3813,"landuse":"Residential","cent":0.1672},"geometry":{"type":"Polygon","coordinates":[[[79.869478,6.856924],[79.869931,6.856925],[79.869932,6.856473],[79.869479,6.856472],[79.869478,6.856924]]]}},{"type":"Feature","properties":{"id":1163.0,"fsi":0.4098,"gsi":0.4098,"osr":0.5902,"entropy":0.2228,"umi":0.3671,"landuse":"Residential","cent":0.2338},"geometry":{"type":"Polygon","coordinates":[[[79.869479,6.856472],[79.869932,6.856473],[79.869933,6.856021],[79.86948,6.85602],[79.869479,6.856472]]]}},{"type":"Feature","properties":{"id":1164.0,"fsi":0.5333,"gsi":0.5333,"osr":0.4667,"entropy":0.245,"umi":0.3914,"landuse":"Residential","cent":0.2416},"geometry":{"type":"Polygon","coordinates":[[[79.86948,6.85602],[79.869933,6.856021],[79.869934,6.855569],[79.869481,6.855568],[79.86948,6.85602]]]}},{"type":"Feature","properties":{"id":1165.0,"fsi":0.4611,"gsi":0.4611,"osr":0.5389,"entropy":0.1945,"umi":0.3322,"landuse":"Residential","cent":0.0754},"geometry":{"type":"Polygon","coordinates":[[[79.869481,6.855568],[79.869934,6.855569],[79.869935,6.855116],[79.869482,6.855115],[79.869481,6.855568]]]}},{"type":"Feature","properties":{"id":1166.0,"fsi":0.2793,"gsi":0.2793,"osr":0.7207,"entropy":0.0821,"umi":0.2788,"landuse":"Residential","cent":0.0874},"geometry":{"type":"Polygon","coordinates":[[[79.869482,6.855115],[79.869935,6.855116],[79.869936,6.854664],[79.869484,6.854663],[79.869482,6.855115]]]}},{"type":"Feature","properties":{"id":1167.0,"fsi":0.4942,"gsi":0.4942,"osr":0.5058,"entropy":0.0579,"umi":0.3065,"landuse":"Residential","cent":0.1168},"geometry":{"type":"Polygon","coordinates":[[[79.869484,6.854663],[79.869936,6.854664],[79.869937,6.854212],[79.869485,6.854211],[79.869484,6.854663]]]}},{"type":"Feature","properties":{"id":1168.0,"fsi":0.6136,"gsi":0.6136,"osr":0.3864,"entropy":0.0577,"umi":0.3337,"landuse":"Residential","cent":0.1711},"geometry":{"type":"Polygon","coordinates":[[[79.869485,6.854211],[79.869937,6.854212],[79.869938,6.85376],[79.869486,6.853759],[79.869485,6.854211]]]}},{"type":"Feature","properties":{"id":1169.0,"fsi":0.4666,"gsi":0.4666,"osr":0.5334,"entropy":0.1841,"umi":0.3643,"landuse":"Residential","cent":0.2375},"geometry":{"type":"Polygon","coordinates":[[[79.869486,6.853759],[79.869938,6.85376],[79.869939,6.853308],[79.869487,6.853306],[79.869486,6.853759]]]}},{"type":"Feature","properties":{"id":1170.0,"fsi":0.4567,"gsi":0.4567,"osr":0.5433,"entropy":0.1346,"umi":0.3436,"landuse":"Residential","cent":0.2123},"geometry":{"type":"Polygon","coordinates":[[[79.869487,6.853306],[79.869939,6.853308],[79.86994,6.852855],[79.869488,6.852854],[79.869487,6.853306]]]}},{"type":"Feature","properties":{"id":1171.0,"fsi":0.4419,"gsi":0.4419,"osr":0.5581,"entropy":0.1383,"umi":0.3437,"landuse":"Residential","cent":0.2172},"geometry":{"type":"Polygon","coordinates":[[[79.869488,6.852854],[79.86994,6.852855],[79.869941,6.852403],[79.869489,6.852402],[79.869488,6.852854]]]}},{"type":"Feature","properties":{"id":1172.0,"fsi":0.4154,"gsi":0.4154,"osr":0.5846,"entropy":0.0953,"umi":0.3162,"landuse":"Residential","cent":0.1613},"geometry":{"type":"Polygon","coordinates":[[[79.869489,6.852402],[79.869941,6.852403],[79.869942,6.851951],[79.86949,6.85195],[79.869489,6.852402]]]}},{"type":"Feature","properties":{"id":1173.0,"fsi":0.4953,"gsi":0.4953,"osr":0.5047,"entropy":0.1261,"umi":0.3407,"landuse":"Residential","cent":0.1861},"geometry":{"type":"Polygon","coordinates":[[[79.86949,6.85195],[79.869942,6.851951],[79.869943,6.851499],[79.869491,6.851498],[79.86949,6.85195]]]}},{"type":"Feature","properties":{"id":1174.0,"fsi":0.374,"gsi":0.374,"osr":0.626,"entropy":0.1625,"umi":0.3531,"landuse":"Residential","cent":0.271},"geometry":{"type":"Polygon","coordinates":[[[79.869491,6.851498],[79.869943,6.851499],[79.869945,6.851046],[79.869492,6.851045],[79.869491,6.851498]]]}},{"type":"Feature","properties":{"id":1175.0,"fsi":0.8099,"gsi":0.3985,"osr":0.6015,"entropy":0.46,"umi":0.5579,"landuse":"Under Construction","cent":0.5665},"geometry":{"type":"Polygon","coordinates":[[[79.869492,6.851045],[79.869945,6.851046],[79.869946,6.850594],[79.869493,6.850593],[79.869492,6.851045]]]}},{"type":"Feature","properties":{"id":1176.0,"fsi":0.4274,"gsi":0.4274,"osr":0.5726,"entropy":0.2583,"umi":0.4665,"landuse":"Commercial","cent":0.6443},"geometry":{"type":"Polygon","coordinates":[[[79.869493,6.850593],[79.869946,6.850594],[79.869947,6.850142],[79.869494,6.850141],[79.869493,6.850593]]]}},{"type":"Feature","properties":{"id":1177.0,"fsi":0.392,"gsi":0.392,"osr":0.608,"entropy":0.0,"umi":0.2794,"landuse":"Residential","cent":0.1304},"geometry":{"type":"Polygon","coordinates":[[[79.869494,6.850141],[79.869947,6.850142],[79.869948,6.84969],[79.869495,6.849689],[79.869494,6.850141]]]}},{"type":"Feature","properties":{"id":1178.0,"fsi":0.373,"gsi":0.373,"osr":0.627,"entropy":0.0,"umi":0.2752,"landuse":"Residential","cent":0.1225},"geometry":{"type":"Polygon","coordinates":[[[79.869495,6.849689],[79.869948,6.84969],[79.869949,6.849238],[79.869496,6.849237],[79.869495,6.849689]]]}},{"type":"Feature","properties":{"id":1179.0,"fsi":0.3951,"gsi":0.3951,"osr":0.6049,"entropy":0.0,"umi":0.2842,"landuse":"Residential","cent":0.1512},"geometry":{"type":"Polygon","coordinates":[[[79.869496,6.849237],[79.869949,6.849238],[79.86995,6.848785],[79.869497,6.848784],[79.869496,6.849237]]]}},{"type":"Feature","properties":{"id":1180.0,"fsi":0.6541,"gsi":0.6541,"osr":0.3459,"entropy":0.175,"umi":0.4082,"landuse":"Residential","cent":0.3397},"geometry":{"type":"Polygon","coordinates":[[[79.869497,6.848784],[79.86995,6.848785],[79.869951,6.848333],[79.869498,6.848332],[79.869497,6.848784]]]}},{"type":"Feature","properties":{"id":1181.0,"fsi":0.4543,"gsi":0.4543,"osr":0.5457,"entropy":0.4258,"umi":0.4532,"landuse":"Residential","cent":0.3397},"geometry":{"type":"Polygon","coordinates":[[[79.869498,6.848332],[79.869951,6.848333],[79.869952,6.847881],[79.8695,6.84788],[79.869498,6.848332]]]}},{"type":"Feature","properties":{"id":1182.0,"fsi":0.3696,"gsi":0.3696,"osr":0.6304,"entropy":0.3115,"umi":0.4269,"landuse":"Commercial","cent":0.4221},"geometry":{"type":"Polygon","coordinates":[[[79.8695,6.84788],[79.869952,6.847881],[79.869953,6.847429],[79.869501,6.847428],[79.8695,6.84788]]]}},{"type":"Feature","properties":{"id":1183.0,"fsi":0.5282,"gsi":0.5282,"osr":0.4718,"entropy":0.1366,"umi":0.3492,"landuse":"Residential","cent":0.1916},"geometry":{"type":"Polygon","coordinates":[[[79.869501,6.847428],[79.869953,6.847429],[79.869954,6.846977],[79.869502,6.846976],[79.869501,6.847428]]]}},{"type":"Feature","properties":{"id":1184.0,"fsi":0.5528,"gsi":0.5528,"osr":0.4472,"entropy":0.0,"umi":0.3142,"landuse":"Residential","cent":0.1946},"geometry":{"type":"Polygon","coordinates":[[[79.869502,6.846976],[79.869954,6.846977],[79.869955,6.846524],[79.869503,6.846523],[79.869502,6.846976]]]}},{"type":"Feature","properties":{"id":1185.0,"fsi":0.3325,"gsi":0.3325,"osr":0.6675,"entropy":0.0916,"umi":0.312,"landuse":"Residential","cent":0.1981},"geometry":{"type":"Polygon","coordinates":[[[79.869503,6.846523],[79.869955,6.846524],[79.869956,6.846072],[79.869504,6.846071],[79.869503,6.846523]]]}},{"type":"Feature","properties":{"id":1186.0,"fsi":0.4751,"gsi":0.4704,"osr":0.5296,"entropy":0.0,"umi":0.3057,"landuse":"Residential","cent":0.2027},"geometry":{"type":"Polygon","coordinates":[[[79.869504,6.846071],[79.869956,6.846072],[79.869957,6.84562],[79.869505,6.845619],[79.869504,6.846071]]]}},{"type":"Feature","properties":{"id":1187.0,"fsi":0.5068,"gsi":0.5068,"osr":0.4932,"entropy":0.1666,"umi":0.3635,"landuse":"Residential","cent":0.2321},"geometry":{"type":"Polygon","coordinates":[[[79.869505,6.845619],[79.869957,6.84562],[79.869958,6.845168],[79.869506,6.845167],[79.869505,6.845619]]]}},{"type":"Feature","properties":{"id":1188.0,"fsi":0.4418,"gsi":0.4418,"osr":0.5582,"entropy":0.3945,"umi":0.4528,"landuse":"Residential","cent":0.3877},"geometry":{"type":"Polygon","coordinates":[[[79.869506,6.845167],[79.869958,6.845168],[79.869959,6.844716],[79.869507,6.844714],[79.869506,6.845167]]]}},{"type":"Feature","properties":{"id":1189.0,"fsi":0.2543,"gsi":0.2543,"osr":0.7457,"entropy":0.1748,"umi":0.3777,"landuse":"Residential","cent":0.4455},"geometry":{"type":"Polygon","coordinates":[[[79.869507,6.844714],[79.869959,6.844716],[79.86996,6.844263],[79.869508,6.844262],[79.869507,6.844714]]]}},{"type":"Feature","properties":{"id":1190.0,"fsi":0.5419,"gsi":0.5419,"osr":0.4581,"entropy":0.0385,"umi":0.3675,"landuse":"Residential","cent":0.4012},"geometry":{"type":"Polygon","coordinates":[[[79.869508,6.844262],[79.86996,6.844263],[79.869962,6.843811],[79.869509,6.84381],[79.869508,6.844262]]]}},{"type":"Feature","properties":{"id":1191.0,"fsi":0.472,"gsi":0.472,"osr":0.528,"entropy":0.1385,"umi":0.4072,"landuse":"Residential","cent":0.4977},"geometry":{"type":"Polygon","coordinates":[[[79.869509,6.84381],[79.869962,6.843811],[79.869963,6.843359],[79.86951,6.843358],[79.869509,6.84381]]]}},{"type":"Feature","properties":{"id":1192.0,"fsi":0.4018,"gsi":0.4018,"osr":0.5982,"entropy":0.1631,"umi":0.3942,"landuse":"Residential","cent":0.4469},"geometry":{"type":"Polygon","coordinates":[[[79.86951,6.843358],[79.869963,6.843359],[79.869964,6.842907],[79.869511,6.842906],[79.86951,6.843358]]]}},{"type":"Feature","properties":{"id":1193.0,"fsi":0.4637,"gsi":0.4637,"osr":0.5363,"entropy":0.1539,"umi":0.4124,"landuse":"Residential","cent":0.5064},"geometry":{"type":"Polygon","coordinates":[[[79.869933,6.842454],[79.869512,6.842453],[79.869511,6.842906],[79.869964,6.842907],[79.869965,6.842471],[79.869933,6.842454]]]}},{"type":"Feature","properties":{"id":1194.0,"fsi":0.0,"gsi":0.0,"osr":1.0,"entropy":0.2789,"umi":0.3888,"landuse":"Residential","cent":0.516},"geometry":{"type":"Polygon","coordinates":[[[79.869872,6.842421],[79.869842,6.842426],[79.869796,6.842424],[79.869679,6.842423],[79.869568,6.842432],[79.869512,6.842429],[79.869512,6.842453],[79.869933,6.842454],[79.869872,6.842421]]]}},{"type":"Feature","properties":{"id":1202.0,"fsi":0.1921,"gsi":0.1921,"osr":0.8079,"entropy":0.426,"umi":0.373,"landuse":"Transport","cent":0.1245},"geometry":{"type":"Polygon","coordinates":[[[79.870371,6.862083],[79.870371,6.861901],[79.869919,6.8619],[79.869918,6.862173],[79.870371,6.862083]]]}},{"type":"Feature","properties":{"id":1203.0,"fsi":0.2847,"gsi":0.2847,"osr":0.7153,"entropy":0.1543,"umi":0.3033,"landuse":"Residential","cent":0.1028},"geometry":{"type":"Polygon","coordinates":[[[79.869919,6.8619],[79.870371,6.861901],[79.870372,6.861448],[79.86992,6.861447],[79.869919,6.8619]]]}},{"type":"Feature","properties":{"id":1204.0,"fsi":0.267,"gsi":0.267,"osr":0.733,"entropy":0.1368,"umi":0.2944,"landuse":"Residential","cent":0.0952},"geometry":{"type":"Polygon","coordinates":[[[79.86992,6.861447],[79.870372,6.861448],[79.870374,6.860996],[79.869921,6.860995],[79.86992,6.861447]]]}},{"type":"Feature","properties":{"id":1205.0,"fsi":0.412,"gsi":0.412,"osr":0.588,"entropy":0.1705,"umi":0.326,"landuse":"Residential","cent":0.1089},"geometry":{"type":"Polygon","coordinates":[[[79.869921,6.860995],[79.870374,6.860996],[79.870375,6.860544],[79.869922,6.860543],[79.869921,6.860995]]]}},{"type":"Feature","properties":{"id":1206.0,"fsi":0.4633,"gsi":0.4633,"osr":0.5367,"entropy":0.1057,"umi":0.3209,"landuse":"Residential","cent":0.1398},"geometry":{"type":"Polygon","coordinates":[[[79.869922,6.860543],[79.870375,6.860544],[79.870376,6.860092],[79.869923,6.860091],[79.869922,6.860543]]]}},{"type":"Feature","properties":{"id":1207.0,"fsi":0.4612,"gsi":0.4612,"osr":0.5388,"entropy":0.1346,"umi":0.377,"landuse":"Residential","cent":0.367},"geometry":{"type":"Polygon","coordinates":[[[79.869923,6.860091],[79.870376,6.860092],[79.870377,6.85964],[79.869924,6.859639],[79.869923,6.860091]]]}},{"type":"Feature","properties":{"id":1208.0,"fsi":0.5063,"gsi":0.5063,"osr":0.4937,"entropy":0.0,"umi":0.2874,"landuse":"Residential","cent":0.0972},"geometry":{"type":"Polygon","coordinates":[[[79.869924,6.859639],[79.870377,6.85964],[79.870378,6.859187],[79.869925,6.859186],[79.869924,6.859639]]]}},{"type":"Feature","properties":{"id":1209.0,"fsi":0.4207,"gsi":0.4207,"osr":0.5793,"entropy":0.0,"umi":0.2815,"landuse":"Residential","cent":0.1225},"geometry":{"type":"Polygon","coordinates":[[[79.869925,6.859186],[79.870378,6.859187],[79.870379,6.858735],[79.869926,6.858734],[79.869925,6.859186]]]}},{"type":"Feature","properties":{"id":1210.0,"fsi":0.3943,"gsi":0.3943,"osr":0.6057,"entropy":0.0,"umi":0.2895,"landuse":"Residential","cent":0.1765},"geometry":{"type":"Polygon","coordinates":[[[79.869926,6.858734],[79.870379,6.858735],[79.87038,6.858283],[79.869927,6.858282],[79.869926,6.858734]]]}},{"type":"Feature","properties":{"id":1211.0,"fsi":0.2807,"gsi":0.2807,"osr":0.7193,"entropy":0.4374,"umi":0.4272,"landuse":"Residential","cent":0.3095},"geometry":{"type":"Polygon","coordinates":[[[79.869927,6.858282],[79.87038,6.858283],[79.870381,6.857831],[79.869929,6.85783],[79.869927,6.858282]]]}},{"type":"Feature","properties":{"id":1212.0,"fsi":0.2675,"gsi":0.2675,"osr":0.7325,"entropy":0.3057,"umi":0.3972,"landuse":"Public Space","cent":0.3532},"geometry":{"type":"Polygon","coordinates":[[[79.869929,6.85783],[79.870381,6.857831],[79.870382,6.857379],[79.86993,6.857377],[79.869929,6.85783]]]}},{"type":"Feature","properties":{"id":1213.0,"fsi":0.0104,"gsi":0.0104,"osr":0.9896,"entropy":0.0,"umi":0.2375,"landuse":"Public Space","cent":0.1705},"geometry":{"type":"Polygon","coordinates":[[[79.86993,6.857377],[79.870382,6.857379],[79.870383,6.856926],[79.869931,6.856925],[79.86993,6.857377]]]}},{"type":"Feature","properties":{"id":1214.0,"fsi":0.0,"gsi":0.0,"osr":1.0,"entropy":0.0,"umi":0.2347,"landuse":"Public Space","cent":0.1638},"geometry":{"type":"Polygon","coordinates":[[[79.869931,6.856925],[79.870383,6.856926],[79.870384,6.856474],[79.869932,6.856473],[79.869931,6.856925]]]}},{"type":"Feature","properties":{"id":1215.0,"fsi":0.5037,"gsi":0.5037,"osr":0.4963,"entropy":0.1911,"umi":0.3563,"landuse":"Residential","cent":0.1668},"geometry":{"type":"Polygon","coordinates":[[[79.869932,6.856473],[79.870384,6.856474],[79.870385,6.856022],[79.869933,6.856021],[79.869932,6.856473]]]}},{"type":"Feature","properties":{"id":1216.0,"fsi":0.4974,"gsi":0.4974,"osr":0.5026,"entropy":0.2808,"umi":0.4044,"landuse":"Residential","cent":0.2774},"geometry":{"type":"Polygon","coordinates":[[[79.869933,6.856021],[79.870385,6.856022],[79.870386,6.85557],[79.869934,6.855569],[79.869933,6.856021]]]}},{"type":"Feature","properties":{"id":1217.0,"fsi":0.4892,"gsi":0.4892,"osr":0.5108,"entropy":0.0937,"umi":0.3248,"landuse":"Residential","cent":0.1583},"geometry":{"type":"Polygon","coordinates":[[[79.869934,6.855569],[79.870386,6.85557],[79.870387,6.855117],[79.869935,6.855116],[79.869934,6.855569]]]}},{"type":"Feature","properties":{"id":1218.0,"fsi":0.4474,"gsi":0.4474,"osr":0.5526,"entropy":0.0,"umi":0.2849,"landuse":"Residential","cent":0.1222},"geometry":{"type":"Polygon","coordinates":[[[79.869935,6.855116],[79.870387,6.855117],[79.870388,6.854665],[79.869936,6.854664],[79.869935,6.855116]]]}},{"type":"Feature","properties":{"id":1219.0,"fsi":0.2632,"gsi":0.2632,"osr":0.7368,"entropy":0.0,"umi":0.251,"landuse":"Residential","cent":0.0765},"geometry":{"type":"Polygon","coordinates":[[[79.869936,6.854664],[79.870388,6.854665],[79.87039,6.854213],[79.869937,6.854212],[79.869936,6.854664]]]}},{"type":"Feature","properties":{"id":1220.0,"fsi":0.5686,"gsi":0.5686,"osr":0.4314,"entropy":0.1094,"umi":0.3224,"landuse":"Residential","cent":0.0765},"geometry":{"type":"Polygon","coordinates":[[[79.869937,6.854212],[79.87039,6.854213],[79.870391,6.853761],[79.869938,6.85376],[79.869937,6.854212]]]}},{"type":"Feature","properties":{"id":1221.0,"fsi":0.2804,"gsi":0.2804,"osr":0.7196,"entropy":0.1148,"umi":0.3075,"landuse":"Residential","cent":0.1784},"geometry":{"type":"Polygon","coordinates":[[[79.869938,6.85376],[79.870391,6.853761],[79.870392,6.853309],[79.869939,6.853308],[79.869938,6.85376]]]}},{"type":"Feature","properties":{"id":1222.0,"fsi":0.772,"gsi":0.772,"osr":0.228,"entropy":0.0378,"umi":0.3729,"landuse":"Residential","cent":0.2841},"geometry":{"type":"Polygon","coordinates":[[[79.869939,6.853308],[79.870392,6.853309],[79.870393,6.852856],[79.86994,6.852855],[79.869939,6.853308]]]}},{"type":"Feature","properties":{"id":1223.0,"fsi":0.5057,"gsi":0.5057,"osr":0.4943,"entropy":0.0,"umi":0.2815,"landuse":"Residential","cent":0.0694},"geometry":{"type":"Polygon","coordinates":[[[79.86994,6.852855],[79.870393,6.852856],[79.870394,6.852404],[79.869941,6.852403],[79.86994,6.852855]]]}},{"type":"Feature","properties":{"id":1224.0,"fsi":0.5238,"gsi":0.5238,"osr":0.4762,"entropy":0.0876,"umi":0.3366,"landuse":"Residential","cent":0.2008},"geometry":{"type":"Polygon","coordinates":[[[79.869941,6.852403],[79.870394,6.852404],[79.870395,6.851952],[79.869942,6.851951],[79.869941,6.852403]]]}},{"type":"Feature","properties":{"id":1225.0,"fsi":0.3592,"gsi":0.3592,"osr":0.6408,"entropy":0.0262,"umi":0.2803,"landuse":"Residential","cent":0.1201},"geometry":{"type":"Polygon","coordinates":[[[79.869942,6.851951],[79.870395,6.851952],[79.870396,6.8515],[79.869943,6.851499],[79.869942,6.851951]]]}},{"type":"Feature","properties":{"id":1226.0,"fsi":0.555,"gsi":0.555,"osr":0.445,"entropy":0.0,"umi":0.3298,"landuse":"Residential","cent":0.2667},"geometry":{"type":"Polygon","coordinates":[[[79.869943,6.851499],[79.870396,6.8515],[79.870397,6.851048],[79.869945,6.851046],[79.869943,6.851499]]]}},{"type":"Feature","properties":{"id":1227.0,"fsi":0.71,"gsi":0.71,"osr":0.29,"entropy":0.298,"umi":0.4272,"landuse":"Commercial","cent":0.2294},"geometry":{"type":"Polygon","coordinates":[[[79.869945,6.851046],[79.870397,6.851048],[79.870398,6.850595],[79.869946,6.850594],[79.869945,6.851046]]]}},{"type":"Feature","properties":{"id":1228.0,"fsi":0.5139,"gsi":0.5139,"osr":0.4861,"entropy":0.3165,"umi":0.4507,"landuse":"Commercial","cent":0.4377},"geometry":{"type":"Polygon","coordinates":[[[79.869946,6.850594],[79.870398,6.850595],[79.870399,6.850143],[79.869947,6.850142],[79.869946,6.850594]]]}},{"type":"Feature","properties":{"id":1229.0,"fsi":0.6019,"gsi":0.6019,"osr":0.3981,"entropy":0.2982,"umi":0.4284,"landuse":"Residential","cent":0.3021},"geometry":{"type":"Polygon","coordinates":[[[79.869947,6.850142],[79.870399,6.850143],[79.8704,6.849691],[79.869948,6.84969],[79.869947,6.850142]]]}},{"type":"Feature","properties":{"id":1230.0,"fsi":0.3586,"gsi":0.3586,"osr":0.6414,"entropy":0.1188,"umi":0.3456,"landuse":"Residential","cent":0.3043},"geometry":{"type":"Polygon","coordinates":[[[79.869948,6.84969],[79.8704,6.849691],[79.870401,6.849239],[79.869949,6.849238],[79.869948,6.84969]]]}},{"type":"Feature","properties":{"id":1231.0,"fsi":0.3866,"gsi":0.3866,"osr":0.6134,"entropy":0.1177,"umi":0.3391,"landuse":"Residential","cent":0.2575},"geometry":{"type":"Polygon","coordinates":[[[79.869949,6.849238],[79.870401,6.849239],[79.870402,6.848786],[79.86995,6.848785],[79.869949,6.849238]]]}},{"type":"Feature","properties":{"id":1232.0,"fsi":0.3871,"gsi":0.3871,"osr":0.6129,"entropy":0.3278,"umi":0.4153,"landuse":"Institutional","cent":0.3343},"geometry":{"type":"Polygon","coordinates":[[[79.86995,6.848785],[79.870402,6.848786],[79.870403,6.848334],[79.869951,6.848333],[79.86995,6.848785]]]}},{"type":"Feature","properties":{"id":1233.0,"fsi":0.4079,"gsi":0.4079,"osr":0.5921,"entropy":0.3308,"umi":0.42,"landuse":"Institutional","cent":0.3397},"geometry":{"type":"Polygon","coordinates":[[[79.869951,6.848333],[79.870403,6.848334],[79.870404,6.847882],[79.869952,6.847881],[79.869951,6.848333]]]}},{"type":"Feature","properties":{"id":1234.0,"fsi":0.3463,"gsi":0.3463,"osr":0.6537,"entropy":0.5512,"umi":0.4846,"landuse":"Institutional","cent":0.3866},"geometry":{"type":"Polygon","coordinates":[[[79.869952,6.847881],[79.870404,6.847882],[79.870405,6.84743],[79.869953,6.847429],[79.869952,6.847881]]]}},{"type":"Feature","properties":{"id":1235.0,"fsi":0.5357,"gsi":0.5357,"osr":0.4643,"entropy":0.3502,"umi":0.4518,"landuse":"Residential","cent":0.3837},"geometry":{"type":"Polygon","coordinates":[[[79.869953,6.847429],[79.870405,6.84743],[79.870407,6.846978],[79.869954,6.846977],[79.869953,6.847429]]]}},{"type":"Feature","properties":{"id":1236.0,"fsi":0.4772,"gsi":0.4772,"osr":0.5228,"entropy":0.0,"umi":0.3443,"landuse":"Residential","cent":0.3837},"geometry":{"type":"Polygon","coordinates":[[[79.869954,6.846977],[79.870407,6.846978],[79.870408,6.846525],[79.869955,6.846524],[79.869954,6.846977]]]}},{"type":"Feature","properties":{"id":1237.0,"fsi":0.502,"gsi":0.502,"osr":0.498,"entropy":0.3001,"umi":0.397,"landuse":"Residential","cent":0.2139},"geometry":{"type":"Polygon","coordinates":[[[79.869955,6.846524],[79.870408,6.846525],[79.870409,6.846073],[79.869956,6.846072],[79.869955,6.846524]]]}},{"type":"Feature","properties":{"id":1238.0,"fsi":0.4433,"gsi":0.4433,"osr":0.5567,"entropy":0.3751,"umi":0.4173,"landuse":"Residential","cent":0.2451},"geometry":{"type":"Polygon","coordinates":[[[79.869956,6.846072],[79.870409,6.846073],[79.87041,6.845621],[79.869957,6.84562],[79.869956,6.846072]]]}},{"type":"Feature","properties":{"id":1239.0,"fsi":0.7278,"gsi":0.582,"osr":0.418,"entropy":0.0738,"umi":0.4204,"landuse":"Residential","cent":0.4875},"geometry":{"type":"Polygon","coordinates":[[[79.869957,6.84562],[79.87041,6.845621],[79.870411,6.845169],[79.869958,6.845168],[79.869957,6.84562]]]}},{"type":"Feature","properties":{"id":1240.0,"fsi":0.4937,"gsi":0.4937,"osr":0.5063,"entropy":0.2218,"umi":0.4364,"landuse":"Residential","cent":0.5098},"geometry":{"type":"Polygon","coordinates":[[[79.869958,6.845168],[79.870411,6.845169],[79.870412,6.844717],[79.869959,6.844716],[79.869958,6.845168]]]}},{"type":"Feature","properties":{"id":1241.0,"fsi":0.4185,"gsi":0.4185,"osr":0.5815,"entropy":0.191,"umi":0.3763,"landuse":"Residential","cent":0.3147},"geometry":{"type":"Polygon","coordinates":[[[79.869959,6.844716],[79.870412,6.844717],[79.870413,6.844264],[79.86996,6.844263],[79.869959,6.844716]]]}},{"type":"Feature","properties":{"id":1242.0,"fsi":0.2541,"gsi":0.2541,"osr":0.7459,"entropy":0.0708,"umi":0.3191,"landuse":"Residential","cent":0.3086},"geometry":{"type":"Polygon","coordinates":[[[79.86996,6.844263],[79.870413,6.844264],[79.870414,6.843812],[79.869962,6.843811],[79.86996,6.844263]]]}},{"type":"Feature","properties":{"id":1243.0,"fsi":0.4711,"gsi":0.4711,"osr":0.5289,"entropy":0.0,"umi":0.2938,"landuse":"Residential","cent":0.1489},"geometry":{"type":"Polygon","coordinates":[[[79.869962,6.843811],[79.870414,6.843812],[79.870415,6.84336],[79.869963,6.843359],[79.869962,6.843811]]]}},{"type":"Feature","properties":{"id":1244.0,"fsi":0.46,"gsi":0.46,"osr":0.54,"entropy":0.0,"umi":0.2965,"landuse":"Residential","cent":0.1689},"geometry":{"type":"Polygon","coordinates":[[[79.869963,6.843359],[79.870415,6.84336],[79.870416,6.842908],[79.869964,6.842907],[79.869963,6.843359]]]}},{"type":"Feature","properties":{"id":1245.0,"fsi":0.1844,"gsi":0.1844,"osr":0.8156,"entropy":0.1715,"umi":0.3818,"landuse":"Residential","cent":0.5127},"geometry":{"type":"Polygon","coordinates":[[[79.870257,6.84263],[79.869965,6.842471],[79.869964,6.842907],[79.870416,6.842908],[79.870416,6.842748],[79.870257,6.84263]]]}},{"type":"Feature","properties":{"id":1254.0,"fsi":0.1203,"gsi":0.1203,"osr":0.8797,"entropy":0.3777,"umi":0.3514,"landuse":"Transport","cent":0.1322},"geometry":{"type":"Polygon","coordinates":[[[79.870728,6.862011],[79.870824,6.862001],[79.870824,6.861902],[79.870371,6.861901],[79.870371,6.862083],[79.870728,6.862011]]]}},{"type":"Feature","properties":{"id":1255.0,"fsi":0.3868,"gsi":0.3868,"osr":0.6132,"entropy":0.0006,"umi":0.2792,"landuse":"Residential","cent":0.1322},"geometry":{"type":"Polygon","coordinates":[[[79.870371,6.861901],[79.870824,6.861902],[79.870825,6.861449],[79.870372,6.861448],[79.870371,6.861901]]]}},{"type":"Feature","properties":{"id":1256.0,"fsi":0.3705,"gsi":0.3705,"osr":0.6295,"entropy":0.0,"umi":0.2675,"landuse":"Residential","cent":0.0875},"geometry":{"type":"Polygon","coordinates":[[[79.870372,6.861448],[79.870825,6.861449],[79.870826,6.860997],[79.870374,6.860996],[79.870372,6.861448]]]}},{"type":"Feature","properties":{"id":1257.0,"fsi":0.3944,"gsi":0.3944,"osr":0.6056,"entropy":0.1563,"umi":0.3147,"landuse":"Residential","cent":0.0855},"geometry":{"type":"Polygon","coordinates":[[[79.870374,6.860996],[79.870826,6.860997],[79.870827,6.860545],[79.870375,6.860544],[79.870374,6.860996]]]}},{"type":"Feature","properties":{"id":1258.0,"fsi":0.5635,"gsi":0.5635,"osr":0.4365,"entropy":0.0219,"umi":0.3255,"landuse":"Residential","cent":0.2119},"geometry":{"type":"Polygon","coordinates":[[[79.870375,6.860544],[79.870827,6.860545],[79.870828,6.860093],[79.870376,6.860092],[79.870375,6.860544]]]}},{"type":"Feature","properties":{"id":1259.0,"fsi":0.4345,"gsi":0.4345,"osr":0.5655,"entropy":0.1899,"umi":0.3839,"landuse":"Residential","cent":0.3418},"geometry":{"type":"Polygon","coordinates":[[[79.870376,6.860092],[79.870828,6.860093],[79.870829,6.859641],[79.870377,6.85964],[79.870376,6.860092]]]}},{"type":"Feature","properties":{"id":1260.0,"fsi":0.4577,"gsi":0.4577,"osr":0.5423,"entropy":0.1819,"umi":0.3981,"landuse":"Residential","cent":0.4054},"geometry":{"type":"Polygon","coordinates":[[[79.870377,6.85964],[79.870829,6.859641],[79.87083,6.859188],[79.870378,6.859187],[79.870377,6.85964]]]}},{"type":"Feature","properties":{"id":1261.0,"fsi":0.3599,"gsi":0.3599,"osr":0.6401,"entropy":0.1836,"umi":0.3621,"landuse":"Residential","cent":0.2939},"geometry":{"type":"Polygon","coordinates":[[[79.870378,6.859187],[79.87083,6.859188],[79.870831,6.858736],[79.870379,6.858735],[79.870378,6.859187]]]}},{"type":"Feature","properties":{"id":1262.0,"fsi":0.4549,"gsi":0.4549,"osr":0.5451,"entropy":0.3936,"umi":0.4352,"landuse":"Residential","cent":0.2979},"geometry":{"type":"Polygon","coordinates":[[[79.870379,6.858735],[79.870831,6.858736],[79.870832,6.858284],[79.87038,6.858283],[79.870379,6.858735]]]}},{"type":"Feature","properties":{"id":1263.0,"fsi":0.5826,"gsi":0.5826,"osr":0.4174,"entropy":0.2711,"umi":0.4201,"landuse":"Under Construction","cent":0.3114},"geometry":{"type":"Polygon","coordinates":[[[79.87038,6.858283],[79.870832,6.858284],[79.870833,6.857832],[79.870381,6.857831],[79.87038,6.858283]]]}},{"type":"Feature","properties":{"id":1264.0,"fsi":0.1256,"gsi":0.1256,"osr":0.8744,"entropy":0.5868,"umi":0.4594,"landuse":"Public Space","cent":0.3574},"geometry":{"type":"Polygon","coordinates":[[[79.870381,6.857831],[79.870833,6.857832],[79.870835,6.85738],[79.870382,6.857379],[79.870381,6.857831]]]}},{"type":"Feature","properties":{"id":1265.0,"fsi":0.0528,"gsi":0.0528,"osr":0.9472,"entropy":0.0,"umi":0.2842,"landuse":"Public Space","cent":0.3642},"geometry":{"type":"Polygon","coordinates":[[[79.870382,6.857379],[79.870835,6.85738],[79.870836,6.856927],[79.870383,6.856926],[79.870382,6.857379]]]}},{"type":"Feature","properties":{"id":1266.0,"fsi":0.0558,"gsi":0.0558,"osr":0.9442,"entropy":0.0,"umi":0.2309,"landuse":"Public Space","cent":0.1108},"geometry":{"type":"Polygon","coordinates":[[[79.870383,6.856926],[79.870836,6.856927],[79.870837,6.856475],[79.870384,6.856474],[79.870383,6.856926]]]}},{"type":"Feature","properties":{"id":1267.0,"fsi":0.4369,"gsi":0.4369,"osr":0.5631,"entropy":0.2012,"umi":0.3384,"landuse":"Residential","cent":0.1108},"geometry":{"type":"Polygon","coordinates":[[[79.870384,6.856474],[79.870837,6.856475],[79.870838,6.856023],[79.870385,6.856022],[79.870384,6.856474]]]}},{"type":"Feature","properties":{"id":1268.0,"fsi":0.3861,"gsi":0.3861,"osr":0.6139,"entropy":0.0163,"umi":0.293,"landuse":"Residential","cent":0.1762},"geometry":{"type":"Polygon","coordinates":[[[79.870385,6.856022],[79.870838,6.856023],[79.870839,6.855571],[79.870386,6.85557],[79.870385,6.856022]]]}},{"type":"Feature","properties":{"id":1269.0,"fsi":0.3714,"gsi":0.3714,"osr":0.6286,"entropy":0.1554,"umi":0.3437,"landuse":"Residential","cent":0.2378},"geometry":{"type":"Polygon","coordinates":[[[79.870386,6.85557],[79.870839,6.855571],[79.87084,6.855119],[79.870387,6.855117],[79.870386,6.85557]]]}},{"type":"Feature","properties":{"id":1270.0,"fsi":0.5253,"gsi":0.5253,"osr":0.4747,"entropy":0.0,"umi":0.3338,"landuse":"Residential","cent":0.3039},"geometry":{"type":"Polygon","coordinates":[[[79.870387,6.855117],[79.87084,6.855119],[79.870841,6.854666],[79.870388,6.854665],[79.870387,6.855117]]]}},{"type":"Feature","properties":{"id":1271.0,"fsi":0.1103,"gsi":0.1103,"osr":0.8897,"entropy":0.0,"umi":0.2458,"landuse":"Residential","cent":0.1472},"geometry":{"type":"Polygon","coordinates":[[[79.870388,6.854665],[79.870841,6.854666],[79.870842,6.854214],[79.87039,6.854213],[79.870388,6.854665]]]}},{"type":"Feature","properties":{"id":1272.0,"fsi":0.4309,"gsi":0.4309,"osr":0.5691,"entropy":0.0692,"umi":0.3083,"landuse":"Residential","cent":0.1498},"geometry":{"type":"Polygon","coordinates":[[[79.87039,6.854213],[79.870842,6.854214],[79.870843,6.853762],[79.870391,6.853761],[79.87039,6.854213]]]}},{"type":"Feature","properties":{"id":1273.0,"fsi":0.6418,"gsi":0.6418,"osr":0.3582,"entropy":0.0,"umi":0.317,"landuse":"Residential","cent":0.1523},"geometry":{"type":"Polygon","coordinates":[[[79.870391,6.853761],[79.870843,6.853762],[79.870844,6.85331],[79.870392,6.853309],[79.870391,6.853761]]]}},{"type":"Feature","properties":{"id":1274.0,"fsi":0.5633,"gsi":0.5633,"osr":0.4367,"entropy":0.1109,"umi":0.3515,"landuse":"Residential","cent":0.215},"geometry":{"type":"Polygon","coordinates":[[[79.870392,6.853309],[79.870844,6.85331],[79.870845,6.852857],[79.870393,6.852856],[79.870392,6.853309]]]}},{"type":"Feature","properties":{"id":1275.0,"fsi":0.5951,"gsi":0.5951,"osr":0.4049,"entropy":0.0,"umi":0.297,"landuse":"Residential","cent":0.0868},"geometry":{"type":"Polygon","coordinates":[[[79.870393,6.852856],[79.870845,6.852857],[79.870846,6.852405],[79.870394,6.852404],[79.870393,6.852856]]]}},{"type":"Feature","properties":{"id":1276.0,"fsi":0.4726,"gsi":0.4726,"osr":0.5274,"entropy":0.0,"umi":0.2771,"landuse":"Residential","cent":0.0694},"geometry":{"type":"Polygon","coordinates":[[[79.870394,6.852404],[79.870846,6.852405],[79.870847,6.851953],[79.870395,6.851952],[79.870394,6.852404]]]}},{"type":"Feature","properties":{"id":1277.0,"fsi":0.6006,"gsi":0.6006,"osr":0.3994,"entropy":0.0,"umi":0.3012,"landuse":"Residential","cent":0.1036},"geometry":{"type":"Polygon","coordinates":[[[79.870395,6.851952],[79.870847,6.851953],[79.870848,6.851501],[79.870396,6.8515],[79.870395,6.851952]]]}},{"type":"Feature","properties":{"id":1278.0,"fsi":0.4547,"gsi":0.4547,"osr":0.5453,"entropy":0.0,"umi":0.2849,"landuse":"Residential","cent":0.1172},"geometry":{"type":"Polygon","coordinates":[[[79.870396,6.8515],[79.870848,6.851501],[79.870849,6.851049],[79.870397,6.851048],[79.870396,6.8515]]]}},{"type":"Feature","properties":{"id":1279.0,"fsi":0.576,"gsi":0.576,"osr":0.424,"entropy":0.2541,"umi":0.4587,"landuse":"Commercial","cent":0.5206},"geometry":{"type":"Polygon","coordinates":[[[79.870397,6.851048],[79.870849,6.851049],[79.87085,6.850596],[79.870398,6.850595],[79.870397,6.851048]]]}},{"type":"Feature","properties":{"id":1280.0,"fsi":0.4947,"gsi":0.4947,"osr":0.5053,"entropy":0.2165,"umi":0.395,"landuse":"Commercial","cent":0.321},"geometry":{"type":"Polygon","coordinates":[[[79.870398,6.850595],[79.87085,6.850596],[79.870852,6.850144],[79.870399,6.850143],[79.870398,6.850595]]]}},{"type":"Feature","properties":{"id":1281.0,"fsi":0.6188,"gsi":0.6188,"osr":0.3812,"entropy":0.2463,"umi":0.3842,"landuse":"Commercial","cent":0.153},"geometry":{"type":"Polygon","coordinates":[[[79.870399,6.850143],[79.870852,6.850144],[79.870853,6.849692],[79.8704,6.849691],[79.870399,6.850143]]]}},{"type":"Feature","properties":{"id":1282.0,"fsi":0.5299,"gsi":0.5299,"osr":0.4701,"entropy":0.0,"umi":0.2974,"landuse":"Residential","cent":0.1296},"geometry":{"type":"Polygon","coordinates":[[[79.8704,6.849691],[79.870853,6.849692],[79.870854,6.84924],[79.870401,6.849239],[79.8704,6.849691]]]}},{"type":"Feature","properties":{"id":1283.0,"fsi":0.3546,"gsi":0.3546,"osr":0.6454,"entropy":0.0,"umi":0.2734,"landuse":"Residential","cent":0.1256},"geometry":{"type":"Polygon","coordinates":[[[79.870401,6.849239],[79.870854,6.84924],[79.870855,6.848788],[79.870402,6.848786],[79.870401,6.849239]]]}},{"type":"Feature","properties":{"id":1284.0,"fsi":0.4549,"gsi":0.4549,"osr":0.5451,"entropy":0.0101,"umi":0.2816,"landuse":"Residential","cent":0.0883},"geometry":{"type":"Polygon","coordinates":[[[79.870402,6.848786],[79.870855,6.848788],[79.870856,6.848335],[79.870403,6.848334],[79.870402,6.848786]]]}},{"type":"Feature","properties":{"id":1285.0,"fsi":0.4346,"gsi":0.4346,"osr":0.5654,"entropy":0.2698,"umi":0.4143,"landuse":"Institutional","cent":0.3778},"geometry":{"type":"Polygon","coordinates":[[[79.870403,6.848334],[79.870856,6.848335],[79.870857,6.847883],[79.870404,6.847882],[79.870403,6.848334]]]}},{"type":"Feature","properties":{"id":1286.0,"fsi":0.3809,"gsi":0.3809,"osr":0.6191,"entropy":0.3252,"umi":0.4199,"landuse":"Residential","cent":0.3637},"geometry":{"type":"Polygon","coordinates":[[[79.870404,6.847882],[79.870857,6.847883],[79.870858,6.847431],[79.870405,6.84743],[79.870404,6.847882]]]}},{"type":"Feature","properties":{"id":1287.0,"fsi":0.5966,"gsi":0.5966,"osr":0.4034,"entropy":0.0845,"umi":0.3585,"landuse":"Residential","cent":0.2629},"geometry":{"type":"Polygon","coordinates":[[[79.870405,6.84743],[79.870858,6.847431],[79.870859,6.846979],[79.870407,6.846978],[79.870405,6.84743]]]}},{"type":"Feature","properties":{"id":1288.0,"fsi":0.3304,"gsi":0.3304,"osr":0.6696,"entropy":0.204,"umi":0.371,"landuse":"Residential","cent":0.3272},"geometry":{"type":"Polygon","coordinates":[[[79.870407,6.846978],[79.870859,6.846979],[79.87086,6.846526],[79.870408,6.846525],[79.870407,6.846978]]]}},{"type":"Feature","properties":{"id":1289.0,"fsi":0.4224,"gsi":0.4224,"osr":0.5776,"entropy":0.1187,"umi":0.3496,"landuse":"Residential","cent":0.2835},"geometry":{"type":"Polygon","coordinates":[[[79.870408,6.846525],[79.87086,6.846526],[79.870861,6.846074],[79.870409,6.846073],[79.870408,6.846525]]]}},{"type":"Feature","properties":{"id":1290.0,"fsi":0.53,"gsi":0.53,"osr":0.47,"entropy":0.2679,"umi":0.4301,"landuse":"Residential","cent":0.3955},"geometry":{"type":"Polygon","coordinates":[[[79.870409,6.846073],[79.870861,6.846074],[79.870862,6.845622],[79.87041,6.845621],[79.870409,6.846073]]]}},{"type":"Feature","properties":{"id":1291.0,"fsi":0.4465,"gsi":0.4465,"osr":0.5535,"entropy":0.1721,"umi":0.4175,"landuse":"Residential","cent":0.5169},"geometry":{"type":"Polygon","coordinates":[[[79.87041,6.845621],[79.870862,6.845622],[79.870863,6.84517],[79.870411,6.845169],[79.87041,6.845621]]]}},{"type":"Feature","properties":{"id":1292.0,"fsi":0.5465,"gsi":0.5465,"osr":0.4535,"entropy":0.0,"umi":0.3955,"landuse":"Residential","cent":0.5819},"geometry":{"type":"Polygon","coordinates":[[[79.870411,6.845169],[79.870863,6.84517],[79.870864,6.844718],[79.870412,6.844717],[79.870411,6.845169]]]}},{"type":"Feature","properties":{"id":1293.0,"fsi":0.4171,"gsi":0.4171,"osr":0.5829,"entropy":0.0,"umi":0.2914,"landuse":"Residential","cent":0.1717},"geometry":{"type":"Polygon","coordinates":[[[79.870412,6.844717],[79.870864,6.844718],[79.870865,6.844265],[79.870413,6.844264],[79.870412,6.844717]]]}},{"type":"Feature","properties":{"id":1294.0,"fsi":0.3966,"gsi":0.3966,"osr":0.6034,"entropy":0.2111,"umi":0.3784,"landuse":"Residential","cent":0.3111},"geometry":{"type":"Polygon","coordinates":[[[79.870413,6.844264],[79.870865,6.844265],[79.870866,6.843813],[79.870414,6.843812],[79.870413,6.844264]]]}},{"type":"Feature","properties":{"id":1295.0,"fsi":0.553,"gsi":0.553,"osr":0.447,"entropy":0.1626,"umi":0.3652,"landuse":"Residential","cent":0.2167},"geometry":{"type":"Polygon","coordinates":[[[79.870414,6.843812],[79.870866,6.843813],[79.870867,6.843361],[79.870415,6.84336],[79.870414,6.843812]]]}},{"type":"Feature","properties":{"id":1296.0,"fsi":0.3727,"gsi":0.3727,"osr":0.6273,"entropy":0.0962,"umi":0.342,"landuse":"Residential","cent":0.3085},"geometry":{"type":"Polygon","coordinates":[[[79.870633,6.842908],[79.870416,6.842908],[79.870415,6.84336],[79.870867,6.843361],[79.870868,6.843082],[79.870633,6.842908]]]}},{"type":"Feature","properties":{"id":1297.0,"fsi":0.064,"gsi":0.064,"osr":0.936,"entropy":0.274,"umi":0.3528,"landuse":"Transport","cent":0.3132},"geometry":{"type":"Polygon","coordinates":[[[79.870416,6.842748],[79.870416,6.842908],[79.870633,6.842908],[79.870416,6.842748]]]}},{"type":"Feature","properties":{"id":1306.0,"fsi":0.0,"gsi":0.0,"osr":1.0,"entropy":0.2636,"umi":0.3031,"landuse":"Water","cent":0.1322},"geometry":{"type":"Polygon","coordinates":[[[79.871276,6.861953],[79.871276,6.861903],[79.870824,6.861902],[79.870824,6.862001],[79.871276,6.861953]]]}},{"type":"Feature","properties":{"id":1307.0,"fsi":0.2822,"gsi":0.2822,"osr":0.7178,"entropy":0.1597,"umi":0.3096,"landuse":"Residential","cent":0.1269},"geometry":{"type":"Polygon","coordinates":[[[79.870824,6.861902],[79.871276,6.861903],[79.871277,6.861451],[79.870825,6.861449],[79.870824,6.861902]]]}},{"type":"Feature","properties":{"id":1308.0,"fsi":0.4617,"gsi":0.4617,"osr":0.5383,"entropy":0.0,"umi":0.2864,"landuse":"Residential","cent":0.1201},"geometry":{"type":"Polygon","coordinates":[[[79.870825,6.861449],[79.871277,6.861451],[79.871278,6.860998],[79.870826,6.860997],[79.870825,6.861449]]]}},{"type":"Feature","properties":{"id":1309.0,"fsi":0.3669,"gsi":0.3669,"osr":0.6331,"entropy":0.0459,"umi":0.2836,"landuse":"Residential","cent":0.1043},"geometry":{"type":"Polygon","coordinates":[[[79.870826,6.860997],[79.871278,6.860998],[79.87128,6.860546],[79.870827,6.860545],[79.870826,6.860997]]]}},{"type":"Feature","properties":{"id":1310.0,"fsi":0.3488,"gsi":0.3488,"osr":0.6512,"entropy":0.1705,"umi":0.3294,"landuse":"Residential","cent":0.1642},"geometry":{"type":"Polygon","coordinates":[[[79.870827,6.860545],[79.87128,6.860546],[79.871281,6.860094],[79.870828,6.860093],[79.870827,6.860545]]]}},{"type":"Feature","properties":{"id":1311.0,"fsi":0.4766,"gsi":0.4766,"osr":0.5234,"entropy":0.0277,"umi":0.3157,"landuse":"Residential","cent":0.2119},"geometry":{"type":"Polygon","coordinates":[[[79.870828,6.860093],[79.871281,6.860094],[79.871282,6.859642],[79.870829,6.859641],[79.870828,6.860093]]]}},{"type":"Feature","properties":{"id":1312.0,"fsi":0.54,"gsi":0.54,"osr":0.46,"entropy":0.2872,"umi":0.4307,"landuse":"Residential","cent":0.3665},"geometry":{"type":"Polygon","coordinates":[[[79.870829,6.859641],[79.871282,6.859642],[79.871283,6.859189],[79.87083,6.859188],[79.870829,6.859641]]]}},{"type":"Feature","properties":{"id":1313.0,"fsi":0.4705,"gsi":0.4705,"osr":0.5295,"entropy":0.2883,"umi":0.4213,"landuse":"Residential","cent":0.364},"geometry":{"type":"Polygon","coordinates":[[[79.87083,6.859188],[79.871283,6.859189],[79.871284,6.858737],[79.870831,6.858736],[79.87083,6.859188]]]}},{"type":"Feature","properties":{"id":1314.0,"fsi":0.5214,"gsi":0.5214,"osr":0.4786,"entropy":0.1743,"umi":0.3807,"landuse":"Residential","cent":0.2939},"geometry":{"type":"Polygon","coordinates":[[[79.870831,6.858736],[79.871284,6.858737],[79.871285,6.858285],[79.870832,6.858284],[79.870831,6.858736]]]}},{"type":"Feature","properties":{"id":1315.0,"fsi":0.3154,"gsi":0.3154,"osr":0.6846,"entropy":0.1977,"umi":0.3553,"landuse":"Residential","cent":0.2705},"geometry":{"type":"Polygon","coordinates":[[[79.870832,6.858284],[79.871285,6.858285],[79.871286,6.857833],[79.870833,6.857832],[79.870832,6.858284]]]}},{"type":"Feature","properties":{"id":1316.0,"fsi":0.452,"gsi":0.452,"osr":0.548,"entropy":0.4492,"umi":0.4548,"landuse":"Under Construction","cent":0.3172},"geometry":{"type":"Polygon","coordinates":[[[79.870833,6.857832],[79.871286,6.857833],[79.871287,6.857381],[79.870835,6.85738],[79.870833,6.857832]]]}},{"type":"Feature","properties":{"id":1317.0,"fsi":0.063,"gsi":0.063,"osr":0.937,"entropy":0.2477,"umi":0.3578,"landuse":"Public Space","cent":0.3727},"geometry":{"type":"Polygon","coordinates":[[[79.870835,6.85738],[79.871287,6.857381],[79.871288,6.856928],[79.870836,6.856927],[79.870835,6.85738]]]}},{"type":"Feature","properties":{"id":1318.0,"fsi":0.3346,"gsi":0.3346,"osr":0.6654,"entropy":0.2636,"umi":0.3427,"landuse":"Public Space","cent":0.1108},"geometry":{"type":"Polygon","coordinates":[[[79.870836,6.856927],[79.871288,6.856928],[79.871289,6.856476],[79.870837,6.856475],[79.870836,6.856927]]]}},{"type":"Feature","properties":{"id":1319.0,"fsi":0.4546,"gsi":0.4546,"osr":0.5454,"entropy":0.0281,"umi":0.3153,"landuse":"Residential","cent":0.2229},"geometry":{"type":"Polygon","coordinates":[[[79.870837,6.856475],[79.871289,6.856476],[79.87129,6.856024],[79.870838,6.856023],[79.870837,6.856475]]]}},{"type":"Feature","properties":{"id":1320.0,"fsi":0.4085,"gsi":0.4085,"osr":0.5915,"entropy":0.1658,"umi":0.3641,"landuse":"Residential","cent":0.2972},"geometry":{"type":"Polygon","coordinates":[[[79.870838,6.856023],[79.87129,6.856024],[79.871291,6.855572],[79.870839,6.855571],[79.870838,6.856023]]]}},{"type":"Feature","properties":{"id":1321.0,"fsi":0.2865,"gsi":0.2865,"osr":0.7135,"entropy":0.1916,"umi":0.3575,"landuse":"Residential","cent":0.3075},"geometry":{"type":"Polygon","coordinates":[[[79.870839,6.855571],[79.871291,6.855572],[79.871292,6.85512],[79.87084,6.855119],[79.870839,6.855571]]]}},{"type":"Feature","properties":{"id":1322.0,"fsi":0.4884,"gsi":0.4884,"osr":0.5116,"entropy":0.2633,"umi":0.4014,"landuse":"Residential","cent":0.2924},"geometry":{"type":"Polygon","coordinates":[[[79.87084,6.855119],[79.871292,6.85512],[79.871293,6.854667],[79.870841,6.854666],[79.87084,6.855119]]]}},{"type":"Feature","properties":{"id":1323.0,"fsi":0.5489,"gsi":0.5489,"osr":0.4511,"entropy":0.0,"umi":0.3059,"landuse":"Residential","cent":0.1578},"geometry":{"type":"Polygon","coordinates":[[[79.870841,6.854666],[79.871293,6.854667],[79.871294,6.854215],[79.870842,6.854214],[79.870841,6.854666]]]}},{"type":"Feature","properties":{"id":1324.0,"fsi":0.8025,"gsi":0.8025,"osr":0.1975,"entropy":0.0,"umi":0.3371,"landuse":"Residential","cent":0.1472},"geometry":{"type":"Polygon","coordinates":[[[79.870842,6.854214],[79.871294,6.854215],[79.871295,6.853763],[79.870843,6.853762],[79.870842,6.854214]]]}},{"type":"Feature","properties":{"id":1325.0,"fsi":0.5705,"gsi":0.5705,"osr":0.4295,"entropy":0.062,"umi":0.3275,"landuse":"Residential","cent":0.163},"geometry":{"type":"Polygon","coordinates":[[[79.870843,6.853762],[79.871295,6.853763],[79.871297,6.853311],[79.870844,6.85331],[79.870843,6.853762]]]}},{"type":"Feature","properties":{"id":1326.0,"fsi":0.54,"gsi":0.54,"osr":0.46,"entropy":0.1283,"umi":0.3664,"landuse":"Residential","cent":0.2765},"geometry":{"type":"Polygon","coordinates":[[[79.870844,6.85331],[79.871297,6.853311],[79.871298,6.852859],[79.870845,6.852857],[79.870844,6.85331]]]}},{"type":"Feature","properties":{"id":1327.0,"fsi":0.561,"gsi":0.561,"osr":0.439,"entropy":0.1423,"umi":0.3563,"landuse":"Residential","cent":0.1971},"geometry":{"type":"Polygon","coordinates":[[[79.870845,6.852857],[79.871298,6.852859],[79.871299,6.852406],[79.870846,6.852405],[79.870845,6.852857]]]}},{"type":"Feature","properties":{"id":1328.0,"fsi":0.4925,"gsi":0.4925,"osr":0.5075,"entropy":0.1653,"umi":0.351,"landuse":"Residential","cent":0.1837},"geometry":{"type":"Polygon","coordinates":[[[79.870846,6.852405],[79.871299,6.852406],[79.8713,6.851954],[79.870847,6.851953],[79.870846,6.852405]]]}},{"type":"Feature","properties":{"id":1329.0,"fsi":0.477,"gsi":0.477,"osr":0.523,"entropy":0.1811,"umi":0.3498,"landuse":"Residential","cent":0.1662},"geometry":{"type":"Polygon","coordinates":[[[79.870847,6.851953],[79.8713,6.851954],[79.871301,6.851502],[79.870848,6.851501],[79.870847,6.851953]]]}},{"type":"Feature","properties":{"id":1330.0,"fsi":0.4371,"gsi":0.4371,"osr":0.5629,"entropy":0.3608,"umi":0.4032,"landuse":"Residential","cent":0.2019},"geometry":{"type":"Polygon","coordinates":[[[79.870848,6.851501],[79.871301,6.851502],[79.871302,6.85105],[79.870849,6.851049],[79.870848,6.851501]]]}},{"type":"Feature","properties":{"id":1331.0,"fsi":0.6366,"gsi":0.6366,"osr":0.3634,"entropy":0.3722,"umi":0.4463,"landuse":"Commercial","cent":0.2655},"geometry":{"type":"Polygon","coordinates":[[[79.870849,6.851049],[79.871302,6.85105],[79.871303,6.850597],[79.87085,6.850596],[79.870849,6.851049]]]}},{"type":"Feature","properties":{"id":1332.0,"fsi":0.4878,"gsi":0.4878,"osr":0.5122,"entropy":0.2351,"umi":0.4185,"landuse":"Commercial","cent":0.4112},"geometry":{"type":"Polygon","coordinates":[[[79.87085,6.850596],[79.871303,6.850597],[79.871304,6.850145],[79.870852,6.850144],[79.87085,6.850596]]]}},{"type":"Feature","properties":{"id":1333.0,"fsi":0.7258,"gsi":0.7258,"osr":0.2742,"entropy":0.2711,"umi":0.426,"landuse":"Commercial","cent":0.2502},"geometry":{"type":"Polygon","coordinates":[[[79.870852,6.850144],[79.871304,6.850145],[79.871305,6.849693],[79.870853,6.849692],[79.870852,6.850144]]]}},{"type":"Feature","properties":{"id":1334.0,"fsi":0.5972,"gsi":0.5972,"osr":0.4028,"entropy":0.1109,"umi":0.3597,"landuse":"Residential","cent":0.2327},"geometry":{"type":"Polygon","coordinates":[[[79.870853,6.849692],[79.871305,6.849693],[79.871306,6.849241],[79.870854,6.84924],[79.870853,6.849692]]]}},{"type":"Feature","properties":{"id":1335.0,"fsi":0.2933,"gsi":0.2933,"osr":0.7067,"entropy":0.1084,"umi":0.3166,"landuse":"Residential","cent":0.2218},"geometry":{"type":"Polygon","coordinates":[[[79.870854,6.84924],[79.871306,6.849241],[79.871307,6.848789],[79.870855,6.848788],[79.870854,6.84924]]]}},{"type":"Feature","properties":{"id":1336.0,"fsi":0.4572,"gsi":0.4572,"osr":0.5428,"entropy":0.0,"umi":0.2791,"landuse":"Residential","cent":0.0883},"geometry":{"type":"Polygon","coordinates":[[[79.870855,6.848788],[79.871307,6.848789],[79.871308,6.848336],[79.870856,6.848335],[79.870855,6.848788]]]}},{"type":"Feature","properties":{"id":1337.0,"fsi":0.5463,"gsi":0.5463,"osr":0.4537,"entropy":0.0037,"umi":0.3412,"landuse":"Residential","cent":0.3208},"geometry":{"type":"Polygon","coordinates":[[[79.870856,6.848335],[79.871308,6.848336],[79.871309,6.847884],[79.870857,6.847883],[79.870856,6.848335]]]}},{"type":"Feature","properties":{"id":1338.0,"fsi":0.4786,"gsi":0.4786,"osr":0.5214,"entropy":0.1394,"umi":0.3742,"landuse":"Residential","cent":0.3365},"geometry":{"type":"Polygon","coordinates":[[[79.870857,6.847883],[79.871309,6.847884],[79.87131,6.847432],[79.870858,6.847431],[79.870857,6.847883]]]}},{"type":"Feature","properties":{"id":1339.0,"fsi":0.409,"gsi":0.409,"osr":0.591,"entropy":0.0,"umi":0.2897,"landuse":"Residential","cent":0.1683},"geometry":{"type":"Polygon","coordinates":[[[79.870858,6.847431],[79.87131,6.847432],[79.871311,6.84698],[79.870859,6.846979],[79.870858,6.847431]]]}},{"type":"Feature","properties":{"id":1340.0,"fsi":0.492,"gsi":0.492,"osr":0.508,"entropy":0.0206,"umi":0.351,"landuse":"Residential","cent":0.3785},"geometry":{"type":"Polygon","coordinates":[[[79.870859,6.846979],[79.871311,6.84698],[79.871313,6.846528],[79.87086,6.846526],[79.870859,6.846979]]]}},{"type":"Feature","properties":{"id":1341.0,"fsi":0.3149,"gsi":0.3149,"osr":0.6851,"entropy":0.2677,"umi":0.3856,"landuse":"Residential","cent":0.3198},"geometry":{"type":"Polygon","coordinates":[[[79.87086,6.846526],[79.871313,6.846528],[79.871314,6.846075],[79.870861,6.846074],[79.87086,6.846526]]]}},{"type":"Feature","properties":{"id":1342.0,"fsi":0.4895,"gsi":0.4895,"osr":0.5105,"entropy":0.1349,"umi":0.4112,"landuse":"Residential","cent":0.5105},"geometry":{"type":"Polygon","coordinates":[[[79.870861,6.846074],[79.871314,6.846075],[79.871315,6.845623],[79.870862,6.845622],[79.870861,6.846074]]]}},{"type":"Feature","properties":{"id":1343.0,"fsi":0.5802,"gsi":0.5802,"osr":0.4198,"entropy":0.0032,"umi":0.389,"landuse":"Residential","cent":0.5259},"geometry":{"type":"Polygon","coordinates":[[[79.870862,6.845622],[79.871315,6.845623],[79.871316,6.845171],[79.870863,6.84517],[79.870862,6.845622]]]}},{"type":"Feature","properties":{"id":1344.0,"fsi":0.5516,"gsi":0.5516,"osr":0.4484,"entropy":0.0,"umi":0.3116,"landuse":"Residential","cent":0.1828},"geometry":{"type":"Polygon","coordinates":[[[79.870863,6.84517],[79.871316,6.845171],[79.871317,6.844719],[79.870864,6.844718],[79.870863,6.84517]]]}},{"type":"Feature","properties":{"id":1345.0,"fsi":0.5437,"gsi":0.5437,"osr":0.4563,"entropy":0.0,"umi":0.2829,"landuse":"Residential","cent":0.0525},"geometry":{"type":"Polygon","coordinates":[[[79.870864,6.844718],[79.871317,6.844719],[79.871318,6.844266],[79.870865,6.844265],[79.870864,6.844718]]]}},{"type":"Feature","properties":{"id":1346.0,"fsi":0.5218,"gsi":0.5218,"osr":0.4782,"entropy":0.1083,"umi":0.3314,"landuse":"Residential","cent":0.1495},"geometry":{"type":"Polygon","coordinates":[[[79.870865,6.844265],[79.871318,6.844266],[79.871319,6.843814],[79.870866,6.843813],[79.870865,6.844265]]]}},{"type":"Feature","properties":{"id":1347.0,"fsi":0.364,"gsi":0.364,"osr":0.636,"entropy":0.2823,"umi":0.3744,"landuse":"Residential","cent":0.2169},"geometry":{"type":"Polygon","coordinates":[[[79.871298,6.843438],[79.871232,6.843362],[79.870867,6.843361],[79.870866,6.843813],[79.871319,6.843814],[79.87132,6.843469],[79.871298,6.843438]]]}},{"type":"Feature","properties":{"id":1348.0,"fsi":0.0396,"gsi":0.0396,"osr":0.9604,"entropy":0.206,"umi":0.3375,"landuse":"Residential","cent":0.3475},"geometry":{"type":"Polygon","coordinates":[[[79.871205,6.843331],[79.870868,6.843082],[79.870867,6.843361],[79.871232,6.843362],[79.871205,6.843331]]]}},{"type":"Feature","properties":{"id":1358.0,"fsi":0.0,"gsi":0.0,"osr":1.0,"entropy":0.0,"umi":0.2306,"landuse":"Water","cent":0.1446},"geometry":{"type":"Polygon","coordinates":[[[79.871729,6.861905],[79.871729,6.861904],[79.871276,6.861903],[79.871276,6.861953],[79.871729,6.861905]]]}},{"type":"Feature","properties":{"id":1359.0,"fsi":0.4621,"gsi":0.4621,"osr":0.5379,"entropy":0.3666,"umi":0.396,"landuse":"Residential","cent":0.1446},"geometry":{"type":"Polygon","coordinates":[[[79.871276,6.861903],[79.871729,6.861904],[79.87173,6.861452],[79.871277,6.861451],[79.871276,6.861903]]]}},{"type":"Feature","properties":{"id":1360.0,"fsi":0.5005,"gsi":0.5005,"osr":0.4995,"entropy":0.1756,"umi":0.336,"landuse":"Residential","cent":0.0943},"geometry":{"type":"Polygon","coordinates":[[[79.871277,6.861451],[79.87173,6.861452],[79.871731,6.860999],[79.871278,6.860998],[79.871277,6.861451]]]}},{"type":"Feature","properties":{"id":1361.0,"fsi":0.2419,"gsi":0.2419,"osr":0.7581,"entropy":0.2165,"umi":0.3189,"landuse":"Residential","cent":0.1197},"geometry":{"type":"Polygon","coordinates":[[[79.871278,6.860998],[79.871731,6.860999],[79.871732,6.860547],[79.87128,6.860546],[79.871278,6.860998]]]}},{"type":"Feature","properties":{"id":1362.0,"fsi":0.3119,"gsi":0.3119,"osr":0.6881,"entropy":0.0497,"umi":0.2908,"landuse":"Residential","cent":0.1673},"geometry":{"type":"Polygon","coordinates":[[[79.87128,6.860546],[79.871732,6.860547],[79.871733,6.860095],[79.871281,6.860094],[79.87128,6.860546]]]}},{"type":"Feature","properties":{"id":1363.0,"fsi":0.2799,"gsi":0.2799,"osr":0.7201,"entropy":0.3426,"umi":0.388,"landuse":"Residential","cent":0.2525},"geometry":{"type":"Polygon","coordinates":[[[79.871281,6.860094],[79.871733,6.860095],[79.871734,6.859643],[79.871282,6.859642],[79.871281,6.860094]]]}},{"type":"Feature","properties":{"id":1364.0,"fsi":0.4993,"gsi":0.4993,"osr":0.5007,"entropy":0.2526,"umi":0.3913,"landuse":"Residential","cent":0.2525},"geometry":{"type":"Polygon","coordinates":[[[79.871282,6.859642],[79.871734,6.859643],[79.871735,6.859191],[79.871283,6.859189],[79.871282,6.859642]]]}},{"type":"Feature","properties":{"id":1365.0,"fsi":0.3511,"gsi":0.3511,"osr":0.6489,"entropy":0.1754,"umi":0.3764,"landuse":"Residential","cent":0.3778},"geometry":{"type":"Polygon","coordinates":[[[79.871283,6.859189],[79.871735,6.859191],[79.871736,6.858738],[79.871284,6.858737],[79.871283,6.859189]]]}},{"type":"Feature","properties":{"id":1366.0,"fsi":0.3888,"gsi":0.3888,"osr":0.6112,"entropy":0.1795,"umi":0.3781,"landuse":"Residential","cent":0.357},"geometry":{"type":"Polygon","coordinates":[[[79.871284,6.858737],[79.871736,6.858738],[79.871737,6.858286],[79.871285,6.858285],[79.871284,6.858737]]]}},{"type":"Feature","properties":{"id":1367.0,"fsi":0.335,"gsi":0.335,"osr":0.665,"entropy":0.0569,"umi":0.3205,"landuse":"Residential","cent":0.2833},"geometry":{"type":"Polygon","coordinates":[[[79.871285,6.858285],[79.871737,6.858286],[79.871738,6.857834],[79.871286,6.857833],[79.871285,6.858285]]]}},{"type":"Feature","properties":{"id":1368.0,"fsi":0.4984,"gsi":0.4984,"osr":0.5016,"entropy":0.174,"umi":0.3711,"landuse":"Residential","cent":0.2631},"geometry":{"type":"Polygon","coordinates":[[[79.871286,6.857833],[79.871738,6.857834],[79.871739,6.857382],[79.871287,6.857381],[79.871286,6.857833]]]}},{"type":"Feature","properties":{"id":1369.0,"fsi":0.1929,"gsi":0.1929,"osr":0.8071,"entropy":0.2742,"umi":0.3826,"landuse":"Residential","cent":0.3733},"geometry":{"type":"Polygon","coordinates":[[[79.871287,6.857381],[79.871739,6.857382],[79.871741,6.856929],[79.871288,6.856928],[79.871287,6.857381]]]}},{"type":"Feature","properties":{"id":1370.0,"fsi":0.4498,"gsi":0.4498,"osr":0.5502,"entropy":0.2079,"umi":0.3916,"landuse":"Residential","cent":0.3444},"geometry":{"type":"Polygon","coordinates":[[[79.871288,6.856928],[79.871741,6.856929],[79.871742,6.856477],[79.871289,6.856476],[79.871288,6.856928]]]}},{"type":"Feature","properties":{"id":1371.0,"fsi":0.3569,"gsi":0.3569,"osr":0.6431,"entropy":0.1832,"umi":0.371,"landuse":"Residential","cent":0.3386},"geometry":{"type":"Polygon","coordinates":[[[79.871289,6.856476],[79.871742,6.856477],[79.871743,6.856025],[79.87129,6.856024],[79.871289,6.856476]]]}},{"type":"Feature","properties":{"id":1372.0,"fsi":0.3677,"gsi":0.3677,"osr":0.6323,"entropy":0.1983,"umi":0.3442,"landuse":"Residential","cent":0.185},"geometry":{"type":"Polygon","coordinates":[[[79.87129,6.856024],[79.871743,6.856025],[79.871744,6.855573],[79.871291,6.855572],[79.87129,6.856024]]]}},{"type":"Feature","properties":{"id":1373.0,"fsi":0.4882,"gsi":0.4882,"osr":0.5118,"entropy":0.0,"umi":0.2881,"landuse":"Residential","cent":0.1115},"geometry":{"type":"Polygon","coordinates":[[[79.871291,6.855572],[79.871744,6.855573],[79.871745,6.855121],[79.871292,6.85512],[79.871291,6.855572]]]}},{"type":"Feature","properties":{"id":1374.0,"fsi":0.3281,"gsi":0.3281,"osr":0.6719,"entropy":0.1077,"umi":0.338,"landuse":"Residential","cent":0.3022},"geometry":{"type":"Polygon","coordinates":[[[79.871292,6.85512],[79.871745,6.855121],[79.871746,6.854668],[79.871293,6.854667],[79.871292,6.85512]]]}},{"type":"Feature","properties":{"id":1375.0,"fsi":0.5653,"gsi":0.5653,"osr":0.4347,"entropy":0.1876,"umi":0.3906,"landuse":"Residential","cent":0.2952},"geometry":{"type":"Polygon","coordinates":[[[79.871293,6.854667],[79.871746,6.854668],[79.871747,6.854216],[79.871294,6.854215],[79.871293,6.854667]]]}},{"type":"Feature","properties":{"id":1376.0,"fsi":0.4514,"gsi":0.4514,"osr":0.5486,"entropy":0.0943,"umi":0.3235,"landuse":"Residential","cent":0.1747},"geometry":{"type":"Polygon","coordinates":[[[79.871294,6.854215],[79.871747,6.854216],[79.871748,6.853764],[79.871295,6.853763],[79.871294,6.854215]]]}},{"type":"Feature","properties":{"id":1377.0,"fsi":0.2373,"gsi":0.2373,"osr":0.7627,"entropy":0.0931,"umi":0.2928,"landuse":"Residential","cent":0.1649},"geometry":{"type":"Polygon","coordinates":[[[79.871295,6.853763],[79.871748,6.853764],[79.871749,6.853312],[79.871297,6.853311],[79.871295,6.853763]]]}},{"type":"Feature","properties":{"id":1378.0,"fsi":0.4366,"gsi":0.4366,"osr":0.5634,"entropy":0.0,"umi":0.2744,"landuse":"Residential","cent":0.0792},"geometry":{"type":"Polygon","coordinates":[[[79.871297,6.853311],[79.871749,6.853312],[79.87175,6.85286],[79.871298,6.852859],[79.871297,6.853311]]]}},{"type":"Feature","properties":{"id":1379.0,"fsi":0.3422,"gsi":0.3422,"osr":0.6578,"entropy":0.3707,"umi":0.4038,"landuse":"Residential","cent":0.2506},"geometry":{"type":"Polygon","coordinates":[[[79.871298,6.852859],[79.87175,6.85286],[79.871751,6.852407],[79.871299,6.852406],[79.871298,6.852859]]]}},{"type":"Feature","properties":{"id":1380.0,"fsi":0.4856,"gsi":0.4856,"osr":0.5144,"entropy":0.2432,"umi":0.3735,"landuse":"Residential","cent":0.1894},"geometry":{"type":"Polygon","coordinates":[[[79.871299,6.852406],[79.871751,6.852407],[79.871752,6.851955],[79.8713,6.851954],[79.871299,6.852406]]]}},{"type":"Feature","properties":{"id":1381.0,"fsi":0.4683,"gsi":0.4683,"osr":0.5317,"entropy":0.0985,"umi":0.3122,"landuse":"Residential","cent":0.1056},"geometry":{"type":"Polygon","coordinates":[[[79.8713,6.851954],[79.871752,6.851955],[79.871753,6.851503],[79.871301,6.851502],[79.8713,6.851954]]]}},{"type":"Feature","properties":{"id":1382.0,"fsi":0.5587,"gsi":0.5587,"osr":0.4413,"entropy":0.1344,"umi":0.3295,"landuse":"Residential","cent":0.0825},"geometry":{"type":"Polygon","coordinates":[[[79.871301,6.851502],[79.871753,6.851503],[79.871754,6.851051],[79.871302,6.85105],[79.871301,6.851502]]]}},{"type":"Feature","properties":{"id":1383.0,"fsi":0.6588,"gsi":0.6588,"osr":0.3412,"entropy":0.3228,"umi":0.4722,"landuse":"Residential","cent":0.4402},"geometry":{"type":"Polygon","coordinates":[[[79.871302,6.85105],[79.871754,6.851051],[79.871755,6.850599],[79.871303,6.850597],[79.871302,6.85105]]]}},{"type":"Feature","properties":{"id":1384.0,"fsi":0.4052,"gsi":0.4052,"osr":0.5948,"entropy":0.5414,"umi":0.4931,"landuse":"Commercial","cent":0.4034},"geometry":{"type":"Polygon","coordinates":[[[79.871303,6.850597],[79.871755,6.850599],[79.871756,6.850146],[79.871304,6.850145],[79.871303,6.850597]]]}},{"type":"Feature","properties":{"id":1385.0,"fsi":0.4936,"gsi":0.4936,"osr":0.5064,"entropy":0.4639,"umi":0.4549,"landuse":"Institutional","cent":0.272},"geometry":{"type":"Polygon","coordinates":[[[79.871304,6.850145],[79.871756,6.850146],[79.871758,6.849694],[79.871305,6.849693],[79.871304,6.850145]]]}},{"type":"Feature","properties":{"id":1386.0,"fsi":0.5529,"gsi":0.5529,"osr":0.4471,"entropy":0.066,"umi":0.343,"landuse":"Residential","cent":0.2415},"geometry":{"type":"Polygon","coordinates":[[[79.871305,6.849693],[79.871758,6.849694],[79.871759,6.849242],[79.871306,6.849241],[79.871305,6.849693]]]}},{"type":"Feature","properties":{"id":1387.0,"fsi":0.4327,"gsi":0.4327,"osr":0.5673,"entropy":0.0555,"umi":0.3167,"landuse":"Residential","cent":0.2066},"geometry":{"type":"Polygon","coordinates":[[[79.871306,6.849241],[79.871759,6.849242],[79.87176,6.84879],[79.871307,6.848789],[79.871306,6.849241]]]}},{"type":"Feature","properties":{"id":1388.0,"fsi":0.2573,"gsi":0.2573,"osr":0.7427,"entropy":0.145,"umi":0.3187,"landuse":"Residential","cent":0.2049},"geometry":{"type":"Polygon","coordinates":[[[79.871307,6.848789],[79.87176,6.84879],[79.871761,6.848337],[79.871308,6.848336],[79.871307,6.848789]]]}},{"type":"Feature","properties":{"id":1389.0,"fsi":0.5415,"gsi":0.5415,"osr":0.4585,"entropy":0.2,"umi":0.3812,"landuse":"Residential","cent":0.2492},"geometry":{"type":"Polygon","coordinates":[[[79.871308,6.848336],[79.871761,6.848337],[79.871762,6.847885],[79.871309,6.847884],[79.871308,6.848336]]]}},{"type":"Feature","properties":{"id":1390.0,"fsi":0.4722,"gsi":0.4722,"osr":0.5278,"entropy":0.1821,"umi":0.3466,"landuse":"Residential","cent":0.1529},"geometry":{"type":"Polygon","coordinates":[[[79.871309,6.847884],[79.871762,6.847885],[79.871763,6.847433],[79.87131,6.847432],[79.871309,6.847884]]]}},{"type":"Feature","properties":{"id":1391.0,"fsi":0.4544,"gsi":0.4544,"osr":0.5456,"entropy":0.0,"umi":0.292,"landuse":"Residential","cent":0.1511},"geometry":{"type":"Polygon","coordinates":[[[79.87131,6.847432],[79.871763,6.847433],[79.871764,6.846981],[79.871311,6.84698],[79.87131,6.847432]]]}},{"type":"Feature","properties":{"id":1392.0,"fsi":0.3824,"gsi":0.3824,"osr":0.6176,"entropy":0.1691,"umi":0.3168,"landuse":"Residential","cent":0.0858},"geometry":{"type":"Polygon","coordinates":[[[79.871311,6.84698],[79.871764,6.846981],[79.871765,6.846529],[79.871313,6.846528],[79.871311,6.84698]]]}},{"type":"Feature","properties":{"id":1393.0,"fsi":0.4185,"gsi":0.4185,"osr":0.5815,"entropy":0.3999,"umi":0.4064,"landuse":"Cultural","cent":0.1758},"geometry":{"type":"Polygon","coordinates":[[[79.871313,6.846528],[79.871765,6.846529],[79.871766,6.846076],[79.871314,6.846075],[79.871313,6.846528]]]}},{"type":"Feature","properties":{"id":1394.0,"fsi":0.3413,"gsi":0.3413,"osr":0.6587,"entropy":0.3281,"umi":0.4406,"landuse":"Residential","cent":0.4819},"geometry":{"type":"Polygon","coordinates":[[[79.871314,6.846075],[79.871766,6.846076],[79.871767,6.845624],[79.871315,6.845623],[79.871314,6.846075]]]}},{"type":"Feature","properties":{"id":1395.0,"fsi":0.5468,"gsi":0.5468,"osr":0.4532,"entropy":0.0026,"umi":0.3117,"landuse":"Residential","cent":0.1828},"geometry":{"type":"Polygon","coordinates":[[[79.871315,6.845623],[79.871767,6.845624],[79.871768,6.845172],[79.871316,6.845171],[79.871315,6.845623]]]}},{"type":"Feature","properties":{"id":1396.0,"fsi":0.4954,"gsi":0.4954,"osr":0.5046,"entropy":0.0143,"umi":0.2901,"landuse":"Residential","cent":0.0974},"geometry":{"type":"Polygon","coordinates":[[[79.871316,6.845171],[79.871768,6.845172],[79.871769,6.84472],[79.871317,6.844719],[79.871316,6.845171]]]}},{"type":"Feature","properties":{"id":1397.0,"fsi":0.5719,"gsi":0.5719,"osr":0.4281,"entropy":0.0961,"umi":0.3219,"landuse":"Residential","cent":0.0898},"geometry":{"type":"Polygon","coordinates":[[[79.871317,6.844719],[79.871769,6.84472],[79.87177,6.844268],[79.871318,6.844266],[79.871317,6.844719]]]}},{"type":"Feature","properties":{"id":1398.0,"fsi":0.6095,"gsi":0.6095,"osr":0.3905,"entropy":0.0991,"umi":0.34,"landuse":"Residential","cent":0.1476},"geometry":{"type":"Polygon","coordinates":[[[79.871771,6.844103],[79.871564,6.843815],[79.871319,6.843814],[79.871318,6.844266],[79.87177,6.844268],[79.871771,6.844103]]]}},{"type":"Feature","properties":{"id":1399.0,"fsi":0.5354,"gsi":0.5354,"osr":0.4646,"entropy":0.0583,"umi":0.3189,"landuse":"Residential","cent":0.1495},"geometry":{"type":"Polygon","coordinates":[[[79.87132,6.843469],[79.871319,6.843814],[79.871564,6.843815],[79.87132,6.843469]]]}},{"type":"Feature","properties":{"id":1410.0,"fsi":0.0,"gsi":0.0,"osr":1.0,"entropy":0.0,"umi":0.2395,"landuse":"Water","cent":0.1866},"geometry":{"type":"Polygon","coordinates":[[[79.871744,6.861904],[79.871729,6.861904],[79.871729,6.861905],[79.871744,6.861904]]]}},{"type":"Feature","properties":{"id":1411.0,"fsi":0.3288,"gsi":0.3288,"osr":0.6712,"entropy":0.3616,"umi":0.377,"landuse":"Residential","cent":0.1446},"geometry":{"type":"Polygon","coordinates":[[[79.872181,6.861858],[79.872182,6.861453],[79.87173,6.861452],[79.871729,6.861904],[79.871744,6.861904],[79.872181,6.861858]]]}},{"type":"Feature","properties":{"id":1412.0,"fsi":0.6201,"gsi":0.6201,"osr":0.3799,"entropy":0.0,"umi":0.2936,"landuse":"Residential","cent":0.0554},"geometry":{"type":"Polygon","coordinates":[[[79.87173,6.861452],[79.872182,6.861453],[79.872183,6.861],[79.871731,6.860999],[79.87173,6.861452]]]}},{"type":"Feature","properties":{"id":1413.0,"fsi":0.2874,"gsi":0.2874,"osr":0.7126,"entropy":0.1494,"umi":0.2924,"landuse":"Residential","cent":0.0561},"geometry":{"type":"Polygon","coordinates":[[[79.871731,6.860999],[79.872183,6.861],[79.872184,6.860548],[79.871732,6.860547],[79.871731,6.860999]]]}},{"type":"Feature","properties":{"id":1414.0,"fsi":0.277,"gsi":0.277,"osr":0.723,"entropy":0.1311,"umi":0.3191,"landuse":"Residential","cent":0.2131},"geometry":{"type":"Polygon","coordinates":[[[79.871732,6.860547],[79.872184,6.860548],[79.872186,6.860096],[79.871733,6.860095],[79.871732,6.860547]]]}},{"type":"Feature","properties":{"id":1415.0,"fsi":0.1808,"gsi":0.1808,"osr":0.8192,"entropy":0.3213,"umi":0.3535,"landuse":"Residential","cent":0.1798},"geometry":{"type":"Polygon","coordinates":[[[79.871733,6.860095],[79.872186,6.860096],[79.872187,6.859644],[79.871734,6.859643],[79.871733,6.860095]]]}},{"type":"Feature","properties":{"id":1416.0,"fsi":0.1744,"gsi":0.1744,"osr":0.8256,"entropy":0.2789,"umi":0.34,"landuse":"Barren Land","cent":0.1773},"geometry":{"type":"Polygon","coordinates":[[[79.871734,6.859643],[79.872187,6.859644],[79.872188,6.859192],[79.871735,6.859191],[79.871734,6.859643]]]}},{"type":"Feature","properties":{"id":1417.0,"fsi":0.4084,"gsi":0.4084,"osr":0.5916,"entropy":0.0044,"umi":0.2976,"landuse":"Residential","cent":0.2002},"geometry":{"type":"Polygon","coordinates":[[[79.871735,6.859191],[79.872188,6.859192],[79.872189,6.858739],[79.871736,6.858738],[79.871735,6.859191]]]}},{"type":"Feature","properties":{"id":1418.0,"fsi":0.1607,"gsi":0.1607,"osr":0.8393,"entropy":0.2324,"umi":0.3619,"landuse":"Residential","cent":0.3518},"geometry":{"type":"Polygon","coordinates":[[[79.871736,6.858738],[79.872189,6.858739],[79.87219,6.858287],[79.871737,6.858286],[79.871736,6.858738]]]}},{"type":"Feature","properties":{"id":1419.0,"fsi":0.5508,"gsi":0.5508,"osr":0.4492,"entropy":0.0023,"umi":0.3126,"landuse":"Residential","cent":0.185},"geometry":{"type":"Polygon","coordinates":[[[79.871737,6.858286],[79.87219,6.858287],[79.872191,6.857835],[79.871738,6.857834],[79.871737,6.858286]]]}},{"type":"Feature","properties":{"id":1420.0,"fsi":0.4131,"gsi":0.4131,"osr":0.5869,"entropy":0.0,"umi":0.2879,"landuse":"Residential","cent":0.1576},"geometry":{"type":"Polygon","coordinates":[[[79.871738,6.857834],[79.872191,6.857835],[79.872192,6.857383],[79.871739,6.857382],[79.871738,6.857834]]]}},{"type":"Feature","properties":{"id":1421.0,"fsi":0.4381,"gsi":0.4381,"osr":0.5619,"entropy":0.0276,"umi":0.3336,"landuse":"Residential","cent":0.3205},"geometry":{"type":"Polygon","coordinates":[[[79.871739,6.857382],[79.872192,6.857383],[79.872193,6.856931],[79.871741,6.856929],[79.871739,6.857382]]]}},{"type":"Feature","properties":{"id":1422.0,"fsi":0.3357,"gsi":0.3357,"osr":0.6643,"entropy":0.1964,"umi":0.3623,"landuse":"Residential","cent":0.2927},"geometry":{"type":"Polygon","coordinates":[[[79.871741,6.856929],[79.872193,6.856931],[79.872194,6.856478],[79.871742,6.856477],[79.871741,6.856929]]]}},{"type":"Feature","properties":{"id":1423.0,"fsi":0.5658,"gsi":0.5658,"osr":0.4342,"entropy":0.0,"umi":0.2976,"landuse":"Residential","cent":0.108},"geometry":{"type":"Polygon","coordinates":[[[79.871742,6.856477],[79.872194,6.856478],[79.872195,6.856026],[79.871743,6.856025],[79.871742,6.856477]]]}},{"type":"Feature","properties":{"id":1424.0,"fsi":0.3966,"gsi":0.3966,"osr":0.6034,"entropy":0.119,"umi":0.3113,"landuse":"Residential","cent":0.1182},"geometry":{"type":"Polygon","coordinates":[[[79.871743,6.856025],[79.872195,6.856026],[79.872196,6.855574],[79.871744,6.855573],[79.871743,6.856025]]]}},{"type":"Feature","properties":{"id":1425.0,"fsi":0.1124,"gsi":0.1124,"osr":0.8876,"entropy":0.0794,"umi":0.2611,"landuse":"Residential","cent":0.1115},"geometry":{"type":"Polygon","coordinates":[[[79.871744,6.855573],[79.872196,6.855574],[79.872197,6.855122],[79.871745,6.855121],[79.871744,6.855573]]]}},{"type":"Feature","properties":{"id":1426.0,"fsi":0.5019,"gsi":0.5019,"osr":0.4981,"entropy":0.0,"umi":0.3288,"landuse":"Residential","cent":0.2952},"geometry":{"type":"Polygon","coordinates":[[[79.871745,6.855121],[79.872197,6.855122],[79.872198,6.854669],[79.871746,6.854668],[79.871745,6.855121]]]}},{"type":"Feature","properties":{"id":1427.0,"fsi":0.3417,"gsi":0.3417,"osr":0.6583,"entropy":0.1634,"umi":0.3364,"landuse":"Residential","cent":0.2114},"geometry":{"type":"Polygon","coordinates":[[[79.871746,6.854668],[79.872198,6.854669],[79.872199,6.854217],[79.871747,6.854216],[79.871746,6.854668]]]}},{"type":"Feature","properties":{"id":1428.0,"fsi":0.5192,"gsi":0.5192,"osr":0.4808,"entropy":0.0294,"umi":0.3104,"landuse":"Residential","cent":0.1582},"geometry":{"type":"Polygon","coordinates":[[[79.871747,6.854216],[79.872199,6.854217],[79.8722,6.853765],[79.871748,6.853764],[79.871747,6.854216]]]}},{"type":"Feature","properties":{"id":1429.0,"fsi":0.5257,"gsi":0.5257,"osr":0.4743,"entropy":0.0,"umi":0.2862,"landuse":"Residential","cent":0.0792},"geometry":{"type":"Polygon","coordinates":[[[79.871748,6.853764],[79.8722,6.853765],[79.872201,6.853313],[79.871749,6.853312],[79.871748,6.853764]]]}},{"type":"Feature","properties":{"id":1430.0,"fsi":0.4069,"gsi":0.4069,"osr":0.5931,"entropy":0.0,"umi":0.2763,"landuse":"Residential","cent":0.1065},"geometry":{"type":"Polygon","coordinates":[[[79.871749,6.853312],[79.872201,6.853313],[79.872203,6.852861],[79.87175,6.85286],[79.871749,6.853312]]]}},{"type":"Feature","properties":{"id":1431.0,"fsi":0.235,"gsi":0.235,"osr":0.765,"entropy":0.3782,"umi":0.4008,"landuse":"Residential","cent":0.2932},"geometry":{"type":"Polygon","coordinates":[[[79.87175,6.85286],[79.872203,6.852861],[79.872204,6.852408],[79.871751,6.852407],[79.87175,6.85286]]]}},{"type":"Feature","properties":{"id":1432.0,"fsi":0.333,"gsi":0.333,"osr":0.667,"entropy":0.496,"umi":0.4403,"landuse":"Commercial","cent":0.26},"geometry":{"type":"Polygon","coordinates":[[[79.871751,6.852407],[79.872204,6.852408],[79.872205,6.851956],[79.871752,6.851955],[79.871751,6.852407]]]}},{"type":"Feature","properties":{"id":1433.0,"fsi":0.528,"gsi":0.528,"osr":0.472,"entropy":0.2347,"umi":0.3811,"landuse":"Commercial","cent":0.2102},"geometry":{"type":"Polygon","coordinates":[[[79.871752,6.851955],[79.872205,6.851956],[79.872206,6.851504],[79.871753,6.851503],[79.871752,6.851955]]]}},{"type":"Feature","properties":{"id":1434.0,"fsi":0.5764,"gsi":0.5764,"osr":0.4236,"entropy":0.1956,"umi":0.3959,"landuse":"Commercial","cent":0.3025},"geometry":{"type":"Polygon","coordinates":[[[79.871753,6.851503],[79.872206,6.851504],[79.872207,6.851052],[79.871754,6.851051],[79.871753,6.851503]]]}},{"type":"Feature","properties":{"id":1435.0,"fsi":0.5674,"gsi":0.5674,"osr":0.4326,"entropy":0.4202,"umi":0.4587,"landuse":"Commercial","cent":0.3025},"geometry":{"type":"Polygon","coordinates":[[[79.871754,6.851051],[79.872207,6.851052],[79.872208,6.8506],[79.871755,6.850599],[79.871754,6.851051]]]}},{"type":"Feature","properties":{"id":1436.0,"fsi":0.3933,"gsi":0.3933,"osr":0.6067,"entropy":0.43,"umi":0.4492,"landuse":"Commercial","cent":0.353},"geometry":{"type":"Polygon","coordinates":[[[79.871755,6.850599],[79.872208,6.8506],[79.872209,6.850147],[79.871756,6.850146],[79.871755,6.850599]]]}},{"type":"Feature","properties":{"id":1437.0,"fsi":0.4654,"gsi":0.4654,"osr":0.5346,"entropy":0.3596,"umi":0.4095,"landuse":"Commercial","cent":0.2157},"geometry":{"type":"Polygon","coordinates":[[[79.871756,6.850146],[79.872209,6.850147],[79.87221,6.849695],[79.871758,6.849694],[79.871756,6.850146]]]}},{"type":"Feature","properties":{"id":1438.0,"fsi":0.5732,"gsi":0.5732,"osr":0.4268,"entropy":0.0,"umi":0.3162,"landuse":"Residential","cent":0.1914},"geometry":{"type":"Polygon","coordinates":[[[79.871758,6.849694],[79.87221,6.849695],[79.872211,6.849243],[79.871759,6.849242],[79.871758,6.849694]]]}},{"type":"Feature","properties":{"id":1439.0,"fsi":0.5581,"gsi":0.5581,"osr":0.4419,"entropy":0.029,"umi":0.3188,"landuse":"Residential","cent":0.1742},"geometry":{"type":"Polygon","coordinates":[[[79.871759,6.849242],[79.872211,6.849243],[79.872212,6.848791],[79.87176,6.84879],[79.871759,6.849242]]]}},{"type":"Feature","properties":{"id":1440.0,"fsi":0.5526,"gsi":0.5526,"osr":0.4474,"entropy":0.0921,"umi":0.3361,"landuse":"Residential","cent":0.1742},"geometry":{"type":"Polygon","coordinates":[[[79.87176,6.84879],[79.872212,6.848791],[79.872213,6.848339],[79.871761,6.848337],[79.87176,6.84879]]]}},{"type":"Feature","properties":{"id":1441.0,"fsi":0.4543,"gsi":0.4543,"osr":0.5457,"entropy":0.1761,"umi":0.3734,"landuse":"Residential","cent":0.2988},"geometry":{"type":"Polygon","coordinates":[[[79.871761,6.848337],[79.872213,6.848339],[79.872214,6.847886],[79.871762,6.847885],[79.871761,6.848337]]]}},{"type":"Feature","properties":{"id":1442.0,"fsi":0.3558,"gsi":0.3558,"osr":0.6442,"entropy":0.1008,"umi":0.3049,"landuse":"Residential","cent":0.138},"geometry":{"type":"Polygon","coordinates":[[[79.871762,6.847885],[79.872214,6.847886],[79.872215,6.847434],[79.871763,6.847433],[79.871762,6.847885]]]}},{"type":"Feature","properties":{"id":1443.0,"fsi":0.5232,"gsi":0.5232,"osr":0.4768,"entropy":0.0472,"umi":0.3055,"landuse":"Residential","cent":0.1086},"geometry":{"type":"Polygon","coordinates":[[[79.871763,6.847433],[79.872215,6.847434],[79.872216,6.846982],[79.871764,6.846981],[79.871763,6.847433]]]}},{"type":"Feature","properties":{"id":1444.0,"fsi":0.6253,"gsi":0.6253,"osr":0.3747,"entropy":0.0,"umi":0.2984,"landuse":"Residential","cent":0.0747},"geometry":{"type":"Polygon","coordinates":[[[79.871764,6.846981],[79.872216,6.846982],[79.872217,6.84653],[79.871765,6.846529],[79.871764,6.846981]]]}},{"type":"Feature","properties":{"id":1445.0,"fsi":0.5641,"gsi":0.5641,"osr":0.4359,"entropy":0.1045,"umi":0.3452,"landuse":"Residential","cent":0.1935},"geometry":{"type":"Polygon","coordinates":[[[79.871765,6.846529],[79.872217,6.84653],[79.872218,6.846077],[79.871766,6.846076],[79.871765,6.846529]]]}},{"type":"Feature","properties":{"id":1446.0,"fsi":0.4995,"gsi":0.4995,"osr":0.5005,"entropy":0.0075,"umi":0.3251,"landuse":"Residential","cent":0.2689},"geometry":{"type":"Polygon","coordinates":[[[79.871766,6.846076],[79.872218,6.846077],[79.87222,6.845625],[79.871767,6.845624],[79.871766,6.846076]]]}},{"type":"Feature","properties":{"id":1447.0,"fsi":0.3443,"gsi":0.3443,"osr":0.6557,"entropy":0.3453,"umi":0.427,"landuse":"Residential","cent":0.393},"geometry":{"type":"Polygon","coordinates":[[[79.871767,6.845624],[79.87222,6.845625],[79.872221,6.845173],[79.871768,6.845172],[79.871767,6.845624]]]}},{"type":"Feature","properties":{"id":1448.0,"fsi":0.2666,"gsi":0.2666,"osr":0.7334,"entropy":0.1955,"umi":0.3315,"landuse":"Cultural","cent":0.1918},"geometry":{"type":"Polygon","coordinates":[[[79.871768,6.845172],[79.872221,6.845173],[79.872222,6.844721],[79.871769,6.84472],[79.871768,6.845172]]]}},{"type":"Feature","properties":{"id":1449.0,"fsi":0.3202,"gsi":0.3202,"osr":0.6798,"entropy":0.39,"umi":0.3935,"landuse":"Residential","cent":0.1895},"geometry":{"type":"Polygon","coordinates":[[[79.872087,6.844544],[79.871889,6.844268],[79.87177,6.844268],[79.871769,6.84472],[79.872222,6.844721],[79.872222,6.84471],[79.872087,6.844544]]]}},{"type":"Feature","properties":{"id":1450.0,"fsi":0.758,"gsi":0.758,"osr":0.242,"entropy":0.0,"umi":0.3307,"landuse":"Residential","cent":0.1447},"geometry":{"type":"Polygon","coordinates":[[[79.871771,6.844103],[79.87177,6.844268],[79.871889,6.844268],[79.871771,6.844103]]]}},{"type":"Feature","properties":{"id":1463.0,"fsi":0.2933,"gsi":0.2933,"osr":0.7067,"entropy":0.4036,"umi":0.3858,"landuse":"Residential","cent":0.1517},"geometry":{"type":"Polygon","coordinates":[[[79.872181,6.861858],[79.872634,6.86181],[79.872635,6.861454],[79.872182,6.861453],[79.872181,6.861858]]]}},{"type":"Feature","properties":{"id":1464.0,"fsi":0.4328,"gsi":0.4328,"osr":0.5672,"entropy":0.2001,"umi":0.3367,"landuse":"Residential","cent":0.1066},"geometry":{"type":"Polygon","coordinates":[[[79.872182,6.861453],[79.872635,6.861454],[79.872636,6.861002],[79.872183,6.861],[79.872182,6.861453]]]}},{"type":"Feature","properties":{"id":1465.0,"fsi":0.2543,"gsi":0.2543,"osr":0.7457,"entropy":0.0906,"umi":0.2783,"landuse":"Residential","cent":0.0893},"geometry":{"type":"Polygon","coordinates":[[[79.872183,6.861],[79.872636,6.861002],[79.872637,6.860549],[79.872184,6.860548],[79.872183,6.861]]]}},{"type":"Feature","properties":{"id":1466.0,"fsi":0.3045,"gsi":0.3045,"osr":0.6955,"entropy":0.1321,"umi":0.3061,"landuse":"Residential","cent":0.1333},"geometry":{"type":"Polygon","coordinates":[[[79.872184,6.860548],[79.872637,6.860549],[79.872638,6.860097],[79.872186,6.860096],[79.872184,6.860548]]]}},{"type":"Feature","properties":{"id":1467.0,"fsi":0.2141,"gsi":0.2141,"osr":0.7859,"entropy":0.0,"umi":0.2431,"landuse":"Residential","cent":0.0701},"geometry":{"type":"Polygon","coordinates":[[[79.872186,6.860096],[79.872638,6.860097],[79.872639,6.859645],[79.872187,6.859644],[79.872186,6.860096]]]}},{"type":"Feature","properties":{"id":1468.0,"fsi":0.1256,"gsi":0.1256,"osr":0.8744,"entropy":0.0712,"umi":0.2625,"landuse":"Residential","cent":0.1209},"geometry":{"type":"Polygon","coordinates":[[[79.872187,6.859644],[79.872639,6.859645],[79.87264,6.859193],[79.872188,6.859192],[79.872187,6.859644]]]}},{"type":"Feature","properties":{"id":1469.0,"fsi":0.3518,"gsi":0.3518,"osr":0.6482,"entropy":0.0019,"umi":0.2691,"landuse":"Residential","cent":0.1044},"geometry":{"type":"Polygon","coordinates":[[[79.872188,6.859192],[79.87264,6.859193],[79.872641,6.85874],[79.872189,6.858739],[79.872188,6.859192]]]}},{"type":"Feature","properties":{"id":1470.0,"fsi":0.2859,"gsi":0.2859,"osr":0.7141,"entropy":0.1706,"umi":0.3234,"landuse":"Residential","cent":0.1751},"geometry":{"type":"Polygon","coordinates":[[[79.872189,6.858739],[79.872641,6.85874],[79.872642,6.858288],[79.87219,6.858287],[79.872189,6.858739]]]}},{"type":"Feature","properties":{"id":1471.0,"fsi":0.2458,"gsi":0.2458,"osr":0.7542,"entropy":0.3445,"umi":0.4015,"landuse":"Residential","cent":0.3348},"geometry":{"type":"Polygon","coordinates":[[[79.87219,6.858287],[79.872642,6.858288],[79.872643,6.857836],[79.872191,6.857835],[79.87219,6.858287]]]}},{"type":"Feature","properties":{"id":1472.0,"fsi":0.3108,"gsi":0.3108,"osr":0.6892,"entropy":0.3817,"umi":0.4,"landuse":"Public Space","cent":0.2376},"geometry":{"type":"Polygon","coordinates":[[[79.872191,6.857835],[79.872643,6.857836],[79.872644,6.857384],[79.872192,6.857383],[79.872191,6.857835]]]}},{"type":"Feature","properties":{"id":1473.0,"fsi":0.5415,"gsi":0.5415,"osr":0.4585,"entropy":0.3885,"umi":0.4347,"landuse":"Residential","cent":0.2482},"geometry":{"type":"Polygon","coordinates":[[[79.872192,6.857383],[79.872644,6.857384],[79.872645,6.856932],[79.872193,6.856931],[79.872192,6.857383]]]}},{"type":"Feature","properties":{"id":1474.0,"fsi":0.3396,"gsi":0.3396,"osr":0.6604,"entropy":0.3849,"umi":0.4228,"landuse":"Public Space","cent":0.3227},"geometry":{"type":"Polygon","coordinates":[[[79.872193,6.856931],[79.872645,6.856932],[79.872647,6.856479],[79.872194,6.856478],[79.872193,6.856931]]]}},{"type":"Feature","properties":{"id":1475.0,"fsi":0.4561,"gsi":0.4561,"osr":0.5439,"entropy":0.1071,"umi":0.3833,"landuse":"Residential","cent":0.4372},"geometry":{"type":"Polygon","coordinates":[[[79.872194,6.856478],[79.872647,6.856479],[79.872648,6.856027],[79.872195,6.856026],[79.872194,6.856478]]]}},{"type":"Feature","properties":{"id":1476.0,"fsi":0.0113,"gsi":0.0113,"osr":0.9887,"entropy":0.1416,"umi":0.2671,"landuse":"Residential","cent":0.1192},"geometry":{"type":"Polygon","coordinates":[[[79.872195,6.856026],[79.872648,6.856027],[79.872649,6.855575],[79.872196,6.855574],[79.872195,6.856026]]]}},{"type":"Feature","properties":{"id":1477.0,"fsi":0.2852,"gsi":0.2852,"osr":0.7148,"entropy":0.0,"umi":0.2629,"landuse":"Residential","cent":0.1192},"geometry":{"type":"Polygon","coordinates":[[[79.872196,6.855574],[79.872649,6.855575],[79.87265,6.855123],[79.872197,6.855122],[79.872196,6.855574]]]}},{"type":"Feature","properties":{"id":1478.0,"fsi":0.3409,"gsi":0.3409,"osr":0.6591,"entropy":0.0,"umi":0.2748,"landuse":"Residential","cent":0.1408},"geometry":{"type":"Polygon","coordinates":[[[79.872197,6.855122],[79.87265,6.855123],[79.872651,6.854671],[79.872198,6.854669],[79.872197,6.855122]]]}},{"type":"Feature","properties":{"id":1479.0,"fsi":0.4045,"gsi":0.4045,"osr":0.5955,"entropy":0.1193,"umi":0.3384,"landuse":"Residential","cent":0.241},"geometry":{"type":"Polygon","coordinates":[[[79.872198,6.854669],[79.872651,6.854671],[79.872652,6.854218],[79.872199,6.854217],[79.872198,6.854669]]]}},{"type":"Feature","properties":{"id":1480.0,"fsi":0.5848,"gsi":0.5848,"osr":0.4152,"entropy":0.0,"umi":0.3265,"landuse":"Residential","cent":0.2325},"geometry":{"type":"Polygon","coordinates":[[[79.872199,6.854217],[79.872652,6.854218],[79.872653,6.853766],[79.8722,6.853765],[79.872199,6.854217]]]}},{"type":"Feature","properties":{"id":1481.0,"fsi":0.4731,"gsi":0.4731,"osr":0.5269,"entropy":0.0,"umi":0.285,"landuse":"Residential","cent":0.1064},"geometry":{"type":"Polygon","coordinates":[[[79.8722,6.853765],[79.872653,6.853766],[79.872654,6.853314],[79.872201,6.853313],[79.8722,6.853765]]]}},{"type":"Feature","properties":{"id":1482.0,"fsi":0.5066,"gsi":0.5066,"osr":0.4934,"entropy":0.1271,"umi":0.3811,"landuse":"Residential","cent":0.3681},"geometry":{"type":"Polygon","coordinates":[[[79.872201,6.853313],[79.872654,6.853314],[79.872655,6.852862],[79.872203,6.852861],[79.872201,6.853313]]]}},{"type":"Feature","properties":{"id":1483.0,"fsi":0.4708,"gsi":0.4708,"osr":0.5292,"entropy":0.4166,"umi":0.4513,"landuse":"Commercial","cent":0.333},"geometry":{"type":"Polygon","coordinates":[[[79.872203,6.852861],[79.872655,6.852862],[79.872656,6.852409],[79.872204,6.852408],[79.872203,6.852861]]]}},{"type":"Feature","properties":{"id":1484.0,"fsi":0.5013,"gsi":0.5013,"osr":0.4987,"entropy":0.2451,"umi":0.3601,"landuse":"Residential","cent":0.1137},"geometry":{"type":"Polygon","coordinates":[[[79.872204,6.852408],[79.872656,6.852409],[79.872657,6.851957],[79.872205,6.851956],[79.872204,6.852408]]]}},{"type":"Feature","properties":{"id":1485.0,"fsi":0.6977,"gsi":0.6977,"osr":0.3023,"entropy":0.254,"umi":0.3913,"landuse":"Residential","cent":0.1268},"geometry":{"type":"Polygon","coordinates":[[[79.872205,6.851956],[79.872657,6.851957],[79.872658,6.851505],[79.872206,6.851504],[79.872205,6.851956]]]}},{"type":"Feature","properties":{"id":1486.0,"fsi":0.4954,"gsi":0.4954,"osr":0.5046,"entropy":0.1795,"umi":0.3434,"landuse":"Residential","cent":0.1268},"geometry":{"type":"Polygon","coordinates":[[[79.872206,6.851504],[79.872658,6.851505],[79.872659,6.851053],[79.872207,6.851052],[79.872206,6.851504]]]}},{"type":"Feature","properties":{"id":1487.0,"fsi":0.5496,"gsi":0.5496,"osr":0.4504,"entropy":0.2373,"umi":0.3817,"landuse":"Residential","cent":0.1964},"geometry":{"type":"Polygon","coordinates":[[[79.872207,6.851052],[79.872659,6.851053],[79.87266,6.850601],[79.872208,6.8506],[79.872207,6.851052]]]}},{"type":"Feature","properties":{"id":1488.0,"fsi":0.5391,"gsi":0.5391,"osr":0.4609,"entropy":0.3586,"umi":0.4483,"landuse":"Commercial","cent":0.3538},"geometry":{"type":"Polygon","coordinates":[[[79.872208,6.8506],[79.87266,6.850601],[79.872661,6.850148],[79.872209,6.850147],[79.872208,6.8506]]]}},{"type":"Feature","properties":{"id":1489.0,"fsi":0.4417,"gsi":0.4417,"osr":0.5583,"entropy":0.2281,"umi":0.3767,"landuse":"Commercial","cent":0.252},"geometry":{"type":"Polygon","coordinates":[[[79.872209,6.850147],[79.872661,6.850148],[79.872662,6.849696],[79.87221,6.849695],[79.872209,6.850147]]]}},{"type":"Feature","properties":{"id":1490.0,"fsi":0.3445,"gsi":0.3445,"osr":0.6555,"entropy":0.2154,"umi":0.348,"landuse":"Residential","cent":0.1945},"geometry":{"type":"Polygon","coordinates":[[[79.87221,6.849695],[79.872662,6.849696],[79.872664,6.849244],[79.872211,6.849243],[79.87221,6.849695]]]}},{"type":"Feature","properties":{"id":1491.0,"fsi":0.4335,"gsi":0.4335,"osr":0.5665,"entropy":0.1629,"umi":0.3395,"landuse":"Residential","cent":0.1692},"geometry":{"type":"Polygon","coordinates":[[[79.872211,6.849243],[79.872664,6.849244],[79.872665,6.848792],[79.872212,6.848791],[79.872211,6.849243]]]}},{"type":"Feature","properties":{"id":1492.0,"fsi":0.4718,"gsi":0.4718,"osr":0.5282,"entropy":0.1221,"umi":0.3183,"landuse":"Residential","cent":0.1001},"geometry":{"type":"Polygon","coordinates":[[[79.872212,6.848791],[79.872665,6.848792],[79.872666,6.84834],[79.872213,6.848339],[79.872212,6.848791]]]}},{"type":"Feature","properties":{"id":1493.0,"fsi":0.4022,"gsi":0.4022,"osr":0.5978,"entropy":0.1956,"umi":0.3613,"landuse":"Residential","cent":0.2476},"geometry":{"type":"Polygon","coordinates":[[[79.872213,6.848339],[79.872666,6.84834],[79.872667,6.847887],[79.872214,6.847886],[79.872213,6.848339]]]}},{"type":"Feature","properties":{"id":1494.0,"fsi":0.5349,"gsi":0.5349,"osr":0.4651,"entropy":0.2125,"umi":0.3879,"landuse":"Residential","cent":0.2681},"geometry":{"type":"Polygon","coordinates":[[[79.872214,6.847886],[79.872667,6.847887],[79.872668,6.847435],[79.872215,6.847434],[79.872214,6.847886]]]}},{"type":"Feature","properties":{"id":1495.0,"fsi":0.4294,"gsi":0.4294,"osr":0.5706,"entropy":0.0888,"umi":0.3048,"landuse":"Residential","cent":0.1079},"geometry":{"type":"Polygon","coordinates":[[[79.872215,6.847434],[79.872668,6.847435],[79.872669,6.846983],[79.872216,6.846982],[79.872215,6.847434]]]}},{"type":"Feature","properties":{"id":1496.0,"fsi":0.6102,"gsi":0.6102,"osr":0.3898,"entropy":0.0284,"umi":0.3097,"landuse":"Residential","cent":0.0992},"geometry":{"type":"Polygon","coordinates":[[[79.872216,6.846982],[79.872669,6.846983],[79.87267,6.846531],[79.872217,6.84653],[79.872216,6.846982]]]}},{"type":"Feature","properties":{"id":1497.0,"fsi":0.5483,"gsi":0.5483,"osr":0.4517,"entropy":0.0744,"umi":0.3202,"landuse":"Residential","cent":0.1256},"geometry":{"type":"Polygon","coordinates":[[[79.872217,6.84653],[79.87267,6.846531],[79.872671,6.846079],[79.872218,6.846077],[79.872217,6.84653]]]}},{"type":"Feature","properties":{"id":1498.0,"fsi":0.4656,"gsi":0.4656,"osr":0.5344,"entropy":0.0,"umi":0.3015,"landuse":"Residential","cent":0.1891},"geometry":{"type":"Polygon","coordinates":[[[79.872218,6.846077],[79.872671,6.846079],[79.872672,6.845626],[79.87222,6.845625],[79.872218,6.846077]]]}},{"type":"Feature","properties":{"id":1499.0,"fsi":0.4366,"gsi":0.4366,"osr":0.5634,"entropy":0.4678,"umi":0.4855,"landuse":"Residential","cent":0.4469},"geometry":{"type":"Polygon","coordinates":[[[79.872604,6.845272],[79.872553,6.845174],[79.872221,6.845173],[79.87222,6.845625],[79.872672,6.845626],[79.872673,6.845391],[79.872604,6.845272]]]}},{"type":"Feature","properties":{"id":1500.0,"fsi":0.2095,"gsi":0.2095,"osr":0.7905,"entropy":0.1197,"umi":0.372,"landuse":"Cultural","cent":0.5204},"geometry":{"type":"Polygon","coordinates":[[[79.872231,6.844721],[79.872222,6.844721],[79.872221,6.845173],[79.872553,6.845174],[79.87255,6.845167],[79.872432,6.845],[79.872294,6.844799],[79.872231,6.844721]]]}},{"type":"Feature","properties":{"id":1501.0,"fsi":1.0,"gsi":1.0,"osr":0.0,"entropy":0.0,"umi":0.4422,"landuse":"Cultural","cent":0.5198},"geometry":{"type":"Polygon","coordinates":[[[79.872222,6.84471],[79.872222,6.844721],[79.872231,6.844721],[79.872222,6.84471]]]}},{"type":"Feature","properties":{"id":1515.0,"fsi":0.4326,"gsi":0.4326,"osr":0.5674,"entropy":0.3633,"umi":0.3993,"landuse":"Residential","cent":0.1829},"geometry":{"type":"Polygon","coordinates":[[[79.872773,6.861801],[79.873087,6.861766],[79.873087,6.861455],[79.872635,6.861454],[79.872634,6.86181],[79.872773,6.861801]]]}},{"type":"Feature","properties":{"id":1516.0,"fsi":0.5643,"gsi":0.5643,"osr":0.4357,"entropy":0.0182,"umi":0.3056,"landuse":"Residential","cent":0.1225},"geometry":{"type":"Polygon","coordinates":[[[79.872635,6.861454],[79.873087,6.861455],[79.873088,6.861003],[79.872636,6.861002],[79.872635,6.861454]]]}},{"type":"Feature","properties":{"id":1517.0,"fsi":0.2623,"gsi":0.2623,"osr":0.7377,"entropy":0.0236,"umi":0.2848,"landuse":"Residential","cent":0.2051},"geometry":{"type":"Polygon","coordinates":[[[79.872636,6.861002],[79.873088,6.861003],[79.873089,6.86055],[79.872637,6.860549],[79.872636,6.861002]]]}},{"type":"Feature","properties":{"id":1518.0,"fsi":0.078,"gsi":0.078,"osr":0.922,"entropy":0.2038,"umi":0.2995,"landuse":"Residential","cent":0.147},"geometry":{"type":"Polygon","coordinates":[[[79.872637,6.860549],[79.873089,6.86055],[79.87309,6.860098],[79.872638,6.860097],[79.872637,6.860549]]]}},{"type":"Feature","properties":{"id":1519.0,"fsi":0.2859,"gsi":0.2859,"osr":0.7141,"entropy":0.0273,"umi":0.2628,"landuse":"Residential","cent":0.0816},"geometry":{"type":"Polygon","coordinates":[[[79.872638,6.860097],[79.87309,6.860098],[79.873092,6.859646],[79.872639,6.859645],[79.872638,6.860097]]]}},{"type":"Feature","properties":{"id":1520.0,"fsi":0.3176,"gsi":0.3176,"osr":0.6824,"entropy":0.0001,"umi":0.2565,"landuse":"Residential","cent":0.0686},"geometry":{"type":"Polygon","coordinates":[[[79.872639,6.859645],[79.873092,6.859646],[79.873093,6.859194],[79.87264,6.859193],[79.872639,6.859645]]]}},{"type":"Feature","properties":{"id":1521.0,"fsi":0.2173,"gsi":0.2173,"osr":0.7827,"entropy":0.1857,"umi":0.2961,"landuse":"Residential","cent":0.0686},"geometry":{"type":"Polygon","coordinates":[[[79.87264,6.859193],[79.873093,6.859194],[79.873094,6.858742],[79.872641,6.85874],[79.87264,6.859193]]]}},{"type":"Feature","properties":{"id":1522.0,"fsi":0.3547,"gsi":0.3547,"osr":0.6453,"entropy":0.0202,"umi":0.2791,"landuse":"Residential","cent":0.1253},"geometry":{"type":"Polygon","coordinates":[[[79.872641,6.85874],[79.873094,6.858742],[79.873095,6.858289],[79.872642,6.858288],[79.872641,6.85874]]]}},{"type":"Feature","properties":{"id":1523.0,"fsi":0.1888,"gsi":0.1888,"osr":0.8112,"entropy":0.3813,"umi":0.4078,"landuse":"Public Space","cent":0.3508},"geometry":{"type":"Polygon","coordinates":[[[79.872642,6.858288],[79.873095,6.858289],[79.873096,6.857837],[79.872643,6.857836],[79.872642,6.858288]]]}},{"type":"Feature","properties":{"id":1524.0,"fsi":0.4446,"gsi":0.4446,"osr":0.5554,"entropy":0.0,"umi":0.2704,"landuse":"Public Space","cent":0.0551},"geometry":{"type":"Polygon","coordinates":[[[79.872643,6.857836],[79.873096,6.857837],[79.873097,6.857385],[79.872644,6.857384],[79.872643,6.857836]]]}},{"type":"Feature","properties":{"id":1525.0,"fsi":0.3683,"gsi":0.3683,"osr":0.6317,"entropy":0.0,"umi":0.2766,"landuse":"Public Space","cent":0.1322},"geometry":{"type":"Polygon","coordinates":[[[79.872644,6.857384],[79.873097,6.857385],[79.873098,6.856933],[79.872645,6.856932],[79.872644,6.857384]]]}},{"type":"Feature","properties":{"id":1526.0,"fsi":0.329,"gsi":0.329,"osr":0.671,"entropy":0.0,"umi":0.2756,"landuse":"Public Space","cent":0.1517},"geometry":{"type":"Polygon","coordinates":[[[79.872645,6.856932],[79.873098,6.856933],[79.873099,6.85648],[79.872647,6.856479],[79.872645,6.856932]]]}},{"type":"Feature","properties":{"id":1527.0,"fsi":0.15,"gsi":0.15,"osr":0.85,"entropy":0.4478,"umi":0.4114,"landuse":"Public Space","cent":0.3025},"geometry":{"type":"Polygon","coordinates":[[[79.872647,6.856479],[79.873099,6.85648],[79.8731,6.856028],[79.872648,6.856027],[79.872647,6.856479]]]}},{"type":"Feature","properties":{"id":1528.0,"fsi":0.267,"gsi":0.267,"osr":0.733,"entropy":0.3909,"umi":0.3718,"landuse":"Residential","cent":0.1192},"geometry":{"type":"Polygon","coordinates":[[[79.872648,6.856027],[79.8731,6.856028],[79.873101,6.855576],[79.872649,6.855575],[79.872648,6.856027]]]}},{"type":"Feature","properties":{"id":1529.0,"fsi":0.3498,"gsi":0.3498,"osr":0.6502,"entropy":0.2543,"umi":0.3439,"landuse":"Residential","cent":0.1192},"geometry":{"type":"Polygon","coordinates":[[[79.872649,6.855575],[79.873101,6.855576],[79.873102,6.855124],[79.87265,6.855123],[79.872649,6.855575]]]}},{"type":"Feature","properties":{"id":1530.0,"fsi":0.3031,"gsi":0.3031,"osr":0.6969,"entropy":0.22,"umi":0.3817,"landuse":"Residential","cent":0.3731},"geometry":{"type":"Polygon","coordinates":[[[79.87265,6.855123],[79.873102,6.855124],[79.873103,6.854672],[79.872651,6.854671],[79.87265,6.855123]]]}},{"type":"Feature","properties":{"id":1531.0,"fsi":0.4056,"gsi":0.4056,"osr":0.5944,"entropy":0.073,"umi":0.3232,"landuse":"Residential","cent":0.2305},"geometry":{"type":"Polygon","coordinates":[[[79.872651,6.854671],[79.873103,6.854672],[79.873104,6.854219],[79.872652,6.854218],[79.872651,6.854671]]]}},{"type":"Feature","properties":{"id":1532.0,"fsi":0.463,"gsi":0.463,"osr":0.537,"entropy":0.1541,"umi":0.357,"landuse":"Residential","cent":0.2454},"geometry":{"type":"Polygon","coordinates":[[[79.872652,6.854218],[79.873104,6.854219],[79.873105,6.853767],[79.872653,6.853766],[79.872652,6.854218]]]}},{"type":"Feature","properties":{"id":1533.0,"fsi":0.4502,"gsi":0.4502,"osr":0.5498,"entropy":0.2702,"umi":0.4141,"landuse":"Residential","cent":0.3668},"geometry":{"type":"Polygon","coordinates":[[[79.872653,6.853766],[79.873105,6.853767],[79.873106,6.853315],[79.872654,6.853314],[79.872653,6.853766]]]}},{"type":"Feature","properties":{"id":1534.0,"fsi":0.2624,"gsi":0.2624,"osr":0.7376,"entropy":0.3957,"umi":0.4191,"landuse":"Residential","cent":0.3386},"geometry":{"type":"Polygon","coordinates":[[[79.872654,6.853314],[79.873106,6.853315],[79.873107,6.852863],[79.872655,6.852862],[79.872654,6.853314]]]}},{"type":"Feature","properties":{"id":1535.0,"fsi":0.4384,"gsi":0.4384,"osr":0.5616,"entropy":0.2468,"umi":0.3852,"landuse":"Residential","cent":0.2693},"geometry":{"type":"Polygon","coordinates":[[[79.872655,6.852862],[79.873107,6.852863],[79.873109,6.852411],[79.872656,6.852409],[79.872655,6.852862]]]}},{"type":"Feature","properties":{"id":1536.0,"fsi":0.6804,"gsi":0.6804,"osr":0.3196,"entropy":0.0352,"umi":0.3461,"landuse":"Residential","cent":0.2183},"geometry":{"type":"Polygon","coordinates":[[[79.872656,6.852409],[79.873109,6.852411],[79.87311,6.851958],[79.872657,6.851957],[79.872656,6.852409]]]}},{"type":"Feature","properties":{"id":1537.0,"fsi":0.6954,"gsi":0.6954,"osr":0.3046,"entropy":0.0083,"umi":0.3404,"landuse":"Residential","cent":0.2183},"geometry":{"type":"Polygon","coordinates":[[[79.872657,6.851957],[79.87311,6.851958],[79.873111,6.851506],[79.872658,6.851505],[79.872657,6.851957]]]}},{"type":"Feature","properties":{"id":1538.0,"fsi":0.5548,"gsi":0.5548,"osr":0.4452,"entropy":0.0887,"umi":0.3291,"landuse":"Residential","cent":0.1445},"geometry":{"type":"Polygon","coordinates":[[[79.872658,6.851505],[79.873111,6.851506],[79.873112,6.851054],[79.872659,6.851053],[79.872658,6.851505]]]}},{"type":"Feature","properties":{"id":1539.0,"fsi":0.4499,"gsi":0.4499,"osr":0.5501,"entropy":0.0829,"umi":0.3136,"landuse":"Residential","cent":0.1445},"geometry":{"type":"Polygon","coordinates":[[[79.872659,6.851053],[79.873112,6.851054],[79.873113,6.850602],[79.87266,6.850601],[79.872659,6.851053]]]}},{"type":"Feature","properties":{"id":1540.0,"fsi":0.4143,"gsi":0.4143,"osr":0.5857,"entropy":0.3746,"umi":0.4216,"landuse":"Commercial","cent":0.2845},"geometry":{"type":"Polygon","coordinates":[[[79.87266,6.850601],[79.873113,6.850602],[79.873114,6.850149],[79.872661,6.850148],[79.87266,6.850601]]]}},{"type":"Feature","properties":{"id":1541.0,"fsi":0.3111,"gsi":0.3111,"osr":0.6889,"entropy":0.3847,"umi":0.4202,"landuse":"Commercial","cent":0.3284},"geometry":{"type":"Polygon","coordinates":[[[79.872661,6.850148],[79.873114,6.850149],[79.873115,6.849697],[79.872662,6.849696],[79.872661,6.850148]]]}},{"type":"Feature","properties":{"id":1542.0,"fsi":0.4604,"gsi":0.4604,"osr":0.5396,"entropy":0.0836,"umi":0.3267,"landuse":"Residential","cent":0.1986},"geometry":{"type":"Polygon","coordinates":[[[79.872662,6.849696],[79.873115,6.849697],[79.873116,6.849245],[79.872664,6.849244],[79.872662,6.849696]]]}},{"type":"Feature","properties":{"id":1543.0,"fsi":0.4065,"gsi":0.4065,"osr":0.5935,"entropy":0.0,"umi":0.2723,"landuse":"Residential","cent":0.0877},"geometry":{"type":"Polygon","coordinates":[[[79.872664,6.849244],[79.873116,6.849245],[79.873117,6.848793],[79.872665,6.848792],[79.872664,6.849244]]]}},{"type":"Feature","properties":{"id":1544.0,"fsi":0.4826,"gsi":0.4826,"osr":0.5174,"entropy":0.0,"umi":0.2823,"landuse":"Residential","cent":0.0877},"geometry":{"type":"Polygon","coordinates":[[[79.872665,6.848792],[79.873117,6.848793],[79.873118,6.848341],[79.872666,6.84834],[79.872665,6.848792]]]}},{"type":"Feature","properties":{"id":1545.0,"fsi":0.536,"gsi":0.536,"osr":0.464,"entropy":0.0662,"umi":0.3364,"landuse":"Residential","cent":0.2208},"geometry":{"type":"Polygon","coordinates":[[[79.872666,6.84834],[79.873118,6.848341],[79.873119,6.847888],[79.872667,6.847887],[79.872666,6.84834]]]}},{"type":"Feature","properties":{"id":1546.0,"fsi":0.4291,"gsi":0.4291,"osr":0.5709,"entropy":0.2208,"umi":0.3827,"landuse":"Residential","cent":0.298},"geometry":{"type":"Polygon","coordinates":[[[79.872667,6.847887],[79.873119,6.847888],[79.87312,6.847436],[79.872668,6.847435],[79.872667,6.847887]]]}},{"type":"Feature","properties":{"id":1547.0,"fsi":0.5005,"gsi":0.5005,"osr":0.4995,"entropy":0.0945,"umi":0.3221,"landuse":"Residential","cent":0.1376},"geometry":{"type":"Polygon","coordinates":[[[79.872668,6.847435],[79.87312,6.847436],[79.873121,6.846984],[79.872669,6.846983],[79.872668,6.847435]]]}},{"type":"Feature","properties":{"id":1548.0,"fsi":0.4502,"gsi":0.4502,"osr":0.5498,"entropy":0.0,"umi":0.2909,"landuse":"Residential","cent":0.1483},"geometry":{"type":"Polygon","coordinates":[[[79.872669,6.846983],[79.873121,6.846984],[79.873122,6.846532],[79.87267,6.846531],[79.872669,6.846983]]]}},{"type":"Feature","properties":{"id":1549.0,"fsi":0.5314,"gsi":0.5314,"osr":0.4686,"entropy":0.02,"umi":0.3073,"landuse":"Residential","cent":0.1483},"geometry":{"type":"Polygon","coordinates":[[[79.87267,6.846531],[79.873122,6.846532],[79.873123,6.84608],[79.872671,6.846079],[79.87267,6.846531]]]}},{"type":"Feature","properties":{"id":1550.0,"fsi":0.4291,"gsi":0.4291,"osr":0.5709,"entropy":0.219,"umi":0.3932,"landuse":"Residential","cent":0.35},"geometry":{"type":"Polygon","coordinates":[[[79.873049,6.84599],[79.872916,6.845865],[79.872838,6.845787],[79.872824,6.845776],[79.872839,6.84568],[79.872808,6.845627],[79.872672,6.845626],[79.872671,6.846079],[79.873123,6.84608],[79.873123,6.846067],[79.873049,6.84599]]]}},{"type":"Feature","properties":{"id":1551.0,"fsi":0.0482,"gsi":0.0482,"osr":0.9518,"entropy":0.2783,"umi":0.3735,"landuse":"Transport","cent":0.4146},"geometry":{"type":"Polygon","coordinates":[[[79.872673,6.845391],[79.872672,6.845626],[79.872808,6.845627],[79.872673,6.845391]]]}},{"type":"Feature","properties":{"id":1567.0,"fsi":0.3161,"gsi":0.3161,"osr":0.6839,"entropy":0.342,"umi":0.3779,"landuse":"Residential","cent":0.1829},"geometry":{"type":"Polygon","coordinates":[[[79.873539,6.861731],[79.87354,6.861456],[79.873087,6.861455],[79.873087,6.861766],[79.873539,6.861731]]]}},{"type":"Feature","properties":{"id":1568.0,"fsi":0.496,"gsi":0.496,"osr":0.504,"entropy":0.1239,"umi":0.3482,"landuse":"Residential","cent":0.2237},"geometry":{"type":"Polygon","coordinates":[[[79.873087,6.861455],[79.87354,6.861456],[79.873541,6.861004],[79.873088,6.861003],[79.873087,6.861455]]]}},{"type":"Feature","properties":{"id":1569.0,"fsi":0.3305,"gsi":0.3305,"osr":0.6695,"entropy":0.1854,"umi":0.3414,"landuse":"Residential","cent":0.2124},"geometry":{"type":"Polygon","coordinates":[[[79.873088,6.861003],[79.873541,6.861004],[79.873542,6.860551],[79.873089,6.86055],[79.873088,6.861003]]]}},{"type":"Feature","properties":{"id":1570.0,"fsi":0.3581,"gsi":0.3581,"osr":0.6419,"entropy":0.0067,"umi":0.2678,"landuse":"Residential","cent":0.0878},"geometry":{"type":"Polygon","coordinates":[[[79.873089,6.86055],[79.873542,6.860551],[79.873543,6.860099],[79.87309,6.860098],[79.873089,6.86055]]]}},{"type":"Feature","properties":{"id":1571.0,"fsi":0.4644,"gsi":0.4644,"osr":0.5356,"entropy":0.1274,"umi":0.3162,"landuse":"Residential","cent":0.0878},"geometry":{"type":"Polygon","coordinates":[[[79.87309,6.860098],[79.873543,6.860099],[79.873544,6.859647],[79.873092,6.859646],[79.87309,6.860098]]]}},{"type":"Feature","properties":{"id":1572.0,"fsi":0.4852,"gsi":0.4852,"osr":0.5148,"entropy":0.1746,"umi":0.3324,"landuse":"Residential","cent":0.0878},"geometry":{"type":"Polygon","coordinates":[[[79.873092,6.859646],[79.873544,6.859647],[79.873545,6.859195],[79.873093,6.859194],[79.873092,6.859646]]]}},{"type":"Feature","properties":{"id":1573.0,"fsi":0.3381,"gsi":0.3381,"osr":0.6619,"entropy":0.0306,"umi":0.2633,"landuse":"Residential","cent":0.0467},"geometry":{"type":"Polygon","coordinates":[[[79.873093,6.859194],[79.873545,6.859195],[79.873546,6.858743],[79.873094,6.858742],[79.873093,6.859194]]]}},{"type":"Feature","properties":{"id":1574.0,"fsi":0.2565,"gsi":0.2565,"osr":0.7435,"entropy":0.0,"umi":0.2549,"landuse":"Residential","cent":0.0992},"geometry":{"type":"Polygon","coordinates":[[[79.873094,6.858742],[79.873546,6.858743],[79.873547,6.85829],[79.873095,6.858289],[79.873094,6.858742]]]}},{"type":"Feature","properties":{"id":1575.0,"fsi":0.1124,"gsi":0.1124,"osr":0.8876,"entropy":0.3709,"umi":0.3766,"landuse":"Public Space","cent":0.2648},"geometry":{"type":"Polygon","coordinates":[[[79.873095,6.858289],[79.873547,6.85829],[79.873548,6.857838],[79.873096,6.857837],[79.873095,6.858289]]]}},{"type":"Feature","properties":{"id":1576.0,"fsi":0.0866,"gsi":0.0866,"osr":0.9134,"entropy":0.0,"umi":0.2223,"landuse":"Public Space","cent":0.0515},"geometry":{"type":"Polygon","coordinates":[[[79.873096,6.857837],[79.873548,6.857838],[79.873549,6.857386],[79.873097,6.857385],[79.873096,6.857837]]]}},{"type":"Feature","properties":{"id":1577.0,"fsi":0.1229,"gsi":0.1229,"osr":0.8771,"entropy":0.0,"umi":0.2274,"landuse":"Public Space","cent":0.0525},"geometry":{"type":"Polygon","coordinates":[[[79.873097,6.857385],[79.873549,6.857386],[79.87355,6.856934],[79.873098,6.856933],[79.873097,6.857385]]]}},{"type":"Feature","properties":{"id":1578.0,"fsi":0.274,"gsi":0.274,"osr":0.726,"entropy":0.0,"umi":0.2537,"landuse":"Public Space","cent":0.0827},"geometry":{"type":"Polygon","coordinates":[[[79.873098,6.856933],[79.87355,6.856934],[79.873551,6.856482],[79.873099,6.85648],[79.873098,6.856933]]]}},{"type":"Feature","properties":{"id":1579.0,"fsi":0.1667,"gsi":0.1667,"osr":0.8333,"entropy":0.0093,"umi":0.2828,"landuse":"Public Space","cent":0.2742},"geometry":{"type":"Polygon","coordinates":[[[79.873099,6.85648],[79.873551,6.856482],[79.873552,6.856029],[79.8731,6.856028],[79.873099,6.85648]]]}},{"type":"Feature","properties":{"id":1580.0,"fsi":0.088,"gsi":0.088,"osr":0.912,"entropy":0.5349,"umi":0.4276,"landuse":"Institutional","cent":0.3006},"geometry":{"type":"Polygon","coordinates":[[[79.8731,6.856028],[79.873552,6.856029],[79.873554,6.855577],[79.873101,6.855576],[79.8731,6.856028]]]}},{"type":"Feature","properties":{"id":1581.0,"fsi":0.1235,"gsi":0.1235,"osr":0.8765,"entropy":0.5264,"umi":0.4448,"landuse":"Institutional","cent":0.3709},"geometry":{"type":"Polygon","coordinates":[[[79.873101,6.855576],[79.873554,6.855577],[79.873555,6.855125],[79.873102,6.855124],[79.873101,6.855576]]]}},{"type":"Feature","properties":{"id":1582.0,"fsi":0.1826,"gsi":0.1826,"osr":0.8174,"entropy":0.4784,"umi":0.4351,"landuse":"Residential","cent":0.353},"geometry":{"type":"Polygon","coordinates":[[[79.873102,6.855124],[79.873555,6.855125],[79.873556,6.854673],[79.873103,6.854672],[79.873102,6.855124]]]}},{"type":"Feature","properties":{"id":1583.0,"fsi":0.4428,"gsi":0.4428,"osr":0.5572,"entropy":0.1326,"umi":0.3685,"landuse":"Residential","cent":0.341},"geometry":{"type":"Polygon","coordinates":[[[79.873103,6.854672],[79.873556,6.854673],[79.873557,6.85422],[79.873104,6.854219],[79.873103,6.854672]]]}},{"type":"Feature","properties":{"id":1584.0,"fsi":0.4238,"gsi":0.4238,"osr":0.5762,"entropy":0.3215,"umi":0.4138,"landuse":"Residential","cent":0.3127},"geometry":{"type":"Polygon","coordinates":[[[79.873104,6.854219],[79.873557,6.85422],[79.873558,6.853768],[79.873105,6.853767],[79.873104,6.854219]]]}},{"type":"Feature","properties":{"id":1585.0,"fsi":0.0881,"gsi":0.0881,"osr":0.9119,"entropy":0.4148,"umi":0.3998,"landuse":"Institutional","cent":0.3306},"geometry":{"type":"Polygon","coordinates":[[[79.873105,6.853767],[79.873558,6.853768],[79.873559,6.853316],[79.873106,6.853315],[79.873105,6.853767]]]}},{"type":"Feature","properties":{"id":1586.0,"fsi":0.1656,"gsi":0.1656,"osr":0.8344,"entropy":0.2732,"umi":0.3583,"landuse":"Institutional","cent":0.2767},"geometry":{"type":"Polygon","coordinates":[[[79.873106,6.853315],[79.873559,6.853316],[79.87356,6.852864],[79.873107,6.852863],[79.873106,6.853315]]]}},{"type":"Feature","properties":{"id":1587.0,"fsi":0.2977,"gsi":0.2977,"osr":0.7023,"entropy":0.0406,"umi":0.2966,"landuse":"Residential","cent":0.2157},"geometry":{"type":"Polygon","coordinates":[[[79.873107,6.852863],[79.87356,6.852864],[79.873561,6.852412],[79.873109,6.852411],[79.873107,6.852863]]]}},{"type":"Feature","properties":{"id":1588.0,"fsi":0.5625,"gsi":0.5625,"osr":0.4375,"entropy":0.0857,"umi":0.3385,"landuse":"Residential","cent":0.1881},"geometry":{"type":"Polygon","coordinates":[[[79.873109,6.852411],[79.873561,6.852412],[79.873562,6.851959],[79.87311,6.851958],[79.873109,6.852411]]]}},{"type":"Feature","properties":{"id":1589.0,"fsi":0.1765,"gsi":0.1765,"osr":0.8235,"entropy":0.3635,"umi":0.3746,"landuse":"Residential","cent":0.2256},"geometry":{"type":"Polygon","coordinates":[[[79.87311,6.851958],[79.873562,6.851959],[79.873563,6.851507],[79.873111,6.851506],[79.87311,6.851958]]]}},{"type":"Feature","properties":{"id":1590.0,"fsi":0.0841,"gsi":0.0841,"osr":0.9159,"entropy":0.3174,"umi":0.3194,"landuse":"Barren Land","cent":0.0848},"geometry":{"type":"Polygon","coordinates":[[[79.873111,6.851506],[79.873563,6.851507],[79.873564,6.851055],[79.873112,6.851054],[79.873111,6.851506]]]}},{"type":"Feature","properties":{"id":1591.0,"fsi":0.5378,"gsi":0.5378,"osr":0.4622,"entropy":0.0397,"umi":0.3129,"landuse":"Residential","cent":0.1445},"geometry":{"type":"Polygon","coordinates":[[[79.873112,6.851054],[79.873564,6.851055],[79.873565,6.850603],[79.873113,6.850602],[79.873112,6.851054]]]}},{"type":"Feature","properties":{"id":1592.0,"fsi":0.6527,"gsi":0.6527,"osr":0.3473,"entropy":0.4088,"umi":0.4908,"landuse":"Commercial","cent":0.4162},"geometry":{"type":"Polygon","coordinates":[[[79.873113,6.850602],[79.873565,6.850603],[79.873566,6.850151],[79.873114,6.850149],[79.873113,6.850602]]]}},{"type":"Feature","properties":{"id":1593.0,"fsi":0.4184,"gsi":0.4184,"osr":0.5816,"entropy":0.3926,"umi":0.4422,"landuse":"Commercial","cent":0.3545},"geometry":{"type":"Polygon","coordinates":[[[79.873114,6.850149],[79.873566,6.850151],[79.873567,6.849698],[79.873115,6.849697],[79.873114,6.850149]]]}},{"type":"Feature","properties":{"id":1594.0,"fsi":0.5535,"gsi":0.5535,"osr":0.4465,"entropy":0.1515,"umi":0.3747,"landuse":"Residential","cent":0.2761},"geometry":{"type":"Polygon","coordinates":[[[79.873115,6.849697],[79.873567,6.849698],[79.873568,6.849246],[79.873116,6.849245],[79.873115,6.849697]]]}},{"type":"Feature","properties":{"id":1595.0,"fsi":0.4998,"gsi":0.4998,"osr":0.5002,"entropy":0.1471,"umi":0.3482,"landuse":"Residential","cent":0.1902},"geometry":{"type":"Polygon","coordinates":[[[79.873116,6.849245],[79.873568,6.849246],[79.873569,6.848794],[79.873117,6.848793],[79.873116,6.849245]]]}},{"type":"Feature","properties":{"id":1596.0,"fsi":0.5327,"gsi":0.5327,"osr":0.4673,"entropy":0.1217,"umi":0.3464,"landuse":"Residential","cent":0.1956},"geometry":{"type":"Polygon","coordinates":[[[79.873117,6.848793],[79.873569,6.848794],[79.873571,6.848342],[79.873118,6.848341],[79.873117,6.848793]]]}},{"type":"Feature","properties":{"id":1597.0,"fsi":0.4667,"gsi":0.4667,"osr":0.5333,"entropy":0.1138,"umi":0.3366,"landuse":"Residential","cent":0.2009},"geometry":{"type":"Polygon","coordinates":[[[79.873118,6.848341],[79.873571,6.848342],[79.873572,6.847889],[79.873119,6.847888],[79.873118,6.848341]]]}},{"type":"Feature","properties":{"id":1598.0,"fsi":0.5608,"gsi":0.5608,"osr":0.4392,"entropy":0.0054,"umi":0.331,"landuse":"Residential","cent":0.2618},"geometry":{"type":"Polygon","coordinates":[[[79.873119,6.847888],[79.873572,6.847889],[79.873573,6.847437],[79.87312,6.847436],[79.873119,6.847888]]]}},{"type":"Feature","properties":{"id":1599.0,"fsi":0.4936,"gsi":0.4936,"osr":0.5064,"entropy":0.1799,"umi":0.3817,"landuse":"Residential","cent":0.3084},"geometry":{"type":"Polygon","coordinates":[[[79.87312,6.847436],[79.873573,6.847437],[79.873574,6.846985],[79.873121,6.846984],[79.87312,6.847436]]]}},{"type":"Feature","properties":{"id":1600.0,"fsi":0.555,"gsi":0.555,"osr":0.445,"entropy":0.2861,"umi":0.435,"landuse":"Residential","cent":0.3785},"geometry":{"type":"Polygon","coordinates":[[[79.873574,6.846749],[79.873449,6.846533],[79.873122,6.846532],[79.873121,6.846984],[79.873574,6.846985],[79.873574,6.846749]]]}},{"type":"Feature","properties":{"id":1601.0,"fsi":0.5073,"gsi":0.5073,"osr":0.4927,"entropy":0.2801,"umi":0.4119,"landuse":"Residential","cent":0.3076},"geometry":{"type":"Polygon","coordinates":[[[79.873442,6.84652],[79.873338,6.846357],[79.873288,6.846286],[79.873149,6.846095],[79.873135,6.84608],[79.873123,6.84608],[79.873122,6.846532],[79.873449,6.846533],[79.873442,6.84652]]]}},{"type":"Feature","properties":{"id":1602.0,"fsi":0.0,"gsi":0.0,"osr":1.0,"entropy":0.0,"umi":0.2839,"landuse":"Transport","cent":0.3959},"geometry":{"type":"Polygon","coordinates":[[[79.873124,6.846067],[79.873123,6.84608],[79.873135,6.84608],[79.873124,6.846067]]]}},{"type":"Feature","properties":{"id":1619.0,"fsi":0.3619,"gsi":0.3619,"osr":0.6381,"entropy":0.5525,"umi":0.4716,"landuse":"Residential","cent":0.314},"geometry":{"type":"Polygon","coordinates":[[[79.873606,6.861726],[79.87376,6.861733],[79.873992,6.86171],[79.873992,6.861457],[79.87354,6.861456],[79.873539,6.861731],[79.873606,6.861726]]]}},{"type":"Feature","properties":{"id":1620.0,"fsi":0.308,"gsi":0.308,"osr":0.692,"entropy":0.3198,"umi":0.3954,"landuse":"Residential","cent":0.3005},"geometry":{"type":"Polygon","coordinates":[[[79.87354,6.861456],[79.873992,6.861457],[79.873993,6.861005],[79.873541,6.861004],[79.87354,6.861456]]]}},{"type":"Feature","properties":{"id":1621.0,"fsi":0.2502,"gsi":0.2502,"osr":0.7498,"entropy":0.1555,"umi":0.3353,"landuse":"Residential","cent":0.2734},"geometry":{"type":"Polygon","coordinates":[[[79.873541,6.861004],[79.873993,6.861005],[79.873994,6.860553],[79.873542,6.860551],[79.873541,6.861004]]]}},{"type":"Feature","properties":{"id":1622.0,"fsi":0.4441,"gsi":0.4441,"osr":0.5559,"entropy":0.1368,"umi":0.3308,"landuse":"Residential","cent":0.1568},"geometry":{"type":"Polygon","coordinates":[[[79.873542,6.860551],[79.873994,6.860553],[79.873995,6.8601],[79.873543,6.860099],[79.873542,6.860551]]]}},{"type":"Feature","properties":{"id":1623.0,"fsi":0.3126,"gsi":0.3126,"osr":0.6874,"entropy":0.2668,"umi":0.3443,"landuse":"Cultural","cent":0.1279},"geometry":{"type":"Polygon","coordinates":[[[79.873543,6.860099],[79.873995,6.8601],[79.873996,6.859648],[79.873544,6.859647],[79.873543,6.860099]]]}},{"type":"Feature","properties":{"id":1624.0,"fsi":0.2607,"gsi":0.2607,"osr":0.7393,"entropy":0.0625,"umi":0.2793,"landuse":"Residential","cent":0.1279},"geometry":{"type":"Polygon","coordinates":[[[79.873544,6.859647],[79.873996,6.859648],[79.873998,6.859196],[79.873545,6.859195],[79.873544,6.859647]]]}},{"type":"Feature","properties":{"id":1625.0,"fsi":0.3343,"gsi":0.3343,"osr":0.6657,"entropy":0.0,"umi":0.2599,"landuse":"Residential","cent":0.0745},"geometry":{"type":"Polygon","coordinates":[[[79.873545,6.859195],[79.873998,6.859196],[79.873999,6.858744],[79.873546,6.858743],[79.873545,6.859195]]]}},{"type":"Feature","properties":{"id":1626.0,"fsi":0.4362,"gsi":0.4362,"osr":0.5638,"entropy":0.0582,"umi":0.3221,"landuse":"Residential","cent":0.2262},"geometry":{"type":"Polygon","coordinates":[[[79.873546,6.858743],[79.873999,6.858744],[79.874,6.858291],[79.873547,6.85829],[79.873546,6.858743]]]}},{"type":"Feature","properties":{"id":1627.0,"fsi":0.0762,"gsi":0.0762,"osr":0.9238,"entropy":0.2349,"umi":0.3323,"landuse":"Public Space","cent":0.2611},"geometry":{"type":"Polygon","coordinates":[[[79.873547,6.85829],[79.874,6.858291],[79.874001,6.857839],[79.873548,6.857838],[79.873547,6.85829]]]}},{"type":"Feature","properties":{"id":1628.0,"fsi":0.0178,"gsi":0.0178,"osr":0.9822,"entropy":0.0,"umi":0.2107,"landuse":"Public Space","cent":0.0396},"geometry":{"type":"Polygon","coordinates":[[[79.873548,6.857838],[79.874001,6.857839],[79.874002,6.857387],[79.873549,6.857386],[79.873548,6.857838]]]}},{"type":"Feature","properties":{"id":1629.0,"fsi":0.3139,"gsi":0.3139,"osr":0.6861,"entropy":0.0,"umi":0.2501,"landuse":"Public Space","cent":0.041},"geometry":{"type":"Polygon","coordinates":[[[79.873549,6.857386],[79.874002,6.857387],[79.874003,6.856935],[79.87355,6.856934],[79.873549,6.857386]]]}},{"type":"Feature","properties":{"id":1630.0,"fsi":0.1642,"gsi":0.1642,"osr":0.8358,"entropy":0.0,"umi":0.2302,"landuse":"Public Space","cent":0.0401},"geometry":{"type":"Polygon","coordinates":[[[79.87355,6.856934],[79.874003,6.856935],[79.874004,6.856483],[79.873551,6.856482],[79.87355,6.856934]]]}},{"type":"Feature","properties":{"id":1631.0,"fsi":0.335,"gsi":0.335,"osr":0.665,"entropy":0.0,"umi":0.285,"landuse":"Public Space","cent":0.1922},"geometry":{"type":"Polygon","coordinates":[[[79.873551,6.856482],[79.874004,6.856483],[79.874005,6.85603],[79.873552,6.856029],[79.873551,6.856482]]]}},{"type":"Feature","properties":{"id":1632.0,"fsi":0.0521,"gsi":0.0521,"osr":0.9479,"entropy":0.3093,"umi":0.3418,"landuse":"Institutional","cent":0.2212},"geometry":{"type":"Polygon","coordinates":[[[79.873552,6.856029],[79.874005,6.85603],[79.874006,6.855578],[79.873554,6.855577],[79.873552,6.856029]]]}},{"type":"Feature","properties":{"id":1633.0,"fsi":0.1119,"gsi":0.1119,"osr":0.8881,"entropy":0.0,"umi":0.2956,"landuse":"Institutional","cent":0.3813},"geometry":{"type":"Polygon","coordinates":[[[79.873554,6.855577],[79.874006,6.855578],[79.874007,6.855126],[79.873555,6.855125],[79.873554,6.855577]]]}},{"type":"Feature","properties":{"id":1634.0,"fsi":0.4238,"gsi":0.4238,"osr":0.5762,"entropy":0.3557,"umi":0.4297,"landuse":"Institutional","cent":0.3422},"geometry":{"type":"Polygon","coordinates":[[[79.873555,6.855125],[79.874007,6.855126],[79.874008,6.854674],[79.873556,6.854673],[79.873555,6.855125]]]}},{"type":"Feature","properties":{"id":1635.0,"fsi":0.2399,"gsi":0.2399,"osr":0.7601,"entropy":0.3372,"umi":0.3991,"landuse":"Institutional","cent":0.3371},"geometry":{"type":"Polygon","coordinates":[[[79.873556,6.854673],[79.874008,6.854674],[79.874009,6.854222],[79.873557,6.85422],[79.873556,6.854673]]]}},{"type":"Feature","properties":{"id":1636.0,"fsi":0.2135,"gsi":0.2135,"osr":0.7865,"entropy":0.0188,"umi":0.3046,"landuse":"Institutional","cent":0.3355},"geometry":{"type":"Polygon","coordinates":[[[79.873557,6.85422],[79.874009,6.854222],[79.87401,6.853769],[79.873558,6.853768],[79.873557,6.85422]]]}},{"type":"Feature","properties":{"id":1637.0,"fsi":0.0,"gsi":0.0,"osr":1.0,"entropy":0.0,"umi":0.2746,"landuse":"Institutional","cent":0.3522},"geometry":{"type":"Polygon","coordinates":[[[79.873558,6.853768],[79.87401,6.853769],[79.874011,6.853317],[79.873559,6.853316],[79.873558,6.853768]]]}},{"type":"Feature","properties":{"id":1638.0,"fsi":0.0,"gsi":0.0,"osr":1.0,"entropy":0.0165,"umi":0.263,"landuse":"Institutional","cent":0.2751},"geometry":{"type":"Polygon","coordinates":[[[79.873559,6.853316],[79.874011,6.853317],[79.874012,6.852865],[79.87356,6.852864],[79.873559,6.853316]]]}},{"type":"Feature","properties":{"id":1639.0,"fsi":0.3507,"gsi":0.3507,"osr":0.6493,"entropy":0.248,"umi":0.3671,"landuse":"Residential","cent":0.237},"geometry":{"type":"Polygon","coordinates":[[[79.87356,6.852864],[79.874012,6.852865],[79.874013,6.852413],[79.873561,6.852412],[79.87356,6.852864]]]}},{"type":"Feature","properties":{"id":1640.0,"fsi":0.4476,"gsi":0.4476,"osr":0.5524,"entropy":0.0,"umi":0.2948,"landuse":"Residential","cent":0.1687},"geometry":{"type":"Polygon","coordinates":[[[79.873561,6.852412],[79.874013,6.852413],[79.874015,6.85196],[79.873562,6.851959],[79.873561,6.852412]]]}},{"type":"Feature","properties":{"id":1641.0,"fsi":0.4314,"gsi":0.4314,"osr":0.5686,"entropy":0.4575,"umi":0.4388,"landuse":"Residential","cent":0.2433},"geometry":{"type":"Polygon","coordinates":[[[79.873562,6.851959],[79.874015,6.85196],[79.874016,6.851508],[79.873563,6.851507],[79.873562,6.851959]]]}},{"type":"Feature","properties":{"id":1642.0,"fsi":0.6263,"gsi":0.6263,"osr":0.3737,"entropy":0.1266,"umi":0.3577,"landuse":"Cultural","cent":0.1839},"geometry":{"type":"Polygon","coordinates":[[[79.873563,6.851507],[79.874016,6.851508],[79.874017,6.851056],[79.873564,6.851055],[79.873563,6.851507]]]}},{"type":"Feature","properties":{"id":1643.0,"fsi":0.538,"gsi":0.538,"osr":0.462,"entropy":0.3519,"umi":0.4267,"landuse":"Residential","cent":0.2619},"geometry":{"type":"Polygon","coordinates":[[[79.873564,6.851055],[79.874017,6.851056],[79.874018,6.850604],[79.873565,6.850603],[79.873564,6.851055]]]}},{"type":"Feature","properties":{"id":1644.0,"fsi":0.5485,"gsi":0.5485,"osr":0.4515,"entropy":0.5323,"umi":0.4956,"landuse":"Commercial","cent":0.3382},"geometry":{"type":"Polygon","coordinates":[[[79.873565,6.850603],[79.874018,6.850604],[79.874019,6.850152],[79.873566,6.850151],[79.873565,6.850603]]]}},{"type":"Feature","properties":{"id":1645.0,"fsi":0.3517,"gsi":0.3517,"osr":0.6483,"entropy":0.4621,"umi":0.4496,"landuse":"Residential","cent":0.3378},"geometry":{"type":"Polygon","coordinates":[[[79.873566,6.850151],[79.874019,6.850152],[79.87402,6.849699],[79.873567,6.849698],[79.873566,6.850151]]]}},{"type":"Feature","properties":{"id":1646.0,"fsi":0.6331,"gsi":0.6331,"osr":0.3669,"entropy":0.1081,"umi":0.3516,"landuse":"Residential","cent":0.1755},"geometry":{"type":"Polygon","coordinates":[[[79.873567,6.849698],[79.87402,6.849699],[79.874021,6.849247],[79.873568,6.849246],[79.873567,6.849698]]]}},{"type":"Feature","properties":{"id":1647.0,"fsi":0.3977,"gsi":0.3977,"osr":0.6023,"entropy":0.2327,"umi":0.3401,"landuse":"Residential","cent":0.1009},"geometry":{"type":"Polygon","coordinates":[[[79.873568,6.849246],[79.874021,6.849247],[79.874022,6.848795],[79.873569,6.848794],[79.873568,6.849246]]]}},{"type":"Feature","properties":{"id":1648.0,"fsi":0.5871,"gsi":0.5871,"osr":0.4129,"entropy":0.2708,"umi":0.3701,"landuse":"Residential","cent":0.073},"geometry":{"type":"Polygon","coordinates":[[[79.873569,6.848794],[79.874022,6.848795],[79.874023,6.848343],[79.873571,6.848342],[79.873569,6.848794]]]}},{"type":"Feature","properties":{"id":1649.0,"fsi":0.5705,"gsi":0.5705,"osr":0.4295,"entropy":0.0841,"umi":0.3247,"landuse":"Residential","cent":0.12},"geometry":{"type":"Polygon","coordinates":[[[79.873571,6.848342],[79.874023,6.848343],[79.874024,6.847891],[79.873572,6.847889],[79.873571,6.848342]]]}},{"type":"Feature","properties":{"id":1650.0,"fsi":0.3399,"gsi":0.3399,"osr":0.6601,"entropy":0.0,"umi":0.2736,"landuse":"Residential","cent":0.1358},"geometry":{"type":"Polygon","coordinates":[[[79.873572,6.847889],[79.874024,6.847891],[79.874025,6.847438],[79.873573,6.847437],[79.873572,6.847889]]]}},{"type":"Feature","properties":{"id":1651.0,"fsi":0.447,"gsi":0.447,"osr":0.553,"entropy":0.1551,"umi":0.3742,"landuse":"Residential","cent":0.3352},"geometry":{"type":"Polygon","coordinates":[[[79.873987,6.847154],[79.873902,6.847161],[79.873787,6.847164],[79.873737,6.847168],[79.873679,6.846985],[79.873574,6.846985],[79.873573,6.847437],[79.874025,6.847438],[79.874026,6.847148],[79.873987,6.847154]]]}},{"type":"Feature","properties":{"id":1652.0,"fsi":0.3787,"gsi":0.3787,"osr":0.6213,"entropy":0.2789,"umi":0.4076,"landuse":"Transport","cent":0.3688},"geometry":{"type":"Polygon","coordinates":[[[79.873656,6.846914],[79.873659,6.846912],[79.873638,6.84686],[79.873574,6.846749],[79.873574,6.846985],[79.873679,6.846985],[79.873656,6.846914]]]}},{"type":"Feature","properties":{"id":1671.0,"fsi":0.2735,"gsi":0.2735,"osr":0.7265,"entropy":0.4101,"umi":0.3701,"landuse":"Residential","cent":0.0814},"geometry":{"type":"Polygon","coordinates":[[[79.874444,6.861667],[79.874445,6.861458],[79.873992,6.861457],[79.873992,6.86171],[79.874444,6.861667]]]}},{"type":"Feature","properties":{"id":1672.0,"fsi":0.6721,"gsi":0.6721,"osr":0.3279,"entropy":0.0978,"umi":0.3388,"landuse":"Residential","cent":0.1047},"geometry":{"type":"Polygon","coordinates":[[[79.873992,6.861457],[79.874445,6.861458],[79.874446,6.861006],[79.873993,6.861005],[79.873992,6.861457]]]}},{"type":"Feature","properties":{"id":1673.0,"fsi":0.4051,"gsi":0.4051,"osr":0.5949,"entropy":0.1222,"umi":0.3419,"landuse":"Residential","cent":0.253},"geometry":{"type":"Polygon","coordinates":[[[79.873993,6.861005],[79.874446,6.861006],[79.874447,6.860554],[79.873994,6.860553],[79.873993,6.861005]]]}},{"type":"Feature","properties":{"id":1674.0,"fsi":0.4108,"gsi":0.4108,"osr":0.5892,"entropy":0.3416,"umi":0.4167,"landuse":"Residential","cent":0.3075},"geometry":{"type":"Polygon","coordinates":[[[79.873994,6.860553],[79.874447,6.860554],[79.874448,6.860101],[79.873995,6.8601],[79.873994,6.860553]]]}},{"type":"Feature","properties":{"id":1675.0,"fsi":0.2859,"gsi":0.2859,"osr":0.7141,"entropy":0.0917,"umi":0.3383,"landuse":"Cultural","cent":0.3511},"geometry":{"type":"Polygon","coordinates":[[[79.873995,6.8601],[79.874448,6.860101],[79.874449,6.859649],[79.873996,6.859648],[79.873995,6.8601]]]}},{"type":"Feature","properties":{"id":1676.0,"fsi":0.3563,"gsi":0.3563,"osr":0.6437,"entropy":0.2457,"umi":0.3464,"landuse":"Residential","cent":0.1387},"geometry":{"type":"Polygon","coordinates":[[[79.873996,6.859648],[79.874449,6.859649],[79.87445,6.859197],[79.873998,6.859196],[79.873996,6.859648]]]}},{"type":"Feature","properties":{"id":1677.0,"fsi":0.4268,"gsi":0.4268,"osr":0.5732,"entropy":0.0083,"umi":0.2862,"landuse":"Residential","cent":0.1294},"geometry":{"type":"Polygon","coordinates":[[[79.873998,6.859196],[79.87445,6.859197],[79.874451,6.858745],[79.873999,6.858744],[79.873998,6.859196]]]}},{"type":"Feature","properties":{"id":1678.0,"fsi":0.2279,"gsi":0.2279,"osr":0.7721,"entropy":0.4137,"umi":0.4337,"landuse":"Residential","cent":0.4051},"geometry":{"type":"Polygon","coordinates":[[[79.873999,6.858744],[79.874451,6.858745],[79.874452,6.858293],[79.874,6.858291],[79.873999,6.858744]]]}},{"type":"Feature","properties":{"id":1679.0,"fsi":0.1155,"gsi":0.1155,"osr":0.8845,"entropy":0.0121,"umi":0.2268,"landuse":"Public Space","cent":0.0384},"geometry":{"type":"Polygon","coordinates":[[[79.874,6.858291],[79.874452,6.858293],[79.874453,6.85784],[79.874001,6.857839],[79.874,6.858291]]]}},{"type":"Feature","properties":{"id":1680.0,"fsi":0.019,"gsi":0.019,"osr":0.981,"entropy":0.0,"umi":0.2109,"landuse":"Public Space","cent":0.0398},"geometry":{"type":"Polygon","coordinates":[[[79.874001,6.857839],[79.874453,6.85784],[79.874454,6.857388],[79.874002,6.857387],[79.874001,6.857839]]]}},{"type":"Feature","properties":{"id":1681.0,"fsi":0.1163,"gsi":0.1163,"osr":0.8837,"entropy":0.0,"umi":0.2238,"landuse":"Public Space","cent":0.0401},"geometry":{"type":"Polygon","coordinates":[[[79.874002,6.857387],[79.874454,6.857388],[79.874455,6.856936],[79.874003,6.856935],[79.874002,6.857387]]]}},{"type":"Feature","properties":{"id":1682.0,"fsi":0.1488,"gsi":0.1488,"osr":0.8512,"entropy":0.0,"umi":0.2373,"landuse":"Public Space","cent":0.0832},"geometry":{"type":"Polygon","coordinates":[[[79.874003,6.856935],[79.874455,6.856936],[79.874456,6.856484],[79.874004,6.856483],[79.874003,6.856935]]]}},{"type":"Feature","properties":{"id":1683.0,"fsi":0.2623,"gsi":0.2623,"osr":0.7377,"entropy":0.0,"umi":0.2682,"landuse":"Public Space","cent":0.1583},"geometry":{"type":"Polygon","coordinates":[[[79.874004,6.856483],[79.874456,6.856484],[79.874457,6.856031],[79.874005,6.85603],[79.874004,6.856483]]]}},{"type":"Feature","properties":{"id":1684.0,"fsi":0.1292,"gsi":0.1292,"osr":0.8708,"entropy":0.236,"umi":0.3241,"landuse":"Institutional","cent":0.1878},"geometry":{"type":"Polygon","coordinates":[[[79.874005,6.85603],[79.874457,6.856031],[79.874458,6.855579],[79.874006,6.855578],[79.874005,6.85603]]]}},{"type":"Feature","properties":{"id":1685.0,"fsi":0.1513,"gsi":0.1513,"osr":0.8487,"entropy":0.0,"umi":0.2439,"landuse":"Institutional","cent":0.1127},"geometry":{"type":"Polygon","coordinates":[[[79.874006,6.855578],[79.874458,6.855579],[79.87446,6.855127],[79.874007,6.855126],[79.874006,6.855578]]]}},{"type":"Feature","properties":{"id":1686.0,"fsi":0.3218,"gsi":0.3218,"osr":0.6782,"entropy":0.3583,"umi":0.3934,"landuse":"Residential","cent":0.2306},"geometry":{"type":"Polygon","coordinates":[[[79.874007,6.855126],[79.87446,6.855127],[79.874461,6.854675],[79.874008,6.854674],[79.874007,6.855126]]]}},{"type":"Feature","properties":{"id":1687.0,"fsi":0.4134,"gsi":0.4134,"osr":0.5866,"entropy":0.2749,"umi":0.3551,"landuse":"Residential","cent":0.105},"geometry":{"type":"Polygon","coordinates":[[[79.874008,6.854674],[79.874461,6.854675],[79.874462,6.854223],[79.874009,6.854222],[79.874008,6.854674]]]}},{"type":"Feature","properties":{"id":1688.0,"fsi":0.2241,"gsi":0.2241,"osr":0.7759,"entropy":0.0,"umi":0.3,"landuse":"Institutional","cent":0.3323},"geometry":{"type":"Polygon","coordinates":[[[79.874009,6.854222],[79.874462,6.854223],[79.874463,6.85377],[79.87401,6.853769],[79.874009,6.854222]]]}},{"type":"Feature","properties":{"id":1689.0,"fsi":0.0,"gsi":0.0,"osr":1.0,"entropy":0.0,"umi":0.2597,"landuse":"Institutional","cent":0.2818},"geometry":{"type":"Polygon","coordinates":[[[79.87401,6.853769],[79.874463,6.85377],[79.874464,6.853318],[79.874011,6.853317],[79.87401,6.853769]]]}},{"type":"Feature","properties":{"id":1690.0,"fsi":0.0486,"gsi":0.0486,"osr":0.9514,"entropy":0.0,"umi":0.2661,"landuse":"Institutional","cent":0.2818},"geometry":{"type":"Polygon","coordinates":[[[79.874011,6.853317],[79.874464,6.853318],[79.874465,6.852866],[79.874012,6.852865],[79.874011,6.853317]]]}},{"type":"Feature","properties":{"id":1691.0,"fsi":0.2267,"gsi":0.2267,"osr":0.7733,"entropy":0.3826,"umi":0.3908,"landuse":"Residential","cent":0.2451},"geometry":{"type":"Polygon","coordinates":[[[79.874012,6.852865],[79.874465,6.852866],[79.874466,6.852414],[79.874013,6.852413],[79.874012,6.852865]]]}},{"type":"Feature","properties":{"id":1692.0,"fsi":0.4022,"gsi":0.4022,"osr":0.5978,"entropy":0.0,"umi":0.29,"landuse":"Residential","cent":0.1743},"geometry":{"type":"Polygon","coordinates":[[[79.874013,6.852413],[79.874466,6.852414],[79.874467,6.851962],[79.874015,6.85196],[79.874013,6.852413]]]}},{"type":"Feature","properties":{"id":1693.0,"fsi":0.3211,"gsi":0.3211,"osr":0.6789,"entropy":0.2533,"umi":0.3757,"landuse":"Residential","cent":0.2889},"geometry":{"type":"Polygon","coordinates":[[[79.874015,6.85196],[79.874467,6.851962],[79.874468,6.851509],[79.874016,6.851508],[79.874015,6.85196]]]}},{"type":"Feature","properties":{"id":1694.0,"fsi":0.3639,"gsi":0.3639,"osr":0.6361,"entropy":0.1353,"umi":0.3372,"landuse":"Residential","cent":0.2388},"geometry":{"type":"Polygon","coordinates":[[[79.874016,6.851508],[79.874468,6.851509],[79.874469,6.851057],[79.874017,6.851056],[79.874016,6.851508]]]}},{"type":"Feature","properties":{"id":1695.0,"fsi":0.5053,"gsi":0.5053,"osr":0.4947,"entropy":0.0,"umi":0.3283,"landuse":"Residential","cent":0.2906},"geometry":{"type":"Polygon","coordinates":[[[79.874017,6.851056],[79.874469,6.851057],[79.87447,6.850605],[79.874018,6.850604],[79.874017,6.851056]]]}},{"type":"Feature","properties":{"id":1696.0,"fsi":0.4928,"gsi":0.4928,"osr":0.5072,"entropy":0.2724,"umi":0.3797,"landuse":"Residential","cent":0.1749},"geometry":{"type":"Polygon","coordinates":[[[79.874018,6.850604],[79.87447,6.850605],[79.874471,6.850153],[79.874019,6.850152],[79.874018,6.850604]]]}},{"type":"Feature","properties":{"id":1697.0,"fsi":0.4793,"gsi":0.4793,"osr":0.5207,"entropy":0.2445,"umi":0.4169,"landuse":"Commercial","cent":0.3963},"geometry":{"type":"Polygon","coordinates":[[[79.874019,6.850152],[79.874471,6.850153],[79.874472,6.8497],[79.87402,6.849699],[79.874019,6.850152]]]}},{"type":"Feature","properties":{"id":1698.0,"fsi":0.4411,"gsi":0.4411,"osr":0.5589,"entropy":0.39,"umi":0.4065,"landuse":"Residential","cent":0.1759},"geometry":{"type":"Polygon","coordinates":[[[79.87402,6.849699],[79.874472,6.8497],[79.874473,6.849248],[79.874021,6.849247],[79.87402,6.849699]]]}},{"type":"Feature","properties":{"id":1699.0,"fsi":0.3619,"gsi":0.3619,"osr":0.6381,"entropy":0.2329,"umi":0.3421,"landuse":"Residential","cent":0.1322},"geometry":{"type":"Polygon","coordinates":[[[79.874021,6.849247],[79.874473,6.849248],[79.874474,6.848796],[79.874022,6.848795],[79.874021,6.849247]]]}},{"type":"Feature","properties":{"id":1700.0,"fsi":0.3036,"gsi":0.3036,"osr":0.6964,"entropy":0.2789,"umi":0.3452,"landuse":"Residential","cent":0.1212},"geometry":{"type":"Polygon","coordinates":[[[79.874022,6.848795],[79.874474,6.848796],[79.874475,6.848344],[79.874023,6.848343],[79.874022,6.848795]]]}},{"type":"Feature","properties":{"id":1701.0,"fsi":0.4693,"gsi":0.4693,"osr":0.5307,"entropy":0.1491,"umi":0.3276,"landuse":"Residential","cent":0.1093},"geometry":{"type":"Polygon","coordinates":[[[79.874023,6.848343],[79.874475,6.848344],[79.874477,6.847892],[79.874024,6.847891],[79.874023,6.848343]]]}},{"type":"Feature","properties":{"id":1702.0,"fsi":0.4996,"gsi":0.4996,"osr":0.5004,"entropy":0.0,"umi":0.2942,"landuse":"Residential","cent":0.1331},"geometry":{"type":"Polygon","coordinates":[[[79.874024,6.847891],[79.874477,6.847892],[79.874478,6.847439],[79.874025,6.847438],[79.874024,6.847891]]]}},{"type":"Feature","properties":{"id":1703.0,"fsi":0.4888,"gsi":0.4888,"osr":0.5112,"entropy":0.0883,"umi":0.3601,"landuse":"Residential","cent":0.3321},"geometry":{"type":"Polygon","coordinates":[[[79.874478,6.847094],[79.874327,6.847112],[79.874104,6.847136],[79.874026,6.847148],[79.874025,6.847438],[79.874478,6.847439],[79.874478,6.847094]]]}},{"type":"Feature","properties":{"id":1723.0,"fsi":0.3706,"gsi":0.3706,"osr":0.6294,"entropy":0.4013,"umi":0.3747,"landuse":"Residential","cent":0.0545},"geometry":{"type":"Polygon","coordinates":[[[79.874897,6.861623],[79.874897,6.861459],[79.874445,6.861458],[79.874444,6.861667],[79.874897,6.861623]]]}},{"type":"Feature","properties":{"id":1724.0,"fsi":0.4869,"gsi":0.4869,"osr":0.5131,"entropy":0.0,"umi":0.2848,"landuse":"Residential","cent":0.097},"geometry":{"type":"Polygon","coordinates":[[[79.874445,6.861458],[79.874897,6.861459],[79.874898,6.861007],[79.874446,6.861006],[79.874445,6.861458]]]}},{"type":"Feature","properties":{"id":1725.0,"fsi":0.3556,"gsi":0.3556,"osr":0.6444,"entropy":0.0777,"umi":0.3,"landuse":"Residential","cent":0.1458},"geometry":{"type":"Polygon","coordinates":[[[79.874446,6.861006],[79.874898,6.861007],[79.874899,6.860555],[79.874447,6.860554],[79.874446,6.861006]]]}},{"type":"Feature","properties":{"id":1726.0,"fsi":0.4375,"gsi":0.4375,"osr":0.5625,"entropy":0.2789,"umi":0.375,"landuse":"Residential","cent":0.1784},"geometry":{"type":"Polygon","coordinates":[[[79.874447,6.860554],[79.874899,6.860555],[79.8749,6.860102],[79.874448,6.860101],[79.874447,6.860554]]]}},{"type":"Feature","properties":{"id":1727.0,"fsi":0.2908,"gsi":0.2908,"osr":0.7092,"entropy":0.4591,"umi":0.4289,"landuse":"Residential","cent":0.282},"geometry":{"type":"Polygon","coordinates":[[[79.874448,6.860101],[79.8749,6.860102],[79.874901,6.85965],[79.874449,6.859649],[79.874448,6.860101]]]}},{"type":"Feature","properties":{"id":1728.0,"fsi":0.3393,"gsi":0.3393,"osr":0.6607,"entropy":0.3816,"umi":0.4203,"landuse":"Residential","cent":0.3154},"geometry":{"type":"Polygon","coordinates":[[[79.874449,6.859649],[79.874901,6.85965],[79.874902,6.859198],[79.87445,6.859197],[79.874449,6.859649]]]}},{"type":"Feature","properties":{"id":1729.0,"fsi":0.2523,"gsi":0.2523,"osr":0.7477,"entropy":0.1286,"umi":0.3345,"landuse":"Residential","cent":0.3048},"geometry":{"type":"Polygon","coordinates":[[[79.87445,6.859197],[79.874902,6.859198],[79.874904,6.858746],[79.874451,6.858745],[79.87445,6.859197]]]}},{"type":"Feature","properties":{"id":1730.0,"fsi":0.1946,"gsi":0.1946,"osr":0.8054,"entropy":0.4817,"umi":0.4276,"landuse":"Residential","cent":0.3056},"geometry":{"type":"Polygon","coordinates":[[[79.874451,6.858745],[79.874904,6.858746],[79.874905,6.858294],[79.874452,6.858293],[79.874451,6.858745]]]}},{"type":"Feature","properties":{"id":1731.0,"fsi":0.1525,"gsi":0.1525,"osr":0.8475,"entropy":0.0,"umi":0.2276,"landuse":"Public Space","cent":0.0354},"geometry":{"type":"Polygon","coordinates":[[[79.874452,6.858293],[79.874905,6.858294],[79.874906,6.857841],[79.874453,6.85784],[79.874452,6.858293]]]}},{"type":"Feature","properties":{"id":1732.0,"fsi":0.0989,"gsi":0.0989,"osr":0.9011,"entropy":0.0,"umi":0.2198,"landuse":"Public Space","cent":0.0319},"geometry":{"type":"Polygon","coordinates":[[[79.874453,6.85784],[79.874906,6.857841],[79.874907,6.857389],[79.874454,6.857388],[79.874453,6.85784]]]}},{"type":"Feature","properties":{"id":1733.0,"fsi":0.06,"gsi":0.06,"osr":0.94,"entropy":0.0,"umi":0.2213,"landuse":"Public Space","cent":0.0629},"geometry":{"type":"Polygon","coordinates":[[[79.874454,6.857388],[79.874907,6.857389],[79.874908,6.856937],[79.874455,6.856936],[79.874454,6.857388]]]}},{"type":"Feature","properties":{"id":1734.0,"fsi":0.2483,"gsi":0.2483,"osr":0.7517,"entropy":0.0,"umi":0.2452,"landuse":"Public Space","cent":0.0586},"geometry":{"type":"Polygon","coordinates":[[[79.874455,6.856936],[79.874908,6.856937],[79.874909,6.856485],[79.874456,6.856484],[79.874455,6.856936]]]}},{"type":"Feature","properties":{"id":1735.0,"fsi":0.2013,"gsi":0.2013,"osr":0.7987,"entropy":0.0,"umi":0.2339,"landuse":"Public Space","cent":0.0344},"geometry":{"type":"Polygon","coordinates":[[[79.874456,6.856484],[79.874909,6.856485],[79.87491,6.856033],[79.874457,6.856031],[79.874456,6.856484]]]}},{"type":"Feature","properties":{"id":1736.0,"fsi":0.4293,"gsi":0.4293,"osr":0.5707,"entropy":0.4213,"umi":0.423,"landuse":"Residential","cent":0.2186},"geometry":{"type":"Polygon","coordinates":[[[79.874457,6.856031],[79.87491,6.856033],[79.874911,6.85558],[79.874458,6.855579],[79.874457,6.856031]]]}},{"type":"Feature","properties":{"id":1737.0,"fsi":0.5023,"gsi":0.5023,"osr":0.4977,"entropy":0.2493,"umi":0.3576,"landuse":"Residential","cent":0.0956},"geometry":{"type":"Polygon","coordinates":[[[79.874458,6.855579],[79.874911,6.85558],[79.874912,6.855128],[79.87446,6.855127],[79.874458,6.855579]]]}},{"type":"Feature","properties":{"id":1738.0,"fsi":0.4518,"gsi":0.4518,"osr":0.5482,"entropy":0.2403,"umi":0.3987,"landuse":"Residential","cent":0.3334},"geometry":{"type":"Polygon","coordinates":[[[79.87446,6.855127],[79.874912,6.855128],[79.874913,6.854676],[79.874461,6.854675],[79.87446,6.855127]]]}},{"type":"Feature","properties":{"id":1739.0,"fsi":0.4251,"gsi":0.4251,"osr":0.5749,"entropy":0.1982,"umi":0.3441,"landuse":"Residential","cent":0.1489},"geometry":{"type":"Polygon","coordinates":[[[79.874461,6.854675],[79.874913,6.854676],[79.874914,6.854224],[79.874462,6.854223],[79.874461,6.854675]]]}},{"type":"Feature","properties":{"id":1740.0,"fsi":0.3248,"gsi":0.3248,"osr":0.6752,"entropy":0.0,"umi":0.3113,"landuse":"Institutional","cent":0.3231},"geometry":{"type":"Polygon","coordinates":[[[79.874462,6.854223],[79.874914,6.854224],[79.874915,6.853771],[79.874463,6.85377],[79.874462,6.854223]]]}},{"type":"Feature","properties":{"id":1741.0,"fsi":0.0109,"gsi":0.0109,"osr":0.9891,"entropy":0.0,"umi":0.2742,"landuse":"Institutional","cent":0.3433},"geometry":{"type":"Polygon","coordinates":[[[79.874463,6.85377],[79.874915,6.853771],[79.874916,6.853319],[79.874464,6.853318],[79.874463,6.85377]]]}},{"type":"Feature","properties":{"id":1742.0,"fsi":0.417,"gsi":0.417,"osr":0.583,"entropy":0.0,"umi":0.3186,"landuse":"Institutional","cent":0.3},"geometry":{"type":"Polygon","coordinates":[[[79.874464,6.853318],[79.874916,6.853319],[79.874917,6.852867],[79.874465,6.852866],[79.874464,6.853318]]]}},{"type":"Feature","properties":{"id":1743.0,"fsi":0.5697,"gsi":0.5697,"osr":0.4303,"entropy":0.3962,"umi":0.4516,"landuse":"Institutional","cent":0.3},"geometry":{"type":"Polygon","coordinates":[[[79.874465,6.852866],[79.874917,6.852867],[79.874918,6.852415],[79.874466,6.852414],[79.874465,6.852866]]]}},{"type":"Feature","properties":{"id":1744.0,"fsi":0.538,"gsi":0.538,"osr":0.462,"entropy":0.0819,"umi":0.3229,"landuse":"Residential","cent":0.1347},"geometry":{"type":"Polygon","coordinates":[[[79.874466,6.852414],[79.874918,6.852415],[79.874919,6.851963],[79.874467,6.851962],[79.874466,6.852414]]]}},{"type":"Feature","properties":{"id":1745.0,"fsi":0.4864,"gsi":0.4864,"osr":0.5136,"entropy":0.1082,"umi":0.3603,"landuse":"Residential","cent":0.3078},"geometry":{"type":"Polygon","coordinates":[[[79.874467,6.851962],[79.874919,6.851963],[79.87492,6.85151],[79.874468,6.851509],[79.874467,6.851962]]]}},{"type":"Feature","properties":{"id":1746.0,"fsi":0.429,"gsi":0.429,"osr":0.571,"entropy":0.0,"umi":0.2993,"landuse":"Residential","cent":0.2015},"geometry":{"type":"Polygon","coordinates":[[[79.874468,6.851509],[79.87492,6.85151],[79.874922,6.851058],[79.874469,6.851057],[79.874468,6.851509]]]}},{"type":"Feature","properties":{"id":1747.0,"fsi":0.5056,"gsi":0.5056,"osr":0.4944,"entropy":0.0,"umi":0.3095,"landuse":"Residential","cent":0.2015},"geometry":{"type":"Polygon","coordinates":[[[79.874469,6.851057],[79.874922,6.851058],[79.874923,6.850606],[79.87447,6.850605],[79.874469,6.851057]]]}},{"type":"Feature","properties":{"id":1748.0,"fsi":0.5935,"gsi":0.5935,"osr":0.4065,"entropy":0.261,"umi":0.3897,"landuse":"Residential","cent":0.1749},"geometry":{"type":"Polygon","coordinates":[[[79.87447,6.850605],[79.874923,6.850606],[79.874924,6.850154],[79.874471,6.850153],[79.87447,6.850605]]]}},{"type":"Feature","properties":{"id":1749.0,"fsi":0.4029,"gsi":0.4029,"osr":0.5971,"entropy":0.1987,"umi":0.3954,"landuse":"Commercial","cent":0.4043},"geometry":{"type":"Polygon","coordinates":[[[79.874471,6.850153],[79.874924,6.850154],[79.874925,6.849702],[79.874472,6.8497],[79.874471,6.850153]]]}},{"type":"Feature","properties":{"id":1750.0,"fsi":0.3693,"gsi":0.3693,"osr":0.6307,"entropy":0.2464,"umi":0.3569,"landuse":"Residential","cent":0.1795},"geometry":{"type":"Polygon","coordinates":[[[79.874472,6.8497],[79.874925,6.849702],[79.874926,6.849249],[79.874473,6.849248],[79.874472,6.8497]]]}},{"type":"Feature","properties":{"id":1751.0,"fsi":0.5197,"gsi":0.5197,"osr":0.4803,"entropy":0.0,"umi":0.331,"landuse":"Residential","cent":0.2945},"geometry":{"type":"Polygon","coordinates":[[[79.874473,6.849248],[79.874926,6.849249],[79.874927,6.848797],[79.874474,6.848796],[79.874473,6.849248]]]}},{"type":"Feature","properties":{"id":1752.0,"fsi":0.5416,"gsi":0.5416,"osr":0.4584,"entropy":0.0419,"umi":0.3262,"landuse":"Residential","cent":0.2019},"geometry":{"type":"Polygon","coordinates":[[[79.874474,6.848796],[79.874927,6.848797],[79.874928,6.848345],[79.874475,6.848344],[79.874474,6.848796]]]}},{"type":"Feature","properties":{"id":1753.0,"fsi":0.5598,"gsi":0.5598,"osr":0.4402,"entropy":0.1168,"umi":0.3554,"landuse":"Residential","cent":0.2278},"geometry":{"type":"Polygon","coordinates":[[[79.874475,6.848344],[79.874928,6.848345],[79.874929,6.847893],[79.874477,6.847892],[79.874475,6.848344]]]}},{"type":"Feature","properties":{"id":1754.0,"fsi":0.5305,"gsi":0.5305,"osr":0.4695,"entropy":0.1382,"umi":0.3625,"landuse":"Residential","cent":0.2505},"geometry":{"type":"Polygon","coordinates":[[[79.874477,6.847892],[79.874929,6.847893],[79.87493,6.84744],[79.874478,6.847439],[79.874477,6.847892]]]}},{"type":"Feature","properties":{"id":1755.0,"fsi":0.4192,"gsi":0.4192,"osr":0.5808,"entropy":0.1796,"umi":0.3596,"landuse":"Residential","cent":0.2505},"geometry":{"type":"Polygon","coordinates":[[[79.874893,6.84712],[79.874802,6.847104],[79.874712,6.847096],[79.874608,6.847097],[79.874607,6.847094],[79.874569,6.847091],[79.874509,6.84709],[79.874478,6.847094],[79.874478,6.847439],[79.87493,6.84744],[79.874931,6.847123],[79.874893,6.84712]]]}},{"type":"Feature","properties":{"id":1775.0,"fsi":0.2009,"gsi":0.2009,"osr":0.7991,"entropy":0.3963,"umi":0.3648,"landuse":"Transport","cent":0.1202},"geometry":{"type":"Polygon","coordinates":[[[79.874941,6.861618],[79.875208,6.861581],[79.875349,6.861533],[79.87535,6.86146],[79.874897,6.861459],[79.874897,6.861623],[79.874941,6.861618]]]}},{"type":"Feature","properties":{"id":1776.0,"fsi":0.3798,"gsi":0.3798,"osr":0.6202,"entropy":0.0525,"umi":0.2767,"landuse":"Residential","cent":0.0545},"geometry":{"type":"Polygon","coordinates":[[[79.874897,6.861459],[79.87535,6.86146],[79.875351,6.861008],[79.874898,6.861007],[79.874897,6.861459]]]}},{"type":"Feature","properties":{"id":1777.0,"fsi":0.3847,"gsi":0.3847,"osr":0.6153,"entropy":0.0,"umi":0.2667,"landuse":"Residential","cent":0.0751},"geometry":{"type":"Polygon","coordinates":[[[79.874898,6.861007],[79.875351,6.861008],[79.875352,6.860556],[79.874899,6.860555],[79.874898,6.861007]]]}},{"type":"Feature","properties":{"id":1778.0,"fsi":0.4796,"gsi":0.4796,"osr":0.5204,"entropy":0.0716,"umi":0.3003,"landuse":"Residential","cent":0.0784},"geometry":{"type":"Polygon","coordinates":[[[79.874899,6.860555],[79.875352,6.860556],[79.875353,6.860103],[79.8749,6.860102],[79.874899,6.860555]]]}},{"type":"Feature","properties":{"id":1779.0,"fsi":0.4262,"gsi":0.4262,"osr":0.5738,"entropy":0.2111,"umi":0.3581,"landuse":"Residential","cent":0.1972},"geometry":{"type":"Polygon","coordinates":[[[79.8749,6.860102],[79.875353,6.860103],[79.875354,6.859651],[79.874901,6.85965],[79.8749,6.860102]]]}},{"type":"Feature","properties":{"id":1780.0,"fsi":0.3228,"gsi":0.3228,"osr":0.6772,"entropy":0.2268,"umi":0.3584,"landuse":"Residential","cent":0.2415},"geometry":{"type":"Polygon","coordinates":[[[79.874901,6.85965],[79.875354,6.859651],[79.875355,6.859199],[79.874902,6.859198],[79.874901,6.85965]]]}},{"type":"Feature","properties":{"id":1781.0,"fsi":0.387,"gsi":0.387,"osr":0.613,"entropy":0.0,"umi":0.2772,"landuse":"Residential","cent":0.1234},"geometry":{"type":"Polygon","coordinates":[[[79.874902,6.859198],[79.875355,6.859199],[79.875356,6.858747],[79.874904,6.858746],[79.874902,6.859198]]]}},{"type":"Feature","properties":{"id":1782.0,"fsi":0.2551,"gsi":0.2551,"osr":0.7449,"entropy":0.3901,"umi":0.3965,"landuse":"Residential","cent":0.2439},"geometry":{"type":"Polygon","coordinates":[[[79.874904,6.858746],[79.875356,6.858747],[79.875357,6.858295],[79.874905,6.858294],[79.874904,6.858746]]]}},{"type":"Feature","properties":{"id":1783.0,"fsi":0.5005,"gsi":0.5005,"osr":0.4995,"entropy":0.0,"umi":0.2732,"landuse":"Public Space","cent":0.0334},"geometry":{"type":"Polygon","coordinates":[[[79.874905,6.858294],[79.875357,6.858295],[79.875358,6.857842],[79.874906,6.857841],[79.874905,6.858294]]]}},{"type":"Feature","properties":{"id":1784.0,"fsi":0.4444,"gsi":0.4444,"osr":0.5556,"entropy":0.0,"umi":0.2654,"landuse":"Public Space","cent":0.0319},"geometry":{"type":"Polygon","coordinates":[[[79.874906,6.857841],[79.875358,6.857842],[79.875359,6.85739],[79.874907,6.857389],[79.874906,6.857841]]]}},{"type":"Feature","properties":{"id":1785.0,"fsi":0.0627,"gsi":0.0627,"osr":0.9373,"entropy":0.0,"umi":0.2167,"landuse":"Public Space","cent":0.0396},"geometry":{"type":"Polygon","coordinates":[[[79.874907,6.857389],[79.875359,6.85739],[79.87536,6.856938],[79.874908,6.856937],[79.874907,6.857389]]]}},{"type":"Feature","properties":{"id":1786.0,"fsi":0.6114,"gsi":0.6114,"osr":0.3886,"entropy":0.0,"umi":0.2866,"landuse":"Public Space","cent":0.0278},"geometry":{"type":"Polygon","coordinates":[[[79.874908,6.856937],[79.87536,6.856938],[79.875361,6.856486],[79.874909,6.856485],[79.874908,6.856937]]]}},{"type":"Feature","properties":{"id":1787.0,"fsi":0.7163,"gsi":0.7163,"osr":0.2837,"entropy":0.0,"umi":0.3016,"landuse":"Public Space","cent":0.033},"geometry":{"type":"Polygon","coordinates":[[[79.874909,6.856485],[79.875361,6.856486],[79.875362,6.856034],[79.87491,6.856033],[79.874909,6.856485]]]}},{"type":"Feature","properties":{"id":1788.0,"fsi":0.4386,"gsi":0.4386,"osr":0.5614,"entropy":0.3022,"umi":0.3934,"landuse":"Residential","cent":0.2335},"geometry":{"type":"Polygon","coordinates":[[[79.87491,6.856033],[79.875362,6.856034],[79.875363,6.855581],[79.874911,6.85558],[79.87491,6.856033]]]}},{"type":"Feature","properties":{"id":1789.0,"fsi":0.4895,"gsi":0.4895,"osr":0.5105,"entropy":0.0,"umi":0.2918,"landuse":"Residential","cent":0.1281},"geometry":{"type":"Polygon","coordinates":[[[79.874911,6.85558],[79.875363,6.855581],[79.875364,6.855129],[79.874912,6.855128],[79.874911,6.85558]]]}},{"type":"Feature","properties":{"id":1790.0,"fsi":0.3598,"gsi":0.3598,"osr":0.6402,"entropy":0.1547,"umi":0.3528,"landuse":"Residential","cent":0.289},"geometry":{"type":"Polygon","coordinates":[[[79.874912,6.855128],[79.875364,6.855129],[79.875366,6.854677],[79.874913,6.854676],[79.874912,6.855128]]]}},{"type":"Feature","properties":{"id":1791.0,"fsi":0.1837,"gsi":0.1837,"osr":0.8163,"entropy":0.272,"umi":0.3712,"landuse":"Residential","cent":0.3281},"geometry":{"type":"Polygon","coordinates":[[[79.874913,6.854676],[79.875366,6.854677],[79.875367,6.854225],[79.874914,6.854224],[79.874913,6.854676]]]}},{"type":"Feature","properties":{"id":1792.0,"fsi":0.174,"gsi":0.174,"osr":0.826,"entropy":0.2678,"umi":0.3678,"landuse":"Institutional","cent":0.3237},"geometry":{"type":"Polygon","coordinates":[[[79.874914,6.854224],[79.875367,6.854225],[79.875368,6.853772],[79.874915,6.853771],[79.874914,6.854224]]]}},{"type":"Feature","properties":{"id":1793.0,"fsi":0.1627,"gsi":0.1627,"osr":0.8373,"entropy":0.3486,"umi":0.3903,"landuse":"Institutional","cent":0.3283},"geometry":{"type":"Polygon","coordinates":[[[79.874915,6.853771],[79.875368,6.853772],[79.875369,6.85332],[79.874916,6.853319],[79.874915,6.853771]]]}},{"type":"Feature","properties":{"id":1794.0,"fsi":0.2486,"gsi":0.2486,"osr":0.7514,"entropy":0.3401,"umi":0.4062,"landuse":"Institutional","cent":0.3613},"geometry":{"type":"Polygon","coordinates":[[[79.874916,6.853319],[79.875369,6.85332],[79.87537,6.852868],[79.874917,6.852867],[79.874916,6.853319]]]}},{"type":"Feature","properties":{"id":1795.0,"fsi":0.3626,"gsi":0.3626,"osr":0.6374,"entropy":0.3967,"umi":0.4398,"landuse":"Institutional","cent":0.3727},"geometry":{"type":"Polygon","coordinates":[[[79.874917,6.852867],[79.87537,6.852868],[79.875371,6.852416],[79.874918,6.852415],[79.874917,6.852867]]]}},{"type":"Feature","properties":{"id":1796.0,"fsi":0.4345,"gsi":0.4345,"osr":0.5655,"entropy":0.2082,"umi":0.4175,"landuse":"Residential","cent":0.4759},"geometry":{"type":"Polygon","coordinates":[[[79.874918,6.852415],[79.875371,6.852416],[79.875372,6.851964],[79.874919,6.851963],[79.874918,6.852415]]]}},{"type":"Feature","properties":{"id":1797.0,"fsi":0.4701,"gsi":0.4701,"osr":0.5299,"entropy":0.2382,"umi":0.3783,"landuse":"Residential","cent":0.2286},"geometry":{"type":"Polygon","coordinates":[[[79.874919,6.851963],[79.875372,6.851964],[79.875373,6.851511],[79.87492,6.85151],[79.874919,6.851963]]]}},{"type":"Feature","properties":{"id":1798.0,"fsi":0.5365,"gsi":0.5365,"osr":0.4635,"entropy":0.0,"umi":0.3128,"landuse":"Residential","cent":0.1981},"geometry":{"type":"Polygon","coordinates":[[[79.87492,6.85151],[79.875373,6.851511],[79.875374,6.851059],[79.874922,6.851058],[79.87492,6.85151]]]}},{"type":"Feature","properties":{"id":1799.0,"fsi":0.5406,"gsi":0.5406,"osr":0.4594,"entropy":0.0,"umi":0.3141,"landuse":"Residential","cent":0.2015},"geometry":{"type":"Polygon","coordinates":[[[79.874922,6.851058],[79.875374,6.851059],[79.875375,6.850607],[79.874923,6.850606],[79.874922,6.851058]]]}},{"type":"Feature","properties":{"id":1800.0,"fsi":0.5809,"gsi":0.5809,"osr":0.4191,"entropy":0.2448,"umi":0.3835,"landuse":"Residential","cent":0.1749},"geometry":{"type":"Polygon","coordinates":[[[79.874923,6.850606],[79.875375,6.850607],[79.875376,6.850155],[79.874924,6.850154],[79.874923,6.850606]]]}},{"type":"Feature","properties":{"id":1801.0,"fsi":0.5341,"gsi":0.5341,"osr":0.4659,"entropy":0.198,"umi":0.4432,"landuse":"Commercial","cent":0.549},"geometry":{"type":"Polygon","coordinates":[[[79.874924,6.850154],[79.875376,6.850155],[79.875377,6.849703],[79.874925,6.849702],[79.874924,6.850154]]]}},{"type":"Feature","properties":{"id":1802.0,"fsi":0.6062,"gsi":0.6062,"osr":0.3938,"entropy":0.3471,"umi":0.4596,"landuse":"Residential","cent":0.3811},"geometry":{"type":"Polygon","coordinates":[[[79.874925,6.849702],[79.875377,6.849703],[79.875378,6.84925],[79.874926,6.849249],[79.874925,6.849702]]]}},{"type":"Feature","properties":{"id":1803.0,"fsi":0.3003,"gsi":0.3003,"osr":0.6997,"entropy":0.3882,"umi":0.4056,"landuse":"Residential","cent":0.2618},"geometry":{"type":"Polygon","coordinates":[[[79.874926,6.849249],[79.875378,6.84925],[79.875379,6.848798],[79.874927,6.848797],[79.874926,6.849249]]]}},{"type":"Feature","properties":{"id":1804.0,"fsi":0.4231,"gsi":0.4231,"osr":0.5769,"entropy":0.406,"umi":0.4189,"landuse":"Industrial","cent":0.224},"geometry":{"type":"Polygon","coordinates":[[[79.874927,6.848797],[79.875379,6.848798],[79.87538,6.848346],[79.874928,6.848345],[79.874927,6.848797]]]}},{"type":"Feature","properties":{"id":1805.0,"fsi":0.6049,"gsi":0.6049,"osr":0.3951,"entropy":0.0,"umi":0.3076,"landuse":"Residential","cent":0.1309},"geometry":{"type":"Polygon","coordinates":[[[79.874928,6.848345],[79.87538,6.848346],[79.875381,6.847894],[79.874929,6.847893],[79.874928,6.848345]]]}},{"type":"Feature","properties":{"id":1806.0,"fsi":0.5141,"gsi":0.5141,"osr":0.4859,"entropy":0.0,"umi":0.2926,"landuse":"Residential","cent":0.1165},"geometry":{"type":"Polygon","coordinates":[[[79.874929,6.847893],[79.875381,6.847894],[79.875382,6.847442],[79.87493,6.84744],[79.874929,6.847893]]]}},{"type":"Feature","properties":{"id":1807.0,"fsi":0.5929,"gsi":0.5929,"osr":0.4071,"entropy":0.0655,"umi":0.3216,"landuse":"Residential","cent":0.1165},"geometry":{"type":"Polygon","coordinates":[[[79.875355,6.847085],[79.875295,6.847095],[79.875129,6.847118],[79.875037,6.847127],[79.874949,6.847124],[79.874931,6.847123],[79.87493,6.84744],[79.875382,6.847442],[79.875383,6.847081],[79.875355,6.847085]]]}},{"type":"Feature","properties":{"id":1827.0,"fsi":0.0,"gsi":0.0,"osr":1.0,"entropy":0.2264,"umi":0.2899,"landuse":"Water","cent":0.1202},"geometry":{"type":"Polygon","coordinates":[[[79.875558,6.861461],[79.87535,6.86146],[79.875349,6.861533],[79.875558,6.861461]]]}},{"type":"Feature","properties":{"id":1828.0,"fsi":0.4324,"gsi":0.4324,"osr":0.5676,"entropy":0.2971,"umi":0.3598,"landuse":"Residential","cent":0.0858},"geometry":{"type":"Polygon","coordinates":[[[79.875802,6.861376],[79.875803,6.861009],[79.875351,6.861008],[79.87535,6.86146],[79.875558,6.861461],[79.875802,6.861376]]]}},{"type":"Feature","properties":{"id":1829.0,"fsi":0.3305,"gsi":0.3305,"osr":0.6695,"entropy":0.1457,"umi":0.3109,"landuse":"Residential","cent":0.1214},"geometry":{"type":"Polygon","coordinates":[[[79.875351,6.861008],[79.875803,6.861009],[79.875804,6.860557],[79.875352,6.860556],[79.875351,6.861008]]]}},{"type":"Feature","properties":{"id":1830.0,"fsi":0.3421,"gsi":0.3421,"osr":0.6579,"entropy":0.1827,"umi":0.3258,"landuse":"Residential","cent":0.1353},"geometry":{"type":"Polygon","coordinates":[[[79.875352,6.860556],[79.875804,6.860557],[79.875805,6.860105],[79.875353,6.860103],[79.875352,6.860556]]]}},{"type":"Feature","properties":{"id":1831.0,"fsi":0.5751,"gsi":0.5751,"osr":0.4249,"entropy":0.0595,"umi":0.3189,"landuse":"Residential","cent":0.1228},"geometry":{"type":"Polygon","coordinates":[[[79.875353,6.860103],[79.875805,6.860105],[79.875806,6.859652],[79.875354,6.859651],[79.875353,6.860103]]]}},{"type":"Feature","properties":{"id":1832.0,"fsi":0.309,"gsi":0.309,"osr":0.691,"entropy":0.0857,"umi":0.2979,"landuse":"Residential","cent":0.1545},"geometry":{"type":"Polygon","coordinates":[[[79.875354,6.859651],[79.875806,6.859652],[79.875807,6.8592],[79.875355,6.859199],[79.875354,6.859651]]]}},{"type":"Feature","properties":{"id":1833.0,"fsi":0.2755,"gsi":0.2755,"osr":0.7245,"entropy":0.2205,"umi":0.3436,"landuse":"Residential","cent":0.2098},"geometry":{"type":"Polygon","coordinates":[[[79.875355,6.859199],[79.875807,6.8592],[79.875808,6.858748],[79.875356,6.858747],[79.875355,6.859199]]]}},{"type":"Feature","properties":{"id":1834.0,"fsi":0.3258,"gsi":0.3258,"osr":0.6742,"entropy":0.3953,"umi":0.4036,"landuse":"Residential","cent":0.2268},"geometry":{"type":"Polygon","coordinates":[[[79.875356,6.858747],[79.875808,6.858748],[79.87581,6.858296],[79.875357,6.858295],[79.875356,6.858747]]]}},{"type":"Feature","properties":{"id":1835.0,"fsi":0.0875,"gsi":0.0875,"osr":0.9125,"entropy":0.5444,"umi":0.4188,"landuse":"Residential","cent":0.2466},"geometry":{"type":"Polygon","coordinates":[[[79.875357,6.858295],[79.87581,6.858296],[79.875811,6.857843],[79.875358,6.857842],[79.875357,6.858295]]]}},{"type":"Feature","properties":{"id":1836.0,"fsi":0.6131,"gsi":0.6131,"osr":0.3869,"entropy":0.2396,"umi":0.4008,"landuse":"Public Space","cent":0.2438},"geometry":{"type":"Polygon","coordinates":[[[79.875358,6.857842],[79.875811,6.857843],[79.875812,6.857391],[79.875359,6.85739],[79.875358,6.857842]]]}},{"type":"Feature","properties":{"id":1837.0,"fsi":0.1063,"gsi":0.1063,"osr":0.8937,"entropy":0.033,"umi":0.2294,"landuse":"Public Space","cent":0.0283},"geometry":{"type":"Polygon","coordinates":[[[79.875359,6.85739],[79.875812,6.857391],[79.875813,6.856939],[79.87536,6.856938],[79.875359,6.85739]]]}},{"type":"Feature","properties":{"id":1838.0,"fsi":0.2586,"gsi":0.2586,"osr":0.7414,"entropy":0.0,"umi":0.2403,"landuse":"Public Space","cent":0.0289},"geometry":{"type":"Polygon","coordinates":[[[79.87536,6.856938],[79.875813,6.856939],[79.875814,6.856487],[79.875361,6.856486],[79.87536,6.856938]]]}},{"type":"Feature","properties":{"id":1839.0,"fsi":0.5209,"gsi":0.5209,"osr":0.4791,"entropy":0.0002,"umi":0.2911,"landuse":"Public Space","cent":0.1049},"geometry":{"type":"Polygon","coordinates":[[[79.875361,6.856486],[79.875814,6.856487],[79.875815,6.856035],[79.875362,6.856034],[79.875361,6.856486]]]}},{"type":"Feature","properties":{"id":1840.0,"fsi":0.2509,"gsi":0.2509,"osr":0.7491,"entropy":0.2363,"umi":0.359,"landuse":"Residential","cent":0.2765},"geometry":{"type":"Polygon","coordinates":[[[79.875362,6.856034],[79.875815,6.856035],[79.875816,6.855582],[79.875363,6.855581],[79.875362,6.856034]]]}},{"type":"Feature","properties":{"id":1841.0,"fsi":0.3304,"gsi":0.3304,"osr":0.6696,"entropy":0.1133,"umi":0.337,"landuse":"Residential","cent":0.2884},"geometry":{"type":"Polygon","coordinates":[[[79.875363,6.855581],[79.875816,6.855582],[79.875817,6.85513],[79.875364,6.855129],[79.875363,6.855581]]]}},{"type":"Feature","properties":{"id":1842.0,"fsi":0.3043,"gsi":0.3043,"osr":0.6957,"entropy":0.2977,"umi":0.3898,"landuse":"Residential","cent":0.3062},"geometry":{"type":"Polygon","coordinates":[[[79.875364,6.855129],[79.875817,6.85513],[79.875818,6.854678],[79.875366,6.854677],[79.875364,6.855129]]]}},{"type":"Feature","properties":{"id":1843.0,"fsi":0.4222,"gsi":0.4222,"osr":0.5778,"entropy":0.4769,"umi":0.4606,"landuse":"Residential","cent":0.3261},"geometry":{"type":"Polygon","coordinates":[[[79.875366,6.854677],[79.875818,6.854678],[79.875819,6.854226],[79.875367,6.854225],[79.875366,6.854677]]]}},{"type":"Feature","properties":{"id":1844.0,"fsi":0.3319,"gsi":0.3319,"osr":0.6681,"entropy":0.2774,"umi":0.3784,"landuse":"Residential","cent":0.2622},"geometry":{"type":"Polygon","coordinates":[[[79.875367,6.854225],[79.875819,6.854226],[79.87582,6.853774],[79.875368,6.853772],[79.875367,6.854225]]]}},{"type":"Feature","properties":{"id":1845.0,"fsi":0.3046,"gsi":0.3046,"osr":0.6954,"entropy":0.0,"umi":0.3088,"landuse":"Residential","cent":0.3235},"geometry":{"type":"Polygon","coordinates":[[[79.875368,6.853772],[79.87582,6.853774],[79.875821,6.853321],[79.875369,6.85332],[79.875368,6.853772]]]}},{"type":"Feature","properties":{"id":1846.0,"fsi":0.3469,"gsi":0.3469,"osr":0.6531,"entropy":0.0,"umi":0.3271,"landuse":"Residential","cent":0.3838},"geometry":{"type":"Polygon","coordinates":[[[79.875369,6.85332],[79.875821,6.853321],[79.875822,6.852869],[79.87537,6.852868],[79.875369,6.85332]]]}},{"type":"Feature","properties":{"id":1847.0,"fsi":0.4415,"gsi":0.4415,"osr":0.5585,"entropy":0.1523,"umi":0.3947,"landuse":"Residential","cent":0.4391},"geometry":{"type":"Polygon","coordinates":[[[79.87537,6.852868],[79.875822,6.852869],[79.875823,6.852417],[79.875371,6.852416],[79.87537,6.852868]]]}},{"type":"Feature","properties":{"id":1848.0,"fsi":0.3496,"gsi":0.3496,"osr":0.6504,"entropy":0.4321,"umi":0.483,"landuse":"Commercial","cent":0.5369},"geometry":{"type":"Polygon","coordinates":[[[79.875371,6.852416],[79.875823,6.852417],[79.875824,6.851965],[79.875372,6.851964],[79.875371,6.852416]]]}},{"type":"Feature","properties":{"id":1849.0,"fsi":0.4293,"gsi":0.4293,"osr":0.5707,"entropy":0.3058,"umi":0.4562,"landuse":"Residential","cent":0.5308},"geometry":{"type":"Polygon","coordinates":[[[79.875372,6.851964],[79.875824,6.851965],[79.875825,6.851512],[79.875373,6.851511],[79.875372,6.851964]]]}},{"type":"Feature","properties":{"id":1850.0,"fsi":0.5502,"gsi":0.5502,"osr":0.4498,"entropy":0.1262,"umi":0.4087,"landuse":"Residential","cent":0.4724},"geometry":{"type":"Polygon","coordinates":[[[79.875373,6.851511],[79.875825,6.851512],[79.875826,6.85106],[79.875374,6.851059],[79.875373,6.851511]]]}},{"type":"Feature","properties":{"id":1851.0,"fsi":0.6195,"gsi":0.6195,"osr":0.3805,"entropy":0.1419,"umi":0.4502,"landuse":"Residential","cent":0.6041},"geometry":{"type":"Polygon","coordinates":[[[79.875374,6.851059],[79.875826,6.85106],[79.875828,6.850608],[79.875375,6.850607],[79.875374,6.851059]]]}},{"type":"Feature","properties":{"id":1852.0,"fsi":0.4618,"gsi":0.4618,"osr":0.5382,"entropy":0.4585,"umi":0.4862,"landuse":"Commercial","cent":0.4466},"geometry":{"type":"Polygon","coordinates":[[[79.875375,6.850607],[79.875828,6.850608],[79.875829,6.850156],[79.875376,6.850155],[79.875375,6.850607]]]}},{"type":"Feature","properties":{"id":1853.0,"fsi":0.4111,"gsi":0.4111,"osr":0.5889,"entropy":0.2543,"umi":0.4451,"landuse":"Commercial","cent":0.5586},"geometry":{"type":"Polygon","coordinates":[[[79.875376,6.850155],[79.875829,6.850156],[79.87583,6.849704],[79.875377,6.849703],[79.875376,6.850155]]]}},{"type":"Feature","properties":{"id":1854.0,"fsi":0.5864,"gsi":0.5864,"osr":0.4136,"entropy":0.4689,"umi":0.478,"landuse":"Commercial","cent":0.3168},"geometry":{"type":"Polygon","coordinates":[[[79.875377,6.849703],[79.87583,6.849704],[79.875831,6.849251],[79.875378,6.84925],[79.875377,6.849703]]]}},{"type":"Feature","properties":{"id":1855.0,"fsi":0.5995,"gsi":0.5995,"osr":0.4005,"entropy":0.3571,"umi":0.4116,"landuse":"Industrial","cent":0.1455},"geometry":{"type":"Polygon","coordinates":[[[79.875378,6.84925],[79.875831,6.849251],[79.875832,6.848799],[79.875379,6.848798],[79.875378,6.84925]]]}},{"type":"Feature","properties":{"id":1856.0,"fsi":0.4658,"gsi":0.4658,"osr":0.5342,"entropy":0.2946,"umi":0.3719,"landuse":"Industrial","cent":0.1251},"geometry":{"type":"Polygon","coordinates":[[[79.875379,6.848798],[79.875832,6.848799],[79.875833,6.848347],[79.87538,6.848346],[79.875379,6.848798]]]}},{"type":"Feature","properties":{"id":1857.0,"fsi":0.3779,"gsi":0.3779,"osr":0.6221,"entropy":0.3292,"umi":0.3691,"landuse":"Residential","cent":0.1201},"geometry":{"type":"Polygon","coordinates":[[[79.87538,6.848346],[79.875833,6.848347],[79.875834,6.847895],[79.875381,6.847894],[79.87538,6.848346]]]}},{"type":"Feature","properties":{"id":1858.0,"fsi":0.5574,"gsi":0.5574,"osr":0.4426,"entropy":0.3078,"umi":0.3859,"landuse":"Industrial","cent":0.1165},"geometry":{"type":"Polygon","coordinates":[[[79.875381,6.847894],[79.875834,6.847895],[79.875835,6.847443],[79.875382,6.847442],[79.875381,6.847894]]]}},{"type":"Feature","properties":{"id":1859.0,"fsi":0.6646,"gsi":0.6646,"osr":0.3354,"entropy":0.2199,"umi":0.3751,"landuse":"Industrial","cent":0.1165},"geometry":{"type":"Polygon","coordinates":[[[79.875422,6.847084],[79.875386,6.847081],[79.875383,6.847081],[79.875382,6.847442],[79.875835,6.847443],[79.875836,6.847078],[79.875422,6.847084]]]}},{"type":"Feature","properties":{"id":1880.0,"fsi":0.3437,"gsi":0.3437,"osr":0.6563,"entropy":0.4273,"umi":0.3757,"landuse":"Residential","cent":0.0408},"geometry":{"type":"Polygon","coordinates":[[[79.875852,6.861359],[79.876255,6.861078],[79.876256,6.86101],[79.875803,6.861009],[79.875802,6.861376],[79.875852,6.861359]]]}},{"type":"Feature","properties":{"id":1881.0,"fsi":0.5215,"gsi":0.5215,"osr":0.4785,"entropy":0.0864,"umi":0.3117,"landuse":"Residential","cent":0.0863},"geometry":{"type":"Polygon","coordinates":[[[79.875803,6.861009],[79.876256,6.86101],[79.876257,6.860558],[79.875804,6.860557],[79.875803,6.861009]]]}},{"type":"Feature","properties":{"id":1882.0,"fsi":0.2959,"gsi":0.2959,"osr":0.7041,"entropy":0.354,"umi":0.3625,"landuse":"Residential","cent":0.1067},"geometry":{"type":"Polygon","coordinates":[[[79.875804,6.860557],[79.876257,6.860558],[79.876258,6.860106],[79.875805,6.860105],[79.875804,6.860557]]]}},{"type":"Feature","properties":{"id":1883.0,"fsi":0.4535,"gsi":0.4535,"osr":0.5465,"entropy":0.1802,"umi":0.3284,"landuse":"Residential","cent":0.0813},"geometry":{"type":"Polygon","coordinates":[[[79.875805,6.860105],[79.876258,6.860106],[79.876259,6.859653],[79.875806,6.859652],[79.875805,6.860105]]]}},{"type":"Feature","properties":{"id":1884.0,"fsi":0.5362,"gsi":0.5362,"osr":0.4638,"entropy":0.0382,"umi":0.3019,"landuse":"Residential","cent":0.0954},"geometry":{"type":"Polygon","coordinates":[[[79.875806,6.859652],[79.876259,6.859653],[79.87626,6.859201],[79.875807,6.8592],[79.875806,6.859652]]]}},{"type":"Feature","properties":{"id":1885.0,"fsi":0.445,"gsi":0.445,"osr":0.555,"entropy":0.2122,"umi":0.371,"landuse":"Residential","cent":0.2449},"geometry":{"type":"Polygon","coordinates":[[[79.875807,6.8592],[79.87626,6.859201],[79.876261,6.858749],[79.875808,6.858748],[79.875807,6.8592]]]}},{"type":"Feature","properties":{"id":1886.0,"fsi":0.3456,"gsi":0.3456,"osr":0.6544,"entropy":0.0,"umi":0.2847,"landuse":"Residential","cent":0.1845},"geometry":{"type":"Polygon","coordinates":[[[79.875808,6.858748],[79.876261,6.858749],[79.876262,6.858297],[79.87581,6.858296],[79.875808,6.858748]]]}},{"type":"Feature","properties":{"id":1887.0,"fsi":0.377,"gsi":0.377,"osr":0.623,"entropy":0.1282,"umi":0.3221,"landuse":"Residential","cent":0.1692},"geometry":{"type":"Polygon","coordinates":[[[79.87581,6.858296],[79.876262,6.858297],[79.876263,6.857845],[79.875811,6.857843],[79.87581,6.858296]]]}},{"type":"Feature","properties":{"id":1888.0,"fsi":0.5436,"gsi":0.5436,"osr":0.4564,"entropy":0.0193,"umi":0.3356,"landuse":"Residential","cent":0.2753},"geometry":{"type":"Polygon","coordinates":[[[79.875811,6.857843],[79.876263,6.857845],[79.876264,6.857392],[79.875812,6.857391],[79.875811,6.857843]]]}},{"type":"Feature","properties":{"id":1889.0,"fsi":0.3314,"gsi":0.3314,"osr":0.6686,"entropy":0.3624,"umi":0.4079,"landuse":"Residential","cent":0.2877},"geometry":{"type":"Polygon","coordinates":[[[79.875812,6.857391],[79.876264,6.857392],[79.876265,6.85694],[79.875813,6.856939],[79.875812,6.857391]]]}},{"type":"Feature","properties":{"id":1890.0,"fsi":0.3053,"gsi":0.3053,"osr":0.6947,"entropy":0.5062,"umi":0.4436,"landuse":"Public Space","cent":0.2794},"geometry":{"type":"Polygon","coordinates":[[[79.875813,6.856939],[79.876265,6.85694],[79.876266,6.856488],[79.875814,6.856487],[79.875813,6.856939]]]}},{"type":"Feature","properties":{"id":1891.0,"fsi":0.5518,"gsi":0.5518,"osr":0.4482,"entropy":0.4073,"umi":0.4522,"landuse":"Residential","cent":0.2989},"geometry":{"type":"Polygon","coordinates":[[[79.875814,6.856487],[79.876266,6.856488],[79.876267,6.856036],[79.875815,6.856035],[79.875814,6.856487]]]}},{"type":"Feature","properties":{"id":1892.0,"fsi":0.5999,"gsi":0.5999,"osr":0.4001,"entropy":0.0987,"umi":0.3715,"landuse":"Residential","cent":0.303},"geometry":{"type":"Polygon","coordinates":[[[79.875815,6.856035],[79.876267,6.856036],[79.876268,6.855583],[79.875816,6.855582],[79.875815,6.856035]]]}},{"type":"Feature","properties":{"id":1893.0,"fsi":0.3661,"gsi":0.3661,"osr":0.6339,"entropy":0.0,"umi":0.2699,"landuse":"Residential","cent":0.1018},"geometry":{"type":"Polygon","coordinates":[[[79.875816,6.855582],[79.876268,6.855583],[79.876269,6.855131],[79.875817,6.85513],[79.875816,6.855582]]]}},{"type":"Feature","properties":{"id":1894.0,"fsi":0.5396,"gsi":0.5396,"osr":0.4604,"entropy":0.0107,"umi":0.3307,"landuse":"Residential","cent":0.2662},"geometry":{"type":"Polygon","coordinates":[[[79.875817,6.85513],[79.876269,6.855131],[79.87627,6.854679],[79.875818,6.854678],[79.875817,6.85513]]]}},{"type":"Feature","properties":{"id":1895.0,"fsi":0.425,"gsi":0.425,"osr":0.575,"entropy":0.1988,"umi":0.3571,"landuse":"Residential","cent":0.2094},"geometry":{"type":"Polygon","coordinates":[[[79.875818,6.854678],[79.87627,6.854679],[79.876272,6.854227],[79.875819,6.854226],[79.875818,6.854678]]]}},{"type":"Feature","properties":{"id":1896.0,"fsi":0.4673,"gsi":0.4673,"osr":0.5327,"entropy":0.0985,"umi":0.3215,"landuse":"Residential","cent":0.1498},"geometry":{"type":"Polygon","coordinates":[[[79.875819,6.854226],[79.876272,6.854227],[79.876273,6.853775],[79.87582,6.853774],[79.875819,6.854226]]]}},{"type":"Feature","properties":{"id":1897.0,"fsi":0.3445,"gsi":0.3445,"osr":0.6555,"entropy":0.0977,"umi":0.3558,"landuse":"Residential","cent":0.3894},"geometry":{"type":"Polygon","coordinates":[[[79.87582,6.853774],[79.876273,6.853775],[79.876274,6.853322],[79.875821,6.853321],[79.87582,6.853774]]]}},{"type":"Feature","properties":{"id":1898.0,"fsi":0.1503,"gsi":0.1503,"osr":0.8497,"entropy":0.2123,"umi":0.3525,"landuse":"Residential","cent":0.3406},"geometry":{"type":"Polygon","coordinates":[[[79.875821,6.853321],[79.876274,6.853322],[79.876275,6.85287],[79.875822,6.852869],[79.875821,6.853321]]]}},{"type":"Feature","properties":{"id":1899.0,"fsi":0.3784,"gsi":0.3784,"osr":0.6216,"entropy":0.1484,"umi":0.3518,"landuse":"Residential","cent":0.2813},"geometry":{"type":"Polygon","coordinates":[[[79.875822,6.852869],[79.876275,6.85287],[79.876276,6.852418],[79.875823,6.852417],[79.875822,6.852869]]]}},{"type":"Feature","properties":{"id":1900.0,"fsi":0.4177,"gsi":0.4177,"osr":0.5823,"entropy":0.0181,"umi":0.296,"landuse":"Residential","cent":0.1685},"geometry":{"type":"Polygon","coordinates":[[[79.875823,6.852417],[79.876276,6.852418],[79.876277,6.851966],[79.875824,6.851965],[79.875823,6.852417]]]}},{"type":"Feature","properties":{"id":1901.0,"fsi":0.3265,"gsi":0.3265,"osr":0.6735,"entropy":0.0,"umi":0.2986,"landuse":"Residential","cent":0.2618},"geometry":{"type":"Polygon","coordinates":[[[79.875824,6.851965],[79.876277,6.851966],[79.876278,6.851514],[79.875825,6.851512],[79.875824,6.851965]]]}},{"type":"Feature","properties":{"id":1902.0,"fsi":0.5177,"gsi":0.5177,"osr":0.4823,"entropy":0.0,"umi":0.3237,"landuse":"Residential","cent":0.261},"geometry":{"type":"Polygon","coordinates":[[[79.875825,6.851512],[79.876278,6.851514],[79.876279,6.851061],[79.875826,6.85106],[79.875825,6.851512]]]}},{"type":"Feature","properties":{"id":1903.0,"fsi":0.4175,"gsi":0.4175,"osr":0.5825,"entropy":0.2724,"umi":0.3677,"landuse":"Residential","cent":0.1653},"geometry":{"type":"Polygon","coordinates":[[[79.875826,6.85106],[79.876279,6.851061],[79.87628,6.850609],[79.875828,6.850608],[79.875826,6.85106]]]}},{"type":"Feature","properties":{"id":1904.0,"fsi":0.2885,"gsi":0.2885,"osr":0.7115,"entropy":0.4287,"umi":0.407,"landuse":"Commercial","cent":0.221},"geometry":{"type":"Polygon","coordinates":[[[79.875828,6.850608],[79.87628,6.850609],[79.876281,6.850157],[79.875829,6.850156],[79.875828,6.850608]]]}},{"type":"Feature","properties":{"id":1905.0,"fsi":0.3163,"gsi":0.3163,"osr":0.6837,"entropy":0.3989,"umi":0.4721,"landuse":"Commercial","cent":0.5512},"geometry":{"type":"Polygon","coordinates":[[[79.875829,6.850156],[79.876281,6.850157],[79.876282,6.849705],[79.87583,6.849704],[79.875829,6.850156]]]}},{"type":"Feature","properties":{"id":1906.0,"fsi":0.5837,"gsi":0.5837,"osr":0.4163,"entropy":0.4007,"umi":0.4446,"landuse":"Commercial","cent":0.2524},"geometry":{"type":"Polygon","coordinates":[[[79.87583,6.849704],[79.876282,6.849705],[79.876283,6.849252],[79.875831,6.849251],[79.87583,6.849704]]]}},{"type":"Feature","properties":{"id":1907.0,"fsi":0.508,"gsi":0.508,"osr":0.492,"entropy":0.4506,"umi":0.4422,"landuse":"Residential","cent":0.2209},"geometry":{"type":"Polygon","coordinates":[[[79.875831,6.849251],[79.876283,6.849252],[79.876284,6.8488],[79.875832,6.848799],[79.875831,6.849251]]]}},{"type":"Feature","properties":{"id":1908.0,"fsi":0.3382,"gsi":0.3382,"osr":0.6618,"entropy":0.0,"umi":0.2679,"landuse":"Industrial","cent":0.1097},"geometry":{"type":"Polygon","coordinates":[[[79.875832,6.848799],[79.876284,6.8488],[79.876285,6.848348],[79.875833,6.848347],[79.875832,6.848799]]]}},{"type":"Feature","properties":{"id":1909.0,"fsi":0.344,"gsi":0.344,"osr":0.656,"entropy":0.0,"umi":0.2709,"landuse":"Industrial","cent":0.1201},"geometry":{"type":"Polygon","coordinates":[[[79.875833,6.848347],[79.876285,6.848348],[79.876286,6.847896],[79.875834,6.847895],[79.875833,6.848347]]]}},{"type":"Feature","properties":{"id":1910.0,"fsi":0.794,"gsi":0.794,"osr":0.206,"entropy":0.0,"umi":0.3295,"landuse":"Industrial","cent":0.1165},"geometry":{"type":"Polygon","coordinates":[[[79.875834,6.847895],[79.876286,6.847896],[79.876287,6.847444],[79.875835,6.847443],[79.875834,6.847895]]]}},{"type":"Feature","properties":{"id":1911.0,"fsi":0.6003,"gsi":0.6003,"osr":0.3997,"entropy":0.0694,"umi":0.3481,"landuse":"Industrial","cent":0.2315},"geometry":{"type":"Polygon","coordinates":[[[79.876288,6.847076],[79.875836,6.847078],[79.875835,6.847443],[79.876287,6.847444],[79.876288,6.847076]]]}},{"type":"Feature","properties":{"id":1932.0,"fsi":0.0,"gsi":0.0,"osr":1.0,"entropy":0.1876,"umi":0.2621,"landuse":"Water","cent":0.0408},"geometry":{"type":"Polygon","coordinates":[[[79.876352,6.86101],[79.876256,6.86101],[79.876255,6.861078],[79.876352,6.86101]]]}},{"type":"Feature","properties":{"id":1933.0,"fsi":0.1975,"gsi":0.1975,"osr":0.8025,"entropy":0.5287,"umi":0.388,"landuse":"Residential","cent":0.0539},"geometry":{"type":"Polygon","coordinates":[[[79.876357,6.861007],[79.876613,6.860692],[79.876707,6.860559],[79.876257,6.860558],[79.876256,6.86101],[79.876352,6.86101],[79.876357,6.861007]]]}},{"type":"Feature","properties":{"id":1934.0,"fsi":0.6728,"gsi":0.6728,"osr":0.3272,"entropy":0.1452,"umi":0.3484,"landuse":"Residential","cent":0.0861},"geometry":{"type":"Polygon","coordinates":[[[79.876709,6.860556],[79.87671,6.860107],[79.876258,6.860106],[79.876257,6.860558],[79.876707,6.860559],[79.876709,6.860556]]]}},{"type":"Feature","properties":{"id":1935.0,"fsi":0.4472,"gsi":0.4472,"osr":0.5528,"entropy":0.0221,"umi":0.2914,"landuse":"Residential","cent":0.123},"geometry":{"type":"Polygon","coordinates":[[[79.876258,6.860106],[79.87671,6.860107],[79.876711,6.859654],[79.876259,6.859653],[79.876258,6.860106]]]}},{"type":"Feature","properties":{"id":1936.0,"fsi":0.3484,"gsi":0.3484,"osr":0.6516,"entropy":0.231,"umi":0.3449,"landuse":"Residential","cent":0.1563},"geometry":{"type":"Polygon","coordinates":[[[79.876259,6.859653],[79.876711,6.859654],[79.876712,6.859202],[79.87626,6.859201],[79.876259,6.859653]]]}},{"type":"Feature","properties":{"id":1937.0,"fsi":0.4024,"gsi":0.4024,"osr":0.5976,"entropy":0.2089,"umi":0.3427,"landuse":"Residential","cent":0.1419},"geometry":{"type":"Polygon","coordinates":[[[79.87626,6.859201],[79.876712,6.859202],[79.876713,6.85875],[79.876261,6.858749],[79.87626,6.859201]]]}},{"type":"Feature","properties":{"id":1938.0,"fsi":0.3751,"gsi":0.3751,"osr":0.6249,"entropy":0.0,"umi":0.2689,"landuse":"Residential","cent":0.0913},"geometry":{"type":"Polygon","coordinates":[[[79.876261,6.858749],[79.876713,6.85875],[79.876714,6.858298],[79.876262,6.858297],[79.876261,6.858749]]]}},{"type":"Feature","properties":{"id":1939.0,"fsi":0.4969,"gsi":0.4969,"osr":0.5031,"entropy":0.1283,"umi":0.3349,"landuse":"Residential","cent":0.1544},"geometry":{"type":"Polygon","coordinates":[[[79.876262,6.858297],[79.876714,6.858298],[79.876716,6.857846],[79.876263,6.857845],[79.876262,6.858297]]]}},{"type":"Feature","properties":{"id":1940.0,"fsi":0.5292,"gsi":0.5292,"osr":0.4708,"entropy":0.0,"umi":0.3057,"landuse":"Residential","cent":0.1692},"geometry":{"type":"Polygon","coordinates":[[[79.876263,6.857845],[79.876716,6.857846],[79.876717,6.857393],[79.876264,6.857392],[79.876263,6.857845]]]}},{"type":"Feature","properties":{"id":1941.0,"fsi":0.3813,"gsi":0.3813,"osr":0.6187,"entropy":0.1199,"umi":0.3478,"landuse":"Residential","cent":0.2988},"geometry":{"type":"Polygon","coordinates":[[[79.876264,6.857392],[79.876717,6.857393],[79.876718,6.856941],[79.876265,6.85694],[79.876264,6.857392]]]}},{"type":"Feature","properties":{"id":1942.0,"fsi":0.4383,"gsi":0.4383,"osr":0.5617,"entropy":0.3747,"umi":0.4111,"landuse":"Residential","cent":0.2194},"geometry":{"type":"Polygon","coordinates":[[[79.876265,6.85694],[79.876718,6.856941],[79.876719,6.856489],[79.876266,6.856488],[79.876265,6.85694]]]}},{"type":"Feature","properties":{"id":1943.0,"fsi":0.5845,"gsi":0.5845,"osr":0.4155,"entropy":0.0797,"umi":0.3552,"landuse":"Residential","cent":0.2611},"geometry":{"type":"Polygon","coordinates":[[[79.876266,6.856488],[79.876719,6.856489],[79.87672,6.856037],[79.876267,6.856036],[79.876266,6.856488]]]}},{"type":"Feature","properties":{"id":1944.0,"fsi":0.5397,"gsi":0.5397,"osr":0.4603,"entropy":0.1386,"umi":0.3707,"landuse":"Residential","cent":0.2833},"geometry":{"type":"Polygon","coordinates":[[[79.876267,6.856036],[79.87672,6.856037],[79.876721,6.855585],[79.876268,6.855583],[79.876267,6.856036]]]}},{"type":"Feature","properties":{"id":1945.0,"fsi":0.533,"gsi":0.533,"osr":0.467,"entropy":0.0,"umi":0.2945,"landuse":"Residential","cent":0.1139},"geometry":{"type":"Polygon","coordinates":[[[79.876268,6.855583],[79.876721,6.855585],[79.876722,6.855132],[79.876269,6.855131],[79.876268,6.855583]]]}},{"type":"Feature","properties":{"id":1946.0,"fsi":0.5597,"gsi":0.5597,"osr":0.4403,"entropy":0.0339,"umi":0.3361,"landuse":"Residential","cent":0.2479},"geometry":{"type":"Polygon","coordinates":[[[79.876269,6.855131],[79.876722,6.855132],[79.876723,6.85468],[79.87627,6.854679],[79.876269,6.855131]]]}},{"type":"Feature","properties":{"id":1947.0,"fsi":0.4515,"gsi":0.4515,"osr":0.5485,"entropy":0.1934,"umi":0.3603,"landuse":"Residential","cent":0.2155},"geometry":{"type":"Polygon","coordinates":[[[79.87627,6.854679],[79.876723,6.85468],[79.876724,6.854228],[79.876272,6.854227],[79.87627,6.854679]]]}},{"type":"Feature","properties":{"id":1948.0,"fsi":0.5035,"gsi":0.5035,"osr":0.4965,"entropy":0.1849,"umi":0.3678,"landuse":"Residential","cent":0.2298},"geometry":{"type":"Polygon","coordinates":[[[79.876272,6.854227],[79.876724,6.854228],[79.876725,6.853776],[79.876273,6.853775],[79.876272,6.854227]]]}},{"type":"Feature","properties":{"id":1949.0,"fsi":0.3404,"gsi":0.3404,"osr":0.6596,"entropy":0.1756,"umi":0.3521,"landuse":"Residential","cent":0.2698},"geometry":{"type":"Polygon","coordinates":[[[79.876273,6.853775],[79.876725,6.853776],[79.876726,6.853323],[79.876274,6.853322],[79.876273,6.853775]]]}},{"type":"Feature","properties":{"id":1950.0,"fsi":0.5118,"gsi":0.5118,"osr":0.4882,"entropy":0.0,"umi":0.2976,"landuse":"Residential","cent":0.1416},"geometry":{"type":"Polygon","coordinates":[[[79.876274,6.853322],[79.876726,6.853323],[79.876727,6.852871],[79.876275,6.85287],[79.876274,6.853322]]]}},{"type":"Feature","properties":{"id":1951.0,"fsi":0.2826,"gsi":0.2826,"osr":0.7174,"entropy":0.0,"umi":0.2673,"landuse":"Residential","cent":0.1416},"geometry":{"type":"Polygon","coordinates":[[[79.876275,6.85287],[79.876727,6.852871],[79.876728,6.852419],[79.876276,6.852418],[79.876275,6.85287]]]}},{"type":"Feature","properties":{"id":1952.0,"fsi":0.0,"gsi":0.0,"osr":1.0,"entropy":0.0,"umi":0.2301,"landuse":"Residential","cent":0.1422},"geometry":{"type":"Polygon","coordinates":[[[79.876276,6.852418],[79.876728,6.852419],[79.876729,6.851967],[79.876277,6.851966],[79.876276,6.852418]]]}},{"type":"Feature","properties":{"id":1953.0,"fsi":0.1346,"gsi":0.1346,"osr":0.8654,"entropy":0.0,"umi":0.2475,"landuse":"Residential","cent":0.1401},"geometry":{"type":"Polygon","coordinates":[[[79.876277,6.851966],[79.876729,6.851967],[79.87673,6.851515],[79.876278,6.851514],[79.876277,6.851966]]]}},{"type":"Feature","properties":{"id":1954.0,"fsi":0.2505,"gsi":0.2505,"osr":0.7495,"entropy":0.0,"umi":0.2848,"landuse":"Residential","cent":0.2441},"geometry":{"type":"Polygon","coordinates":[[[79.876278,6.851514],[79.87673,6.851515],[79.876731,6.851062],[79.876279,6.851061],[79.876278,6.851514]]]}},{"type":"Feature","properties":{"id":1955.0,"fsi":0.0,"gsi":0.0,"osr":1.0,"entropy":0.2535,"umi":0.2948,"landuse":"Institutional","cent":0.1067},"geometry":{"type":"Polygon","coordinates":[[[79.876279,6.851061],[79.876731,6.851062],[79.876732,6.85061],[79.87628,6.850609],[79.876279,6.851061]]]}},{"type":"Feature","properties":{"id":1956.0,"fsi":0.0411,"gsi":0.0411,"osr":0.9589,"entropy":0.272,"umi":0.3304,"landuse":"Residential","cent":0.2242},"geometry":{"type":"Polygon","coordinates":[[[79.87628,6.850609],[79.876732,6.85061],[79.876734,6.850158],[79.876281,6.850157],[79.87628,6.850609]]]}},{"type":"Feature","properties":{"id":1957.0,"fsi":0.4027,"gsi":0.4027,"osr":0.5973,"entropy":0.1845,"umi":0.4167,"landuse":"Residential","cent":0.524},"geometry":{"type":"Polygon","coordinates":[[[79.876281,6.850157],[79.876734,6.850158],[79.876735,6.849706],[79.876282,6.849705],[79.876281,6.850157]]]}},{"type":"Feature","properties":{"id":1958.0,"fsi":0.5758,"gsi":0.5758,"osr":0.4242,"entropy":0.3243,"umi":0.4201,"landuse":"Institutional","cent":0.2442},"geometry":{"type":"Polygon","coordinates":[[[79.876282,6.849705],[79.876735,6.849706],[79.876736,6.849254],[79.876283,6.849252],[79.876282,6.849705]]]}},{"type":"Feature","properties":{"id":1959.0,"fsi":0.6066,"gsi":0.6066,"osr":0.3934,"entropy":0.325,"umi":0.4214,"landuse":"Institutional","cent":0.2303},"geometry":{"type":"Polygon","coordinates":[[[79.876283,6.849252],[79.876736,6.849254],[79.876737,6.848801],[79.876284,6.8488],[79.876283,6.849252]]]}},{"type":"Feature","properties":{"id":1960.0,"fsi":0.289,"gsi":0.289,"osr":0.711,"entropy":0.2694,"umi":0.3656,"landuse":"Residential","cent":0.2397},"geometry":{"type":"Polygon","coordinates":[[[79.876284,6.8488],[79.876737,6.848801],[79.876738,6.848349],[79.876285,6.848348],[79.876284,6.8488]]]}},{"type":"Feature","properties":{"id":1961.0,"fsi":0.565,"gsi":0.565,"osr":0.435,"entropy":0.0063,"umi":0.3387,"landuse":"Industrial","cent":0.2939},"geometry":{"type":"Polygon","coordinates":[[[79.876285,6.848348],[79.876738,6.848349],[79.876739,6.847897],[79.876286,6.847896],[79.876285,6.848348]]]}},{"type":"Feature","properties":{"id":1962.0,"fsi":0.8147,"gsi":0.8147,"osr":0.1853,"entropy":0.0,"umi":0.3562,"landuse":"Industrial","cent":0.2298},"geometry":{"type":"Polygon","coordinates":[[[79.876286,6.847896],[79.876739,6.847897],[79.87674,6.847445],[79.876287,6.847444],[79.876286,6.847896]]]}},{"type":"Feature","properties":{"id":1963.0,"fsi":0.3255,"gsi":0.3255,"osr":0.6745,"entropy":0.0641,"umi":0.3096,"landuse":"Industrial","cent":0.2282},"geometry":{"type":"Polygon","coordinates":[[[79.876602,6.847072],[79.876505,6.847076],[79.876288,6.847076],[79.876287,6.847444],[79.87674,6.847445],[79.876741,6.84708],[79.876602,6.847072]]]}},{"type":"Feature","properties":{"id":1986.0,"fsi":0.1863,"gsi":0.1863,"osr":0.8137,"entropy":0.4372,"umi":0.3581,"landuse":"Residential","cent":0.0426},"geometry":{"type":"Polygon","coordinates":[[[79.876942,6.860227],[79.876997,6.860107],[79.87671,6.860107],[79.876709,6.860556],[79.876942,6.860227]]]}},{"type":"Feature","properties":{"id":1987.0,"fsi":0.2734,"gsi":0.2734,"osr":0.7266,"entropy":0.3699,"umi":0.3752,"landuse":"Residential","cent":0.1595},"geometry":{"type":"Polygon","coordinates":[[[79.876997,6.860107],[79.877164,6.859747],[79.877164,6.859656],[79.876711,6.859654],[79.87671,6.860107],[79.876997,6.860107]]]}},{"type":"Feature","properties":{"id":1988.0,"fsi":0.4671,"gsi":0.4671,"osr":0.5329,"entropy":0.2585,"umi":0.3718,"landuse":"Residential","cent":0.1724},"geometry":{"type":"Polygon","coordinates":[[[79.876711,6.859654],[79.877164,6.859656],[79.877165,6.859203],[79.876712,6.859202],[79.876711,6.859654]]]}},{"type":"Feature","properties":{"id":1989.0,"fsi":0.4935,"gsi":0.4935,"osr":0.5065,"entropy":0.071,"umi":0.3019,"landuse":"Residential","cent":0.0779},"geometry":{"type":"Polygon","coordinates":[[[79.876712,6.859202],[79.877165,6.859203],[79.877166,6.858751],[79.876713,6.85875],[79.876712,6.859202]]]}},{"type":"Feature","properties":{"id":1990.0,"fsi":0.5605,"gsi":0.5605,"osr":0.4395,"entropy":0.1493,"umi":0.335,"landuse":"Residential","cent":0.0874},"geometry":{"type":"Polygon","coordinates":[[[79.876713,6.85875],[79.877166,6.858751],[79.877167,6.858299],[79.876714,6.858298],[79.876713,6.85875]]]}},{"type":"Feature","properties":{"id":1991.0,"fsi":0.5098,"gsi":0.5098,"osr":0.4902,"entropy":0.2033,"umi":0.3487,"landuse":"Residential","cent":0.1109},"geometry":{"type":"Polygon","coordinates":[[[79.876714,6.858298],[79.877167,6.858299],[79.877168,6.857847],[79.876716,6.857846],[79.876714,6.858298]]]}},{"type":"Feature","properties":{"id":1992.0,"fsi":0.3315,"gsi":0.3315,"osr":0.6685,"entropy":0.0,"umi":0.2616,"landuse":"Residential","cent":0.0839},"geometry":{"type":"Polygon","coordinates":[[[79.876716,6.857846],[79.877168,6.857847],[79.877169,6.857394],[79.876717,6.857393],[79.876716,6.857846]]]}},{"type":"Feature","properties":{"id":1993.0,"fsi":0.4523,"gsi":0.4523,"osr":0.5477,"entropy":0.1426,"umi":0.3181,"landuse":"Residential","cent":0.0839},"geometry":{"type":"Polygon","coordinates":[[[79.876717,6.857393],[79.877169,6.857394],[79.87717,6.856942],[79.876718,6.856941],[79.876717,6.857393]]]}},{"type":"Feature","properties":{"id":1994.0,"fsi":0.4045,"gsi":0.4045,"osr":0.5955,"entropy":0.2763,"umi":0.3786,"landuse":"Residential","cent":0.2194},"geometry":{"type":"Polygon","coordinates":[[[79.876718,6.856941],[79.87717,6.856942],[79.877171,6.85649],[79.876719,6.856489],[79.876718,6.856941]]]}},{"type":"Feature","properties":{"id":1995.0,"fsi":0.3539,"gsi":0.3539,"osr":0.6461,"entropy":0.3311,"umi":0.3856,"landuse":"Residential","cent":0.2107},"geometry":{"type":"Polygon","coordinates":[[[79.876719,6.856489],[79.877171,6.85649],[79.877172,6.856038],[79.87672,6.856037],[79.876719,6.856489]]]}},{"type":"Feature","properties":{"id":1996.0,"fsi":0.543,"gsi":0.543,"osr":0.457,"entropy":0.3214,"umi":0.423,"landuse":"Residential","cent":0.2821},"geometry":{"type":"Polygon","coordinates":[[[79.87672,6.856037],[79.877172,6.856038],[79.877173,6.855586],[79.876721,6.855585],[79.87672,6.856037]]]}},{"type":"Feature","properties":{"id":1997.0,"fsi":0.4838,"gsi":0.4838,"osr":0.5162,"entropy":0.3355,"umi":0.4063,"landuse":"Residential","cent":0.2214},"geometry":{"type":"Polygon","coordinates":[[[79.876721,6.855585],[79.877173,6.855586],[79.877174,6.855133],[79.876722,6.855132],[79.876721,6.855585]]]}},{"type":"Feature","properties":{"id":1998.0,"fsi":0.4434,"gsi":0.4434,"osr":0.5566,"entropy":0.2458,"umi":0.3828,"landuse":"Residential","cent":0.2563},"geometry":{"type":"Polygon","coordinates":[[[79.876722,6.855132],[79.877174,6.855133],[79.877175,6.854681],[79.876723,6.85468],[79.876722,6.855132]]]}},{"type":"Feature","properties":{"id":1999.0,"fsi":0.4273,"gsi":0.4273,"osr":0.5727,"entropy":0.1954,"umi":0.3761,"landuse":"Residential","cent":0.3024},"geometry":{"type":"Polygon","coordinates":[[[79.876723,6.85468],[79.877175,6.854681],[79.877176,6.854229],[79.876724,6.854228],[79.876723,6.85468]]]}},{"type":"Feature","properties":{"id":2000.0,"fsi":0.3854,"gsi":0.3854,"osr":0.6146,"entropy":0.0874,"umi":0.3239,"landuse":"Residential","cent":0.2271},"geometry":{"type":"Polygon","coordinates":[[[79.876724,6.854228],[79.877176,6.854229],[79.877178,6.853777],[79.876725,6.853776],[79.876724,6.854228]]]}},{"type":"Feature","properties":{"id":2001.0,"fsi":0.1251,"gsi":0.1251,"osr":0.8749,"entropy":0.0,"umi":0.2479,"landuse":"Residential","cent":0.1481},"geometry":{"type":"Polygon","coordinates":[[[79.876725,6.853776],[79.877178,6.853777],[79.877179,6.853325],[79.876726,6.853323],[79.876725,6.853776]]]}},{"type":"Feature","properties":{"id":2002.0,"fsi":0.381,"gsi":0.381,"osr":0.619,"entropy":0.0,"umi":0.2751,"landuse":"Residential","cent":0.1172},"geometry":{"type":"Polygon","coordinates":[[[79.876726,6.853323],[79.877179,6.853325],[79.87718,6.852872],[79.876727,6.852871],[79.876726,6.853323]]]}},{"type":"Feature","properties":{"id":2003.0,"fsi":0.1624,"gsi":0.1624,"osr":0.8376,"entropy":0.0,"umi":0.2514,"landuse":"Residential","cent":0.1416},"geometry":{"type":"Polygon","coordinates":[[[79.876727,6.852871],[79.87718,6.852872],[79.877181,6.85242],[79.876728,6.852419],[79.876727,6.852871]]]}},{"type":"Feature","properties":{"id":2004.0,"fsi":0.0,"gsi":0.0,"osr":1.0,"entropy":0.0,"umi":0.2248,"landuse":"Residential","cent":0.1169},"geometry":{"type":"Polygon","coordinates":[[[79.876728,6.852419],[79.877181,6.85242],[79.877182,6.851968],[79.876729,6.851967],[79.876728,6.852419]]]}},{"type":"Feature","properties":{"id":2005.0,"fsi":0.0,"gsi":0.0,"osr":1.0,"entropy":0.0,"umi":0.2272,"landuse":"Residential","cent":0.1283},"geometry":{"type":"Polygon","coordinates":[[[79.876729,6.851967],[79.877182,6.851968],[79.877183,6.851516],[79.87673,6.851515],[79.876729,6.851967]]]}},{"type":"Feature","properties":{"id":2006.0,"fsi":0.0219,"gsi":0.0219,"osr":0.9781,"entropy":0.0012,"umi":0.2564,"landuse":"Residential","cent":0.251},"geometry":{"type":"Polygon","coordinates":[[[79.87673,6.851515],[79.877183,6.851516],[79.877184,6.851063],[79.876731,6.851062],[79.87673,6.851515]]]}},{"type":"Feature","properties":{"id":2007.0,"fsi":0.0,"gsi":0.0,"osr":1.0,"entropy":0.2531,"umi":0.311,"landuse":"Residential","cent":0.1836},"geometry":{"type":"Polygon","coordinates":[[[79.876731,6.851062],[79.877184,6.851063],[79.877185,6.850611],[79.876732,6.85061],[79.876731,6.851062]]]}},{"type":"Feature","properties":{"id":2008.0,"fsi":0.0574,"gsi":0.0574,"osr":0.9426,"entropy":0.3775,"umi":0.3727,"landuse":"Residential","cent":0.2722},"geometry":{"type":"Polygon","coordinates":[[[79.877186,6.850159],[79.876734,6.850158],[79.876732,6.85061],[79.877185,6.850611],[79.877186,6.850159]]]}},{"type":"Feature","properties":{"id":2009.0,"fsi":0.2341,"gsi":0.2341,"osr":0.7659,"entropy":0.3331,"umi":0.4179,"landuse":"Residential","cent":0.4347},"geometry":{"type":"Polygon","coordinates":[[[79.877166,6.849925],[79.877136,6.849707],[79.876735,6.849706],[79.876734,6.850158],[79.877186,6.850159],[79.877166,6.849925]]]}},{"type":"Feature","properties":{"id":2010.0,"fsi":0.3446,"gsi":0.3446,"osr":0.6554,"entropy":0.4592,"umi":0.5098,"landuse":"Commercial","cent":0.6302},"geometry":{"type":"Polygon","coordinates":[[[79.877132,6.849678],[79.877132,6.849654],[79.877139,6.849653],[79.87712,6.849367],[79.877122,6.849254],[79.876736,6.849254],[79.876735,6.849706],[79.877136,6.849707],[79.877132,6.849678]]]}},{"type":"Feature","properties":{"id":2011.0,"fsi":0.4772,"gsi":0.4772,"osr":0.5228,"entropy":0.5471,"umi":0.4862,"landuse":"Residential","cent":0.3181},"geometry":{"type":"Polygon","coordinates":[[[79.877123,6.849188],[79.877157,6.848802],[79.876737,6.848801],[79.876736,6.849254],[79.877122,6.849254],[79.877123,6.849188]]]}},{"type":"Feature","properties":{"id":2012.0,"fsi":0.1646,"gsi":0.1646,"osr":0.8354,"entropy":0.2355,"umi":0.3527,"landuse":"Residential","cent":0.3016},"geometry":{"type":"Polygon","coordinates":[[[79.877175,6.848587],[79.877183,6.84835],[79.876738,6.848349],[79.876737,6.848801],[79.877157,6.848802],[79.877175,6.848587]]]}},{"type":"Feature","properties":{"id":2013.0,"fsi":0.4906,"gsi":0.4906,"osr":0.5094,"entropy":0.2788,"umi":0.4041,"landuse":"Industrial","cent":0.2829},"geometry":{"type":"Polygon","coordinates":[[[79.877187,6.84825],[79.877191,6.848194],[79.877191,6.847898],[79.876739,6.847897],[79.876738,6.848349],[79.877183,6.84835],[79.877187,6.84825]]]}},{"type":"Feature","properties":{"id":2014.0,"fsi":0.6143,"gsi":0.6143,"osr":0.3857,"entropy":0.1906,"umi":0.393,"landuse":"Industrial","cent":0.2719},"geometry":{"type":"Polygon","coordinates":[[[79.876739,6.847897],[79.877191,6.847898],[79.877192,6.847446],[79.87674,6.847445],[79.876739,6.847897]]]}},{"type":"Feature","properties":{"id":2015.0,"fsi":0.728,"gsi":0.728,"osr":0.272,"entropy":0.2114,"umi":0.4139,"landuse":"Industrial","cent":0.2719},"geometry":{"type":"Polygon","coordinates":[[[79.877085,6.847101],[79.876854,6.847086],[79.876741,6.84708],[79.87674,6.847445],[79.877192,6.847446],[79.877193,6.8471],[79.877085,6.847101]]]}},{"type":"Feature","properties":{"id":2039.0,"fsi":0.0,"gsi":0.0,"osr":1.0,"entropy":0.0947,"umi":0.2613,"landuse":"Water","cent":0.1621},"geometry":{"type":"Polygon","coordinates":[[[79.877206,6.859656],[79.877164,6.859656],[79.877164,6.859747],[79.877206,6.859656]]]}},{"type":"Feature","properties":{"id":2040.0,"fsi":0.0698,"gsi":0.0698,"osr":0.9302,"entropy":0.4403,"umi":0.3666,"landuse":"Transport","cent":0.1511},"geometry":{"type":"Polygon","coordinates":[[[79.877206,6.859656],[79.877414,6.859204],[79.877165,6.859203],[79.877164,6.859656],[79.877206,6.859656]]]}},{"type":"Feature","properties":{"id":2041.0,"fsi":0.401,"gsi":0.401,"osr":0.599,"entropy":0.4046,"umi":0.3959,"landuse":"Residential","cent":0.131},"geometry":{"type":"Polygon","coordinates":[[[79.877541,6.858929],[79.877617,6.858752],[79.877166,6.858751],[79.877165,6.859203],[79.877414,6.859204],[79.877541,6.858929]]]}},{"type":"Feature","properties":{"id":2042.0,"fsi":0.3634,"gsi":0.3634,"osr":0.6366,"entropy":0.3876,"umi":0.3819,"landuse":"Residential","cent":0.1111},"geometry":{"type":"Polygon","coordinates":[[[79.877618,6.85875],[79.877619,6.8583],[79.877167,6.858299],[79.877166,6.858751],[79.877617,6.858752],[79.877618,6.85875]]]}},{"type":"Feature","properties":{"id":2043.0,"fsi":0.6184,"gsi":0.6184,"osr":0.3816,"entropy":0.2365,"umi":0.3732,"landuse":"Residential","cent":0.114},"geometry":{"type":"Polygon","coordinates":[[[79.877167,6.858299],[79.877619,6.8583],[79.87762,6.857848],[79.877168,6.857847],[79.877167,6.858299]]]}},{"type":"Feature","properties":{"id":2044.0,"fsi":0.693,"gsi":0.693,"osr":0.307,"entropy":0.0,"umi":0.3093,"landuse":"Residential","cent":0.0839},"geometry":{"type":"Polygon","coordinates":[[[79.877168,6.857847],[79.87762,6.857848],[79.877622,6.857395],[79.877169,6.857394],[79.877168,6.857847]]]}},{"type":"Feature","properties":{"id":2045.0,"fsi":0.6693,"gsi":0.6693,"osr":0.3307,"entropy":0.145,"umi":0.3618,"landuse":"Residential","cent":0.1518},"geometry":{"type":"Polygon","coordinates":[[[79.877169,6.857394],[79.877622,6.857395],[79.877623,6.856943],[79.87717,6.856942],[79.877169,6.857394]]]}},{"type":"Feature","properties":{"id":2046.0,"fsi":0.3798,"gsi":0.3798,"osr":0.6202,"entropy":0.0,"umi":0.2845,"landuse":"Residential","cent":0.1619},"geometry":{"type":"Polygon","coordinates":[[[79.87717,6.856942],[79.877623,6.856943],[79.877624,6.856491],[79.877171,6.85649],[79.87717,6.856942]]]}},{"type":"Feature","properties":{"id":2047.0,"fsi":0.504,"gsi":0.504,"osr":0.496,"entropy":0.3636,"umi":0.4083,"landuse":"Residential","cent":0.1803},"geometry":{"type":"Polygon","coordinates":[[[79.877171,6.85649],[79.877624,6.856491],[79.877625,6.856039],[79.877172,6.856038],[79.877171,6.85649]]]}},{"type":"Feature","properties":{"id":2048.0,"fsi":0.5709,"gsi":0.5709,"osr":0.4291,"entropy":0.3281,"umi":0.4369,"landuse":"Residential","cent":0.3212},"geometry":{"type":"Polygon","coordinates":[[[79.877172,6.856038],[79.877625,6.856039],[79.877626,6.855587],[79.877173,6.855586],[79.877172,6.856038]]]}},{"type":"Feature","properties":{"id":2049.0,"fsi":0.3689,"gsi":0.3689,"osr":0.6311,"entropy":0.2677,"umi":0.385,"landuse":"Cultural","cent":0.2836},"geometry":{"type":"Polygon","coordinates":[[[79.877173,6.855586],[79.877626,6.855587],[79.877627,6.855134],[79.877174,6.855133],[79.877173,6.855586]]]}},{"type":"Feature","properties":{"id":2050.0,"fsi":0.5188,"gsi":0.5188,"osr":0.4812,"entropy":0.0,"umi":0.2986,"landuse":"Residential","cent":0.1423},"geometry":{"type":"Polygon","coordinates":[[[79.877174,6.855133],[79.877627,6.855134],[79.877628,6.854682],[79.877175,6.854681],[79.877174,6.855133]]]}},{"type":"Feature","properties":{"id":2051.0,"fsi":0.5364,"gsi":0.5364,"osr":0.4636,"entropy":0.135,"umi":0.3504,"landuse":"Residential","cent":0.1942},"geometry":{"type":"Polygon","coordinates":[[[79.877175,6.854681],[79.877628,6.854682],[79.877629,6.85423],[79.877176,6.854229],[79.877175,6.854681]]]}},{"type":"Feature","properties":{"id":2052.0,"fsi":0.4765,"gsi":0.4765,"osr":0.5235,"entropy":0.2159,"umi":0.3622,"landuse":"Residential","cent":0.1785},"geometry":{"type":"Polygon","coordinates":[[[79.877176,6.854229],[79.877629,6.85423],[79.87763,6.853778],[79.877178,6.853777],[79.877176,6.854229]]]}},{"type":"Feature","properties":{"id":2053.0,"fsi":0.2873,"gsi":0.2873,"osr":0.7127,"entropy":0.3228,"umi":0.3738,"landuse":"Residential","cent":0.2073},"geometry":{"type":"Polygon","coordinates":[[[79.877571,6.853325],[79.877179,6.853325],[79.877178,6.853777],[79.87763,6.853778],[79.87763,6.853665],[79.877571,6.853325]]]}},{"type":"Feature","properties":{"id":2054.0,"fsi":0.4164,"gsi":0.4164,"osr":0.5836,"entropy":0.3094,"umi":0.3815,"landuse":"Residential","cent":0.1815},"geometry":{"type":"Polygon","coordinates":[[[79.877496,6.852886],[79.877494,6.852873],[79.87718,6.852872],[79.877179,6.853325],[79.877571,6.853325],[79.877496,6.852886]]]}},{"type":"Feature","properties":{"id":2055.0,"fsi":0.175,"gsi":0.175,"osr":0.825,"entropy":0.345,"umi":0.3625,"landuse":"Residential","cent":0.1944},"geometry":{"type":"Polygon","coordinates":[[[79.877455,6.852421],[79.877181,6.85242],[79.87718,6.852872],[79.877494,6.852873],[79.877455,6.852421]]]}},{"type":"Feature","properties":{"id":2056.0,"fsi":0.0057,"gsi":0.0057,"osr":0.9943,"entropy":0.4199,"umi":0.3678,"landuse":"Residential","cent":0.2242},"geometry":{"type":"Polygon","coordinates":[[[79.877452,6.852387],[79.877396,6.851968],[79.877182,6.851968],[79.877181,6.85242],[79.877455,6.852421],[79.877452,6.852387]]]}},{"type":"Feature","properties":{"id":2057.0,"fsi":0.0,"gsi":0.0,"osr":1.0,"entropy":0.439,"umi":0.3706,"landuse":"Residential","cent":0.215},"geometry":{"type":"Polygon","coordinates":[[[79.877334,6.851516],[79.877183,6.851516],[79.877182,6.851968],[79.877396,6.851968],[79.877334,6.851516]]]}},{"type":"Feature","properties":{"id":2058.0,"fsi":0.0,"gsi":0.0,"osr":1.0,"entropy":0.4197,"umi":0.3782,"landuse":"Water","cent":0.2768},"geometry":{"type":"Polygon","coordinates":[[[79.877318,6.851399],[79.877285,6.851064],[79.877184,6.851063],[79.877183,6.851516],[79.877334,6.851516],[79.877318,6.851399]]]}},{"type":"Feature","properties":{"id":2059.0,"fsi":0.0,"gsi":0.0,"osr":1.0,"entropy":0.223,"umi":0.3212,"landuse":"Water","cent":0.2723},"geometry":{"type":"Polygon","coordinates":[[[79.877277,6.850985],[79.877233,6.850611],[79.877185,6.850611],[79.877184,6.851063],[79.877285,6.851064],[79.877277,6.850985]]]}},{"type":"Feature","properties":{"id":2060.0,"fsi":0.0,"gsi":0.0,"osr":1.0,"entropy":0.0,"umi":0.2577,"landuse":"Water","cent":0.2723},"geometry":{"type":"Polygon","coordinates":[[[79.877198,6.850311],[79.877186,6.850164],[79.877185,6.850611],[79.877233,6.850611],[79.877198,6.850311]]]}},{"type":"Feature","properties":{"id":2065.0,"fsi":0.0,"gsi":0.0,"osr":1.0,"entropy":0.0,"umi":0.26,"landuse":"Water","cent":0.2829},"geometry":{"type":"Polygon","coordinates":[[[79.877208,6.847898],[79.877191,6.847898],[79.877191,6.848194],[79.877208,6.847898]]]}},{"type":"Feature","properties":{"id":2066.0,"fsi":0.0,"gsi":0.0,"osr":1.0,"entropy":0.0,"umi":0.2576,"landuse":"Water","cent":0.2719},"geometry":{"type":"Polygon","coordinates":[[[79.877235,6.847446],[79.877192,6.847446],[79.877191,6.847898],[79.877208,6.847898],[79.877235,6.847446]]]}},{"type":"Feature","properties":{"id":2067.0,"fsi":0.0,"gsi":0.0,"osr":1.0,"entropy":0.0,"umi":0.2576,"landuse":"Water","cent":0.2719},"geometry":{"type":"Polygon","coordinates":[[[79.877246,6.847262],[79.877254,6.847099],[79.877193,6.8471],[79.877192,6.847446],[79.877235,6.847446],[79.877246,6.847262]]]}},{"type":"Feature","properties":{"id":2094.0,"fsi":0.4075,"gsi":0.4075,"osr":0.5925,"entropy":0.3623,"umi":0.3877,"landuse":"Water","cent":0.1451},"geometry":{"type":"Polygon","coordinates":[[[79.877768,6.858405],[79.877817,6.8583],[79.877619,6.8583],[79.877618,6.85875],[79.877768,6.858405]]]}},{"type":"Feature","properties":{"id":2095.0,"fsi":0.2651,"gsi":0.2651,"osr":0.7349,"entropy":0.4172,"umi":0.3822,"landuse":"Residential","cent":0.1341},"geometry":{"type":"Polygon","coordinates":[[[79.877966,6.857978],[79.87801,6.857849],[79.87762,6.857848],[79.877619,6.8583],[79.877817,6.8583],[79.877966,6.857978]]]}},{"type":"Feature","properties":{"id":2096.0,"fsi":0.3759,"gsi":0.3759,"osr":0.6241,"entropy":0.3182,"umi":0.3702,"landuse":"Residential","cent":0.1417},"geometry":{"type":"Polygon","coordinates":[[[79.878073,6.857664],[79.878074,6.857397],[79.877622,6.857395],[79.87762,6.857848],[79.87801,6.857849],[79.878073,6.857664]]]}},{"type":"Feature","properties":{"id":2097.0,"fsi":0.4156,"gsi":0.4156,"osr":0.5844,"entropy":0.3439,"umi":0.3841,"landuse":"Residential","cent":0.1476},"geometry":{"type":"Polygon","coordinates":[[[79.878072,6.856944],[79.877623,6.856943],[79.877622,6.857395],[79.878074,6.857397],[79.878075,6.856971],[79.878072,6.856944]]]}},{"type":"Feature","properties":{"id":2098.0,"fsi":0.2305,"gsi":0.2305,"osr":0.7695,"entropy":0.3493,"umi":0.3631,"landuse":"Residential","cent":0.1569},"geometry":{"type":"Polygon","coordinates":[[[79.878072,6.856944],[79.878037,6.85665],[79.878017,6.856492],[79.877624,6.856491],[79.877623,6.856943],[79.878072,6.856944]]]}},{"type":"Feature","properties":{"id":2099.0,"fsi":0.3566,"gsi":0.3566,"osr":0.6434,"entropy":0.3976,"umi":0.4029,"landuse":"Residential","cent":0.2009},"geometry":{"type":"Polygon","coordinates":[[[79.877959,6.85604],[79.877625,6.856039],[79.877624,6.856491],[79.878017,6.856492],[79.877959,6.85604]]]}},{"type":"Feature","properties":{"id":2100.0,"fsi":0.2032,"gsi":0.2032,"osr":0.7968,"entropy":0.4215,"umi":0.4062,"landuse":"Residential","cent":0.2801},"geometry":{"type":"Polygon","coordinates":[[[79.877959,6.85604],[79.877899,6.855587],[79.877626,6.855587],[79.877625,6.856039],[79.877959,6.85604]]]}},{"type":"Feature","properties":{"id":2101.0,"fsi":0.0527,"gsi":0.0527,"osr":0.9473,"entropy":0.5422,"umi":0.4056,"landuse":"Residential","cent":0.2088},"geometry":{"type":"Polygon","coordinates":[[[79.877874,6.855406],[79.877837,6.855135],[79.877627,6.855134],[79.877626,6.855587],[79.877899,6.855587],[79.877874,6.855406]]]}},{"type":"Feature","properties":{"id":2102.0,"fsi":0.2847,"gsi":0.2847,"osr":0.7153,"entropy":0.4336,"umi":0.4053,"landuse":"Residential","cent":0.2088},"geometry":{"type":"Polygon","coordinates":[[[79.877789,6.854774],[79.877773,6.854683],[79.877628,6.854682],[79.877627,6.855134],[79.877837,6.855135],[79.877789,6.854774]]]}},{"type":"Feature","properties":{"id":2103.0,"fsi":0.1632,"gsi":0.1632,"osr":0.8368,"entropy":0.3602,"umi":0.37,"landuse":"Transport","cent":0.2166},"geometry":{"type":"Polygon","coordinates":[[[79.877737,6.854472],[79.877705,6.85423],[79.877629,6.85423],[79.877628,6.854682],[79.877773,6.854683],[79.877737,6.854472]]]}},{"type":"Feature","properties":{"id":2104.0,"fsi":0.0,"gsi":0.0,"osr":1.0,"entropy":0.2304,"umi":0.3095,"landuse":"Water","cent":0.207},"geometry":{"type":"Polygon","coordinates":[[[79.877646,6.853778],[79.87763,6.853778],[79.877629,6.85423],[79.877705,6.85423],[79.877646,6.853778]]]}},{"type":"Feature","properties":{"id":2105.0,"fsi":0.0,"gsi":0.0,"osr":1.0,"entropy":0.0,"umi":0.2434,"landuse":"Transport","cent":0.2046},"geometry":{"type":"Polygon","coordinates":[[[79.877637,6.853709],[79.87763,6.853665],[79.87763,6.853778],[79.877646,6.853778],[79.877637,6.853709]]]}},{"type":"Feature","properties":{"id":2148.0,"fsi":0.0,"gsi":0.0,"osr":1.0,"entropy":0.0,"umi":0.23,"landuse":"Water","cent":0.1414},"geometry":{"type":"Polygon","coordinates":[[[79.878123,6.857518],[79.878124,6.857397],[79.878074,6.857397],[79.878073,6.857664],[79.878123,6.857518]]]}},{"type":"Feature","properties":{"id":2149.0,"fsi":0.0,"gsi":0.0,"osr":1.0,"entropy":0.0,"umi":0.2304,"landuse":"Water","cent":0.1434},"geometry":{"type":"Polygon","coordinates":[[[79.878124,6.857368],[79.878075,6.856971],[79.878074,6.857397],[79.878124,6.857397],[79.878124,6.857368]]]}}]}